record_id,pmid,doi,source,year,journal,species,n_chunks
doi:10.1002/cche.10317,,10.1002/cche.10317,europe_pmc,2020,,Amaranthus caudatus; Chenopodium quinoa,5
doi:10.1002/cche.10382,,10.1002/cche.10382,europe_pmc,2021,,Lupinus mutabilis,5
doi:10.1002/csc2.21035,,10.1002/csc2.21035,europe_pmc,2024,,Solanum tuberosum,6
doi:10.1002/csc2.21223,,10.1002/csc2.21223,europe_pmc,2024,,Psidium guajava,4
doi:10.1002/fci2.70069,,10.1002/fci2.70069,semantic_scholar,2026,Food Chemistry International,Morinda citrifolia,5
doi:10.1002/ffj.3817,,10.1002/ffj.3817,semantic_scholar,2024,Flavour and Fragrance Journal,Schinus molle,7
doi:10.1002/jsfa.1691,,10.1002/jsfa.1691,europe_pmc,2004,,Tropaeolum tuberosum,5
doi:10.1002/jsfa.2529,,10.1002/jsfa.2529,europe_pmc,2006,,Oxalis tuberosa; Tropaeolum tuberosum; Ullucus tuberosus,5
doi:10.1002/jsfa.2719,,10.1002/jsfa.2719,europe_pmc,2007,,Tropaeolum tuberosum,5
doi:10.1002/vnl.22186,,10.1002/vnl.22186,semantic_scholar,2024,Journal of Vinyl and Additive Technology,Psidium guajava,4
doi:10.1007/s00217-022-04103-x,,10.1007/s00217-022-04103-x,europe_pmc,2023,,Chenopodium quinoa,4
doi:10.1007/s00217-023-04314-w,,10.1007/s00217-023-04314-w,europe_pmc,2024,,Opuntia ficus-indica,5
doi:10.1007/s00217-023-04340-8,,10.1007/s00217-023-04340-8,europe_pmc,2024,,Punica granatum,5
doi:10.1007/s00217-023-04344-4,,10.1007/s00217-023-04344-4,europe_pmc,2024,,Matricaria chamomilla,5
doi:10.1007/s00217-024-04466-3,,10.1007/s00217-024-04466-3,europe_pmc,2024,,Chenopodium quinoa,4
doi:10.1007/s00226-025-01640-y,,10.1007/s00226-025-01640-y,europe_pmc,2025,,Eucalyptus globulus,5
doi:10.1007/s00468-024-02497-7,,10.1007/s00468-024-02497-7,europe_pmc,2024,,Eucalyptus globulus,6
doi:10.1007/s10499-022-00900-z,,10.1007/s10499-022-00900-z,europe_pmc,2022,,Minthostachys mollis; Origanum vulgare,5
doi:10.1007/s10499-023-01094-8,,10.1007/s10499-023-01094-8,europe_pmc,2023,,Carica papaya,6
doi:10.1007/s10531-010-9984-9,,10.1007/s10531-010-9984-9,europe_pmc,2011,,Banisteriopsis caapi; Ilex guayusa,5
doi:10.1007/s10531-025-03018-9,,10.1007/s10531-025-03018-9,europe_pmc,2025,,Carica papaya; Psidium guajava,5
doi:10.1007/s10722-010-9597-x,,10.1007/s10722-010-9597-x,europe_pmc,2011,,Smallanthus sonchifolius,5
doi:10.1007/s10722-013-9968-1,,10.1007/s10722-013-9968-1,europe_pmc,2013,,Solanum tuberosum,5
doi:10.1007/s10722-016-0407-y,,10.1007/s10722-016-0407-y,europe_pmc,2017,,Oxalis tuberosa,5
doi:10.1007/s10722-017-0535-z,,10.1007/s10722-017-0535-z,europe_pmc,2017,,Bixa orellana,5
doi:10.1007/s10722-020-01094-0,,10.1007/s10722-020-01094-0,europe_pmc,2021,,Matricaria chamomilla,5
doi:10.1007/s10722-023-01625-5,,10.1007/s10722-023-01625-5,europe_pmc,2024,,Matricaria chamomilla,5
doi:10.1007/s10722-023-01685-7,,10.1007/s10722-023-01685-7,europe_pmc,2024,,Matricaria chamomilla,5
doi:10.1007/s11746-015-2717-1,,10.1007/s11746-015-2717-1,europe_pmc,2015,,Bixa orellana,5
doi:10.1007/s12161-024-02658-x,,10.1007/s12161-024-02658-x,semantic_scholar,2024,Food Analytical Methods,Mauritia flexuosa,6
doi:10.1007/s13399-023-04216-7,,10.1007/s13399-023-04216-7,semantic_scholar,2023,Biomass Conversion and Biorefinery,Psidium guajava,6
doi:10.1016/J.BJP.2018.10.005,,10.1016/J.BJP.2018.10.005,semantic_scholar,2019,Revista Brasileira de Farmacognosia,Schinus molle,4
doi:10.1016/J.EUJIM.2021.101290,,10.1016/J.EUJIM.2021.101290,semantic_scholar,2021,European Journal of Integrative Medicine,Psidium guajava,5
doi:10.1016/j.apsoil.2017.09.009,,10.1016/j.apsoil.2017.09.009,europe_pmc,2017,,Theobroma cacao,6
doi:10.1016/j.aquaculture.2016.04.024,,10.1016/j.aquaculture.2016.04.024,europe_pmc,2016,,Bixa orellana,9
doi:10.1016/j.aquaculture.2018.06.026,,10.1016/j.aquaculture.2018.06.026,europe_pmc,2018,,Bixa orellana,5
doi:10.1016/j.aquaculture.2022.738024,,10.1016/j.aquaculture.2022.738024,europe_pmc,2022,,Piper aduncum,4
doi:10.1016/j.compag.2018.05.021,,10.1016/j.compag.2018.05.021,europe_pmc,2018,,Physalis peruviana,4
doi:10.1016/j.cropro.2006.05.008,,10.1016/j.cropro.2006.05.008,europe_pmc,2007,,Tagetes minuta,4
doi:10.1016/j.cropro.2021.105575,,10.1016/j.cropro.2021.105575,europe_pmc,2021,,Tagetes minuta,5
doi:10.1016/j.fbp.2010.04.008,,10.1016/j.fbp.2010.04.008,europe_pmc,2011,,Uncaria tomentosa,4
doi:10.1016/j.fbp.2022.05.011,,10.1016/j.fbp.2022.05.011,europe_pmc,2022,,Theobroma cacao,4
doi:10.1016/j.fbp.2024.11.022,,10.1016/j.fbp.2024.11.022,europe_pmc,2025,,Passiflora edulis,5
doi:10.1016/j.foodchem.2009.09.087,,10.1016/j.foodchem.2009.09.087,europe_pmc,2010,,Amaranthus caudatus; Chenopodium pallidicaule; Chenopodium quinoa,3
doi:10.1016/j.foodchem.2010.01.037,,10.1016/j.foodchem.2010.01.037,europe_pmc,2010,,Myrciaria dubia,3
doi:10.1016/j.foodres.2007.02.005,,10.1016/j.foodres.2007.02.005,europe_pmc,2007,,Lepidium meyenii,4
doi:10.1016/j.foodres.2010.04.025,,10.1016/j.foodres.2010.04.025,europe_pmc,2010,,Mauritia flexuosa,4
doi:10.1016/j.foodres.2010.12.042,,10.1016/j.foodres.2010.12.042,europe_pmc,2011,,Physalis peruviana,3
doi:10.1016/j.foodres.2011.03.045,,10.1016/j.foodres.2011.03.045,europe_pmc,2011,,Myrciaria dubia,3
doi:10.1016/j.foodres.2013.07.025,,10.1016/j.foodres.2013.07.025,europe_pmc,2013,,Myrciaria dubia,4
doi:10.1016/j.foodres.2014.05.018,,10.1016/j.foodres.2014.05.018,europe_pmc,2014,,Myrciaria dubia,4
doi:10.1016/j.foodres.2015.06.028,,10.1016/j.foodres.2015.06.028,europe_pmc,2015,,Lepidium meyenii,4
doi:10.1016/j.foodres.2015.07.009,,10.1016/j.foodres.2015.07.009,europe_pmc,2015,,Myrciaria dubia,5
doi:10.1016/j.foodres.2015.07.020,,10.1016/j.foodres.2015.07.020,europe_pmc,2015,,Smallanthus sonchifolius,5
doi:10.1016/j.indcrop.2011.06.004,,10.1016/j.indcrop.2011.06.004,europe_pmc,2011,,Schinus molle,4
doi:10.1016/j.indcrop.2011.10.032,,10.1016/j.indcrop.2011.10.032,europe_pmc,2012,,Argemone mexicana,7
doi:10.1016/j.indcrop.2013.02.025,,10.1016/j.indcrop.2013.02.025,europe_pmc,2013,,Clinopodium bolivianum; Lupinus mutabilis; Sambucus peruviana; Tropaeolum tuberosum,4
doi:10.1016/j.indcrop.2013.06.021,,10.1016/j.indcrop.2013.06.021,europe_pmc,2013,,Lepidium meyenii,6
doi:10.1016/j.indcrop.2016.04.029,,10.1016/j.indcrop.2016.04.029,europe_pmc,2016,,Plukenetia volubilis,4
doi:10.1016/j.indcrop.2016.09.045,,10.1016/j.indcrop.2016.09.045,europe_pmc,2016,,Malva sylvestris,5
doi:10.1016/j.indcrop.2016.12.059,,10.1016/j.indcrop.2016.12.059,europe_pmc,2017,,Rosmarinus officinalis; Smallanthus sonchifolius,5
doi:10.1016/j.indcrop.2017.01.016,,10.1016/j.indcrop.2017.01.016,europe_pmc,2017,,Malva sylvestris,5
doi:10.1016/j.indcrop.2018.05.080,,10.1016/j.indcrop.2018.05.080,europe_pmc,2018,,Schinus molle,3
doi:10.1016/j.indcrop.2020.112330,,10.1016/j.indcrop.2020.112330,europe_pmc,2020,,Mauritia flexuosa,5
doi:10.1016/j.indcrop.2020.112394,,10.1016/j.indcrop.2020.112394,europe_pmc,2020,,Morinda citrifolia,6
doi:10.1016/j.indcrop.2020.112449,,10.1016/j.indcrop.2020.112449,europe_pmc,2020,,Tagetes minuta,6
doi:10.1016/j.indcrop.2020.112586,,10.1016/j.indcrop.2020.112586,europe_pmc,2020,,Morinda citrifolia,5
doi:10.1016/j.indcrop.2020.112589,,10.1016/j.indcrop.2020.112589,europe_pmc,2020,,Theobroma cacao,5
doi:10.1016/j.indcrop.2020.113181,,10.1016/j.indcrop.2020.113181,europe_pmc,2021,,Theobroma cacao,5
doi:10.1016/j.jaridenv.2012.03.004,,10.1016/j.jaridenv.2012.03.004,europe_pmc,2012,,Krameria lappacea,4
doi:10.1016/j.jcs.2008.10.003,,10.1016/j.jcs.2008.10.003,europe_pmc,2009,,Amaranthus caudatus,4
doi:10.1016/j.jcs.2018.07.004,,10.1016/j.jcs.2018.07.004,europe_pmc,2018,,Chenopodium pallidicaule; Chenopodium quinoa,5
doi:10.1016/j.jfca.2014.09.003,,10.1016/j.jfca.2014.09.003,europe_pmc,2015,,Amaranthus caudatus,4
doi:10.1016/j.jfca.2021.103875,,10.1016/j.jfca.2021.103875,europe_pmc,2022,,Lupinus mutabilis,4
doi:10.1016/j.jfca.2021.103917,,10.1016/j.jfca.2021.103917,europe_pmc,2022,,Lepidium meyenii,4
doi:10.1016/j.lwt.2015.04.060,,10.1016/j.lwt.2015.04.060,europe_pmc,2015,,Physalis peruviana,5
doi:10.1016/j.lwt.2016.07.038,,10.1016/j.lwt.2016.07.038,europe_pmc,2017,,Amaranthus caudatus,5
doi:10.1016/j.lwt.2017.05.007,,10.1016/j.lwt.2017.05.007,europe_pmc,2017,,Physalis peruviana,4
doi:10.1016/j.lwt.2020.109217,,10.1016/j.lwt.2020.109217,europe_pmc,2020,,Smallanthus sonchifolius,4
doi:10.1016/j.lwt.2021.111814,,10.1016/j.lwt.2021.111814,europe_pmc,2021,,Opuntia ficus-indica,5
doi:10.1016/j.lwt.2022.113256,,10.1016/j.lwt.2022.113256,europe_pmc,2022,,Chenopodium quinoa,4
doi:10.1016/j.pmpp.2021.101778,,10.1016/j.pmpp.2021.101778,europe_pmc,2022,,Carica papaya,5
doi:10.1016/j.tifs.2019.05.008,,10.1016/j.tifs.2019.05.008,europe_pmc,2019,,Calendula officinalis,5
doi:10.1016/s2221-1691(13)60166-5,,10.1016/s2221-1691(13)60166-5,europe_pmc,2013,,Physalis peruviana,5
doi:10.1051/bioconf/202515404002,,10.1051/bioconf/202515404002,semantic_scholar,2025,BIO Web of Conferences,Morinda citrifolia,4
doi:10.1080/10412905.2006.9699114,,10.1080/10412905.2006.9699114,europe_pmc,2006,,Tagetes minuta,4
doi:10.1080/10412905.2009.9700204,,10.1080/10412905.2009.9700204,europe_pmc,2009,,Satureja boliviana,4
doi:10.1080/10496475.2020.1748159,,10.1080/10496475.2020.1748159,semantic_scholar,2020,"Journal of Herbs, Spices & Medicinal Plants",Morinda citrifolia,4
doi:10.1080/10942912.2016.1274905,,10.1080/10942912.2016.1274905,europe_pmc,2017,,Lepidium meyenii,5
doi:10.1080/21580103.2024.2350497,,10.1080/21580103.2024.2350497,semantic_scholar,2024,Forest Science and Technology,Cinchona officinalis,5
doi:10.1080/23311932.2025.2451062,,10.1080/23311932.2025.2451062,semantic_scholar,2025,Cogent Food & Agriculture,Mauritia flexuosa; Myrciaria dubia,4
doi:10.1080/87559129.2011.563391,,10.1080/87559129.2011.563391,europe_pmc,2011,,Physalis peruviana,3
doi:10.1088/1755-1315/1356/1/012092,,10.1088/1755-1315/1356/1/012092,semantic_scholar,2024,IOP Conference Series: Earth and Environmental Science,Morinda citrifolia,3
doi:10.1088/1755-1315/1482/1/012002,,10.1088/1755-1315/1482/1/012002,semantic_scholar,2025,IOP Conference Series: Earth and Environmental Science,Morinda citrifolia,4
doi:10.1088/1755-1315/475/1/012077,,10.1088/1755-1315/475/1/012077,semantic_scholar,2020,IOP Conference Series: Earth and Environmental Science,Morinda citrifolia,4
doi:10.1089/ind.2021.0005,,10.1089/ind.2021.0005,semantic_scholar,2021,Industrial Biotechnology,Mauritia flexuosa,4
doi:10.1094/pdis-04-18-0706-pdn,,10.1094/pdis-04-18-0706-pdn,europe_pmc,2019,,Passiflora edulis,10
doi:10.1094/pdis-06-18-1013-pdn,,10.1094/pdis-06-18-1013-pdn,europe_pmc,2019,,Bixa orellana,9
doi:10.1094/pdis-06-19-1312-pdn,,10.1094/pdis-06-19-1312-pdn,europe_pmc,2020,,Plukenetia volubilis,7
doi:10.1094/pdis-11-18-2026-pdn,,10.1094/pdis-11-18-2026-pdn,europe_pmc,2019,,Bixa orellana,8
doi:10.1099/acmi.0.000875.v1,,10.1099/acmi.0.000875.v1,europe_pmc,2024,,Punica granatum,6
doi:10.1101/2020.11.09.372201,,10.1101/2020.11.09.372201,europe_pmc,2020,,Uncaria tomentosa,5
doi:10.1101/2020.12.08.416065,,10.1101/2020.12.08.416065,europe_pmc,2020,,Opuntia ficus-indica,5
doi:10.1101/2021.06.16.448740,,10.1101/2021.06.16.448740,europe_pmc,2021,,Banisteriopsis caapi,5
doi:10.1101/2021.07.06.451318,,10.1101/2021.07.06.451318,europe_pmc,2021,,Cinchona officinalis,5
doi:10.1101/2021.09.10.459100,,10.1101/2021.09.10.459100,europe_pmc,2021,,Cinchona officinalis,10
doi:10.1101/2022.12.22.521558,,10.1101/2022.12.22.521558,europe_pmc,2022,,Taraxacum officinale,4
doi:10.1101/2023.01.30.526355,,10.1101/2023.01.30.526355,europe_pmc,2023,,Morinda citrifolia,11
doi:10.1101/2023.11.06.565860,,10.1101/2023.11.06.565860,europe_pmc,2023,,Cinchona officinalis; Psidium guajava,15
doi:10.1101/2024.07.19.603849,,10.1101/2024.07.19.603849,europe_pmc,2024,,Punica granatum,5
doi:10.1101/2024.09.29.615697,,10.1101/2024.09.29.615697,europe_pmc,2024,,Carica papaya,5
doi:10.1101/2025.01.11.632544,,10.1101/2025.01.11.632544,europe_pmc,2025,,Calendula officinalis,4
doi:10.1101/2025.06.17.660060,,10.1101/2025.06.17.660060,europe_pmc,2025,,Aloe vera,5
doi:10.1101/2025.06.17.660207,,10.1101/2025.06.17.660207,europe_pmc,2025,,Aloe vera,6
doi:10.1101/2025.08.07.669139,,10.1101/2025.08.07.669139,europe_pmc,2025,,Eucalyptus globulus,6
doi:10.1101/2025.09.19.677269,,10.1101/2025.09.19.677269,europe_pmc,2025,,Uncaria tomentosa,5
doi:10.1101/2025.11.26.690871,,10.1101/2025.11.26.690871,europe_pmc,2025,,Aloe vera,4
doi:10.1101/647552,,10.1101/647552,europe_pmc,2019,,Annona muricata,4
doi:10.1111/are.14813,,10.1111/are.14813,europe_pmc,2020,,Copaifera paupera,5
doi:10.1111/cuag.70011,,10.1111/cuag.70011,semantic_scholar,2025,"Culture, Agriculture, Food and Environment",Cinchona officinalis,6
doi:10.1111/j.1745-4514.2011.00557.x,,10.1111/j.1745-4514.2011.00557.x,europe_pmc,2012,,Tagetes minuta,7
doi:10.1111/jfpp.12320,,10.1111/jfpp.12320,europe_pmc,2015,,Physalis peruviana,6
doi:10.1111/jfpp.12535,,10.1111/jfpp.12535,europe_pmc,2015,,Physalis peruviana,5
doi:10.1111/jfpp.14969,,10.1111/jfpp.14969,europe_pmc,2020,,Plukenetia volubilis,6
doi:10.1111/jwas.12483,,10.1111/jwas.12483,europe_pmc,2018,,Uncaria tomentosa,4
doi:10.11113/MJFAS.V14N1-2.996,,10.11113/MJFAS.V14N1-2.996,semantic_scholar,2018,Malaysian Journal of Fundamental and Applied Sciences,Morinda citrifolia,3
doi:10.1117/12.2633167,,10.1117/12.2633167,semantic_scholar,2022,,Cinchona officinalis,4
doi:10.1117/12.3065855,,10.1117/12.3065855,semantic_scholar,2025,,Cinchona officinalis,4
doi:10.1155/2020/3180634,,10.1155/2020/3180634,europe_pmc,2020,,Annona muricata,5
doi:10.1155/2023/1360608,,10.1155/2023/1360608,semantic_scholar,2023,International Journal of Agronomy,Cinchona officinalis,5
doi:10.1155/2024/7605531,,10.1155/2024/7605531,semantic_scholar,2024,Journal of Food Processing and Preservation,Morinda citrifolia,5
doi:10.1155/jfpp/9734407,,10.1155/jfpp/9734407,semantic_scholar,2026,Journal of Food Processing and Preservation,Mauritia flexuosa,5
doi:10.11648/j.jdmp.20200602.14,,10.11648/j.jdmp.20200602.14,semantic_scholar,2020,Journal of Diseases and Medicinal Plants,Psidium guajava,5
doi:10.1177/1934578X241259021,,10.1177/1934578X241259021,semantic_scholar,2024,Natural Product Communications,Calendula officinalis,5
doi:10.1177/1934578X251389372,,10.1177/1934578X251389372,semantic_scholar,2025,Natural Product Communications,Psidium guajava,6
doi:10.12688/f1000research.108549.1,,10.12688/f1000research.108549.1,europe_pmc,2022,,Erythroxylum coca,3
doi:10.12688/f1000research.128048.1,,10.12688/f1000research.128048.1,europe_pmc,2022,,Theobroma cacao,5
doi:10.12688/f1000research.137769.1,,10.12688/f1000research.137769.1,europe_pmc,2023,,Chenopodium quinoa; Plukenetia volubilis,7
doi:10.12688/f1000research.141463.1,,10.12688/f1000research.141463.1,semantic_scholar,2023,F1000Research,Plantago major,6
doi:10.12688/f1000research.14575.1,,10.12688/f1000research.14575.1,europe_pmc,2018,,Croton lechleri,6
doi:10.12688/f1000research.157091.2,,10.12688/f1000research.157091.2,europe_pmc,2025,,Aloe vera,4
doi:10.12688/f1000research.18997.1,,10.12688/f1000research.18997.1,europe_pmc,2019,,Mauritia flexuosa; Theobroma cacao,6
doi:10.12688/f1000research.19151.1,,10.12688/f1000research.19151.1,europe_pmc,2019,,Mauritia flexuosa,6
doi:10.12692/ijb/18.5.86-99,,10.12692/ijb/18.5.86-99,semantic_scholar,2021,International Journal of Biosciences (IJB),Schinus molle,6
doi:10.12692/ijb/27.3.129-135,,10.12692/ijb/27.3.129-135,semantic_scholar,2025,International Journal of Biosciences (IJB),Psidium guajava,4
doi:10.12692/jbes/27.3.57-63,,10.12692/jbes/27.3.57-63,semantic_scholar,2025,Journal of Biodiversity and Environmental Sciences (JBES),Psidium guajava,4
doi:10.12731/2658-6649-2025-17-4-1213,,10.12731/2658-6649-2025-17-4-1213,semantic_scholar,2025,Siberian Journal of Life Sciences and Agriculture,Calendula officinalis,13
doi:10.1300/j064v26n03_06,,10.1300/j064v26n03_06,europe_pmc,2005,,Amaranthus caudatus,4
doi:10.13005/bpj/2924,,10.13005/bpj/2924,semantic_scholar,2024,Biomedical and Pharmacology Journal,Psidium guajava,6
doi:10.14233/AJCHEM.2021.22976,,10.14233/AJCHEM.2021.22976,semantic_scholar,2021,Asian Journal of Chemistry,Plantago major,4
doi:10.14258/jcprm.201504820,,10.14258/jcprm.201504820,semantic_scholar,2015,,Calendula officinalis; Plantago major,6
doi:10.14419/ijac.v10i1.31931,,10.14419/ijac.v10i1.31931,semantic_scholar,2022,International Journal of Advanced Chemistry,Psidium guajava,6
doi:10.14450/2318-9312.V28.E1.A2016.PP33-39,,10.14450/2318-9312.V28.E1.A2016.PP33-39,semantic_scholar,2016,,Plantago major,3
doi:10.14710/jitaa.50.4.269-280,,10.14710/jitaa.50.4.269-280,semantic_scholar,2025,Journal of the Indonesian Tropical Animal Agriculture,Morinda citrifolia,4
doi:10.14808/SCI.PLENA.2020.111501,,10.14808/SCI.PLENA.2020.111501,semantic_scholar,2020,Scientia Plena,Mauritia flexuosa,4
doi:10.15381/OS.V13I2.2853,,10.15381/OS.V13I2.2853,semantic_scholar,2014,,Plantago major,5
doi:10.15381/rivep.v37i1.30790,,10.15381/rivep.v37i1.30790,semantic_scholar,2026,Revista de Investigaciones Veterinarias del Perú,Achyrocline alata; Aloe vera; Oenothera rosea; Plantago major,4
doi:10.15446/rfnam.v77n1.107836,,10.15446/rfnam.v77n1.107836,semantic_scholar,2024,Revista Facultad Nacional de Agronomía Medellín,Cinchona officinalis,6
doi:10.15517/RBT.V65I4.27153,,10.15517/RBT.V65I4.27153,semantic_scholar,2017,Revista De Biologia Tropical,Schinus molle,6
doi:10.1556/2054.2022.00220,,10.1556/2054.2022.00220,semantic_scholar,2022,Journal of Psychedelic Studies,Erythroxylum coca,5
doi:10.15562/bmj.v11i2.3119,,10.15562/bmj.v11i2.3119,semantic_scholar,2022,Bali Medical Journal,Morinda citrifolia,4
doi:10.15562/bmj.v11i3.3534,,10.15562/bmj.v11i3.3534,semantic_scholar,2022,Bali Medical Journal,Morinda citrifolia,4
doi:10.15666/aeer/2105_47954806,,10.15666/aeer/2105_47954806,semantic_scholar,2023,Applied Ecology and Environmental Research,Tagetes minuta,4
doi:10.15832/ankutbd.1460437,,10.15832/ankutbd.1460437,semantic_scholar,2025,Journal of Agricultural Sciences,Psidium guajava,5
doi:10.15835/nbha53114505,,10.15835/nbha53114505,semantic_scholar,2025,Notulae Botanicae Horti Agrobotanici Cluj-Napoca,Polylepis rugulosa; Solanum tuberosum,7
doi:10.1590/1809-43921988185121,,10.1590/1809-43921988185121,semantic_scholar,1988,Acta Amazonica,Passiflora edulis; Tagetes minuta,3
doi:10.1590/1981-6723.29619,,10.1590/1981-6723.29619,semantic_scholar,2020,Brazilian Journal of Food Technology,Mauritia flexuosa,3
doi:10.1590/2179-8087.050217,,10.1590/2179-8087.050217,semantic_scholar,2020,Floresta e Ambiente,Schinus molle,9
doi:10.1590/S0100-40422012000400022,,10.1590/S0100-40422012000400022,semantic_scholar,2012,Química Nova,Mauritia flexuosa,3
doi:10.1590/S1413-70542008000600011,,10.1590/S1413-70542008000600011,semantic_scholar,2008,Ciencia E Agrotecnologia,Plantago major,3
doi:10.1590/S1984-82502016000300001,,10.1590/S1984-82502016000300001,semantic_scholar,2016,Brazilian Journal of Pharmaceutical Sciences,Schinus molle,5
doi:10.1590/s2175-97902019000417419,,10.1590/s2175-97902019000417419,semantic_scholar,2020,Brazilian Journal of Pharmaceutical Sciences,Verbena litoralis,5
doi:10.1590/s2175-97902025e24143,,10.1590/s2175-97902025e24143,semantic_scholar,2025,Brazilian Journal of Pharmaceutical Sciences,Plantago major,5
doi:10.17268/sci.agropecu.2020.01.01,,10.17268/sci.agropecu.2020.01.01,semantic_scholar,2020,Scientia Agropecuaria,Caesalpinia spinosa; Chenopodium quinoa; Juglans neotropica; Minthostachys mollis; Solanum tuberosum,4
doi:10.17268/sci.agropecu.2022.028,,10.17268/sci.agropecu.2022.028,semantic_scholar,2022,Scientia Agropecuaria,Tagetes elliptica,5
doi:10.17533/udea.acbi.331560,,10.17533/udea.acbi.331560,semantic_scholar,2018,Actualidades Biológicas,Plantago major; Verbena litoralis,3
doi:10.17576/jsm-2025-5404-12,,10.17576/jsm-2025-5404-12,semantic_scholar,2025,Sains Malaysiana,Morinda citrifolia,5
doi:10.18041/1794-7200/criteriojuridico.2017.v14n1.1601,,10.18041/1794-7200/criteriojuridico.2017.v14n1.1601,semantic_scholar,2017,Criterio Libre Jurídico,Erythroxylum coca,4
doi:10.18067/jbfs.v7i1.279,,10.18067/jbfs.v7i1.279,semantic_scholar,2020,Journal of Bioenergy and Food Science,Mauritia flexuosa,4
doi:10.18311/jnr/2024/33868,,10.18311/jnr/2024/33868,semantic_scholar,2024,Journal of Natural Remedies,Morinda citrifolia,5
doi:10.18311/jnr/2024/36164,,10.18311/jnr/2024/36164,semantic_scholar,2024,Journal of Natural Remedies,Psidium guajava,5
doi:10.18311/jnr/2025/45190,,10.18311/jnr/2025/45190,semantic_scholar,2025,Journal of Natural Remedies,Rosmarinus officinalis,6
doi:10.18549/pharmpract.2025.2.3160,,10.18549/pharmpract.2025.2.3160,semantic_scholar,2025,Pharmacy Practice,Plantago major,7
doi:10.18579/jopcr/v24.i4.153,,10.18579/jopcr/v24.i4.153,semantic_scholar,2025,Journal of Pharmaceutical Research,Psidium guajava,6
doi:10.18636/bioneotropical.v7i1.123,,10.18636/bioneotropical.v7i1.123,semantic_scholar,2017,,Verbena litoralis,5
doi:10.19277/bbr.pht.23.373,,10.19277/bbr.pht.23.373,semantic_scholar,2026,Biomedical and Biopharmaceutical Research,Mauritia flexuosa,4
doi:10.20868/upm.thesis.39541,,10.20868/upm.thesis.39541,semantic_scholar,2016,,Cinchona officinalis,19
doi:10.20944/preprints202006.0326.v1,,10.20944/preprints202006.0326.v1,europe_pmc,2020,,Uncaria tomentosa,5
doi:10.20944/preprints202112.0089.v1,,10.20944/preprints202112.0089.v1,europe_pmc,2021,,Carica papaya,4
doi:10.20944/preprints202211.0420.v1,,10.20944/preprints202211.0420.v1,europe_pmc,2022,,Psidium guajava,3
doi:10.20944/preprints202303.0054.v1,,10.20944/preprints202303.0054.v1,europe_pmc,2023,,Calendula officinalis; Malva sylvestris; Rosmarinus officinalis,6
doi:10.20944/preprints202303.0098.v2,,10.20944/preprints202303.0098.v2,europe_pmc,2023,,Psidium guajava,4
doi:10.20944/preprints202304.0758.v1,,10.20944/preprints202304.0758.v1,europe_pmc,2023,,Calendula officinalis,4
doi:10.20944/preprints202305.0405.v1,,10.20944/preprints202305.0405.v1,europe_pmc,2023,,Psidium guajava,4
doi:10.20944/preprints202305.1669.v1,,10.20944/preprints202305.1669.v1,europe_pmc,2023,,Caesalpinia spinosa; Schinus molle,5
doi:10.20944/preprints202307.0485.v1,,10.20944/preprints202307.0485.v1,europe_pmc,2023,,Matricaria chamomilla,6
doi:10.20944/preprints202307.1305.v1,,10.20944/preprints202307.1305.v1,europe_pmc,2023,,Bixa orellana,4
doi:10.20944/preprints202308.1553.v1,,10.20944/preprints202308.1553.v1,europe_pmc,2023,,Punica granatum,4
doi:10.20944/preprints202309.0895.v1,,10.20944/preprints202309.0895.v1,europe_pmc,2023,,Opuntia ficus-indica,4
doi:10.20944/preprints202309.1402.v1,,10.20944/preprints202309.1402.v1,europe_pmc,2023,,Aloe vera; Clinopodium bolivianum; Matricaria chamomilla; Minthostachys mollis,5
doi:10.20944/preprints202310.0019.v1,,10.20944/preprints202310.0019.v1,europe_pmc,2023,,Punica granatum,5
doi:10.20944/preprints202310.0051.v1,,10.20944/preprints202310.0051.v1,europe_pmc,2023,,Bixa orellana; Myrciaria dubia,5
doi:10.20944/preprints202310.0631.v1,,10.20944/preprints202310.0631.v1,europe_pmc,2023,,Punica granatum,7
doi:10.20944/preprints202312.0294.v1,,10.20944/preprints202312.0294.v1,europe_pmc,2023,,Matricaria chamomilla,5
doi:10.20944/preprints202401.1358.v1,,10.20944/preprints202401.1358.v1,europe_pmc,2024,,Psidium guajava,6
doi:10.20944/preprints202401.1906.v1,,10.20944/preprints202401.1906.v1,europe_pmc,2024,,Punica granatum,4
doi:10.20944/preprints202402.0362.v1,,10.20944/preprints202402.0362.v1,europe_pmc,2024,,Opuntia ficus-indica,7
doi:10.20944/preprints202406.1591.v1,,10.20944/preprints202406.1591.v1,europe_pmc,2024,,Matricaria chamomilla,4
doi:10.20944/preprints202407.2420.v1,,10.20944/preprints202407.2420.v1,europe_pmc,2024,,Punica granatum,8
doi:10.20944/preprints202409.0317.v1,,10.20944/preprints202409.0317.v1,europe_pmc,2024,,Mauritia flexuosa,6
doi:10.20944/preprints202409.2332.v1,,10.20944/preprints202409.2332.v1,europe_pmc,2024,,Mauritia flexuosa,6
doi:10.20944/preprints202410.2348.v1,,10.20944/preprints202410.2348.v1,europe_pmc,2024,,Bixa orellana,5
doi:10.20944/preprints202411.0349.v1,,10.20944/preprints202411.0349.v1,europe_pmc,2024,,Bixa orellana,4
doi:10.20944/preprints202412.0400.v1,,10.20944/preprints202412.0400.v1,europe_pmc,2024,,Theobroma cacao,5
doi:10.20944/preprints202412.2534.v1,,10.20944/preprints202412.2534.v1,europe_pmc,2024,,Annona muricata,6
doi:10.20944/preprints202501.1828.v1,,10.20944/preprints202501.1828.v1,europe_pmc,2025,,Taraxacum officinale,8
doi:10.20944/preprints202501.2215.v1,,10.20944/preprints202501.2215.v1,europe_pmc,2025,,Clinopodium bolivianum,4
doi:10.20944/preprints202503.0757.v1,,10.20944/preprints202503.0757.v1,europe_pmc,2025,,Taraxacum officinale,7
doi:10.20944/preprints202504.0092.v1,,10.20944/preprints202504.0092.v1,europe_pmc,2025,,Bixa orellana,5
doi:10.20944/preprints202504.0463.v1,,10.20944/preprints202504.0463.v1,europe_pmc,2025,,Aloe vera,5
doi:10.20944/preprints202504.1444.v1,,10.20944/preprints202504.1444.v1,europe_pmc,2025,,Eucalyptus globulus,5
doi:10.20944/preprints202506.0115.v1,,10.20944/preprints202506.0115.v1,europe_pmc,2025,,Solanum tuberosum,4
doi:10.20944/preprints202507.1830.v1,,10.20944/preprints202507.1830.v1,europe_pmc,2025,,Mauritia flexuosa,4
doi:10.20944/preprints202508.0834.v1,,10.20944/preprints202508.0834.v1,europe_pmc,2025,,Oxalis tuberosa; Solanum tuberosum; Ullucus tuberosus,5
doi:10.20944/preprints202508.1121.v1,,10.20944/preprints202508.1121.v1,europe_pmc,2025,,Passiflora edulis,4
doi:10.20944/preprints202508.1378.v1,,10.20944/preprints202508.1378.v1,europe_pmc,2025,,Aloe vera,6
doi:10.20944/preprints202509.0492.v1,,10.20944/preprints202509.0492.v1,europe_pmc,2025,,Matricaria chamomilla,5
doi:10.20944/preprints202509.1776.v1,,10.20944/preprints202509.1776.v1,europe_pmc,2025,,Theobroma cacao,5
doi:10.20944/preprints202510.0632.v1,,10.20944/preprints202510.0632.v1,europe_pmc,2025,,Matricaria chamomilla,5
doi:10.20944/preprints202512.2076.v1,,10.20944/preprints202512.2076.v1,europe_pmc,2025,,Bixa orellana,4
doi:10.20944/preprints202601.1771.v1,,10.20944/preprints202601.1771.v1,europe_pmc,2026,,Aloe vera; Calendula officinalis,6
doi:10.20944/preprints202602.0435.v1,,10.20944/preprints202602.0435.v1,europe_pmc,2026,,Carica papaya,5
doi:10.20944/preprints202603.0662.v1,,10.20944/preprints202603.0662.v1,europe_pmc,2026,,Punica granatum,3
doi:10.20944/preprints202603.1603.v1,,10.20944/preprints202603.1603.v1,europe_pmc,2026,,Opuntia ficus-indica,5
doi:10.20944/preprints202604.1486.v1,,10.20944/preprints202604.1486.v1,europe_pmc,2026,,Piper aduncum,5
doi:10.20944/preprints202604.1599.v1,,10.20944/preprints202604.1599.v1,europe_pmc,2026,,Punica granatum; Rosmarinus officinalis,6
doi:10.20944/preprints202605.0244.v1,,10.20944/preprints202605.0244.v1,europe_pmc,2026,,Calendula officinalis,5
doi:10.21142/tl.2025.4419,,10.21142/tl.2025.4419,semantic_scholar,,,Plantago major; Verbena litoralis,6
doi:10.21203/rs.3.rs-105301/v2,,10.21203/rs.3.rs-105301/v2,europe_pmc,2022,,Carica papaya,4
doi:10.21203/rs.3.rs-1221358/v1,,10.21203/rs.3.rs-1221358/v1,europe_pmc,2022,,Erythroxylum coca,2
doi:10.21203/rs.3.rs-1238803/v3,,10.21203/rs.3.rs-1238803/v3,europe_pmc,2022,,Uncaria tomentosa,3
doi:10.21203/rs.3.rs-124749/v2,,10.21203/rs.3.rs-124749/v2,europe_pmc,2020,,Matricaria chamomilla,9
doi:10.21203/rs.3.rs-1488923/v1,,10.21203/rs.3.rs-1488923/v1,europe_pmc,2022,,Chenopodium quinoa,5
doi:10.21203/rs.3.rs-1547355/v1,,10.21203/rs.3.rs-1547355/v1,europe_pmc,2022,,Morinda citrifolia,5
doi:10.21203/rs.3.rs-1568947/v1,,10.21203/rs.3.rs-1568947/v1,europe_pmc,2022,,Opuntia ficus-indica,7
doi:10.21203/rs.3.rs-1773246/v1,,10.21203/rs.3.rs-1773246/v1,europe_pmc,2022,,Calendula officinalis,6
doi:10.21203/rs.3.rs-2266658/v1,,10.21203/rs.3.rs-2266658/v1,europe_pmc,2022,,Aloe vera; Calendula officinalis,7
doi:10.21203/rs.3.rs-2325093/v1,,10.21203/rs.3.rs-2325093/v1,europe_pmc,2023,,Annona muricata,7
doi:10.21203/rs.3.rs-2339675/v1,,10.21203/rs.3.rs-2339675/v1,europe_pmc,2022,,Argemone mexicana,6
doi:10.21203/rs.3.rs-2480381/v1,,10.21203/rs.3.rs-2480381/v1,europe_pmc,2023,,Eucalyptus globulus,6
doi:10.21203/rs.3.rs-25297/v1,,10.21203/rs.3.rs-25297/v1,europe_pmc,2020,,Passiflora edulis,7
doi:10.21203/rs.3.rs-2735549/v1,,10.21203/rs.3.rs-2735549/v1,europe_pmc,2023,,Eucalyptus globulus,7
doi:10.21203/rs.3.rs-2833983/v1,,10.21203/rs.3.rs-2833983/v1,europe_pmc,2023,,Chenopodium quinoa,6
doi:10.21203/rs.3.rs-2838694/v1,,10.21203/rs.3.rs-2838694/v1,europe_pmc,2023,,Morinda citrifolia,7
doi:10.21203/rs.3.rs-3001583/v1,,10.21203/rs.3.rs-3001583/v1,europe_pmc,2023,,Carica papaya,6
doi:10.21203/rs.3.rs-3025814/v1,,10.21203/rs.3.rs-3025814/v1,europe_pmc,2023,,Passiflora edulis,4
doi:10.21203/rs.3.rs-3054989/v1,,10.21203/rs.3.rs-3054989/v1,europe_pmc,2023,,Taraxacum officinale,6
doi:10.21203/rs.3.rs-3143306/v1,,10.21203/rs.3.rs-3143306/v1,europe_pmc,2023,,Chenopodium quinoa,5
doi:10.21203/rs.3.rs-3188025/v1,,10.21203/rs.3.rs-3188025/v1,europe_pmc,2023,,Carica papaya,7
doi:10.21203/rs.3.rs-3268401/v1,,10.21203/rs.3.rs-3268401/v1,europe_pmc,2023,,Physalis peruviana,4
doi:10.21203/rs.3.rs-3275703/v1,,10.21203/rs.3.rs-3275703/v1,europe_pmc,2023,,Carica papaya,6
doi:10.21203/rs.3.rs-3334704/v1,,10.21203/rs.3.rs-3334704/v1,europe_pmc,2023,,Psidium guajava,4
doi:10.21203/rs.3.rs-3497894/v1,,10.21203/rs.3.rs-3497894/v1,europe_pmc,2023,,Psidium guajava,6
doi:10.21203/rs.3.rs-3531562/v1,,10.21203/rs.3.rs-3531562/v1,europe_pmc,2023,,Annona muricata,5
doi:10.21203/rs.3.rs-3638443/v1,,10.21203/rs.3.rs-3638443/v1,europe_pmc,2023,,Smallanthus sonchifolius,4
doi:10.21203/rs.3.rs-3667028/v1,,10.21203/rs.3.rs-3667028/v1,europe_pmc,2023,,Carica papaya,6
doi:10.21203/rs.3.rs-3913517/v1,,10.21203/rs.3.rs-3913517/v1,europe_pmc,2024,,Chenopodium quinoa,5
doi:10.21203/rs.3.rs-4019815/v1,,10.21203/rs.3.rs-4019815/v1,europe_pmc,2024,,Theobroma cacao,7
doi:10.21203/rs.3.rs-4186847/v1,,10.21203/rs.3.rs-4186847/v1,europe_pmc,2024,,Punica granatum,8
doi:10.21203/rs.3.rs-42747/v1,,10.21203/rs.3.rs-42747/v1,europe_pmc,2020,,Eucalyptus globulus; Psidium guajava,6
doi:10.21203/rs.3.rs-4331574/v1,,10.21203/rs.3.rs-4331574/v1,europe_pmc,2024,,Morinda citrifolia,5
doi:10.21203/rs.3.rs-4384593/v1,,10.21203/rs.3.rs-4384593/v1,europe_pmc,2024,,Ilex guayusa,6
doi:10.21203/rs.3.rs-478388/v1,,10.21203/rs.3.rs-478388/v1,europe_pmc,2021,,Ilex guayusa,5
doi:10.21203/rs.3.rs-4809894/v1,,10.21203/rs.3.rs-4809894/v1,europe_pmc,2024,,Annona muricata,8
doi:10.21203/rs.3.rs-4849950/v1,,10.21203/rs.3.rs-4849950/v1,europe_pmc,2024,,Punica granatum,5
doi:10.21203/rs.3.rs-4947309/v1,,10.21203/rs.3.rs-4947309/v1,europe_pmc,2024,,Carica papaya,6
doi:10.21203/rs.3.rs-5008254/v1,,10.21203/rs.3.rs-5008254/v1,europe_pmc,2024,,Psidium guajava,5
doi:10.21203/rs.3.rs-5014702/v1,,10.21203/rs.3.rs-5014702/v1,europe_pmc,2024,,Bixa orellana,6
doi:10.21203/rs.3.rs-5102015/v1,,10.21203/rs.3.rs-5102015/v1,europe_pmc,2024,,Punica granatum,6
doi:10.21203/rs.3.rs-5106710/v1,,10.21203/rs.3.rs-5106710/v1,europe_pmc,2024,,Opuntia ficus-indica,5
doi:10.21203/rs.3.rs-5165999/v1,,10.21203/rs.3.rs-5165999/v1,europe_pmc,2024,,Carica papaya,7
doi:10.21203/rs.3.rs-5321019/v1,,10.21203/rs.3.rs-5321019/v1,europe_pmc,2024,,Matricaria chamomilla,5
doi:10.21203/rs.3.rs-5347319/v1,,10.21203/rs.3.rs-5347319/v1,europe_pmc,2024,,Aloe vera,5
doi:10.21203/rs.3.rs-5405462/v1,,10.21203/rs.3.rs-5405462/v1,europe_pmc,2024,,Annona muricata,4
doi:10.21203/rs.3.rs-5436954/v1,,10.21203/rs.3.rs-5436954/v1,europe_pmc,2024,,Carica papaya,7
doi:10.21203/rs.3.rs-5845050/v1,,10.21203/rs.3.rs-5845050/v1,europe_pmc,2025,,Physalis peruviana,5
doi:10.21203/rs.3.rs-6009720/v1,,10.21203/rs.3.rs-6009720/v1,europe_pmc,2025,,Passiflora edulis,5
doi:10.21203/rs.3.rs-6177893/v1,,10.21203/rs.3.rs-6177893/v1,europe_pmc,2025,,Aloe vera,5
doi:10.21203/rs.3.rs-6472833/v1,,10.21203/rs.3.rs-6472833/v1,europe_pmc,2025,,Lepidium meyenii,5
doi:10.21203/rs.3.rs-6558260/v1,,10.21203/rs.3.rs-6558260/v1,europe_pmc,2025,,Carica papaya,4
doi:10.21203/rs.3.rs-6593023/v1,,10.21203/rs.3.rs-6593023/v1,europe_pmc,2025,,Aloe vera,7
doi:10.21203/rs.3.rs-6693736/v1,,10.21203/rs.3.rs-6693736/v1,europe_pmc,2025,,Matricaria chamomilla,4
doi:10.21203/rs.3.rs-6833708/v1,,10.21203/rs.3.rs-6833708/v1,europe_pmc,2025,,Passiflora edulis,6
doi:10.21203/rs.3.rs-6955217/v1,,10.21203/rs.3.rs-6955217/v1,europe_pmc,2025,,Aloe vera,6
doi:10.21203/rs.3.rs-6965141/v1,,10.21203/rs.3.rs-6965141/v1,europe_pmc,2025,,Psidium guajava,4
doi:10.21203/rs.3.rs-6983468/v1,,10.21203/rs.3.rs-6983468/v1,europe_pmc,2025,,Punica granatum,5
doi:10.21203/rs.3.rs-7254158/v1,,10.21203/rs.3.rs-7254158/v1,europe_pmc,2025,,Solanum tuberosum,6
doi:10.21203/rs.3.rs-7332209/v1,,10.21203/rs.3.rs-7332209/v1,europe_pmc,2025,,Aloe vera,5
doi:10.21203/rs.3.rs-7337220/v1,,10.21203/rs.3.rs-7337220/v1,europe_pmc,2025,,Eucalyptus globulus,6
doi:10.21203/rs.3.rs-7567560/v1,,10.21203/rs.3.rs-7567560/v1,europe_pmc,2025,,Piper aduncum,6
doi:10.21203/rs.3.rs-7578386/v1,,10.21203/rs.3.rs-7578386/v1,europe_pmc,2025,,Aloe vera,3
doi:10.21203/rs.3.rs-76177/v1,,10.21203/rs.3.rs-76177/v1,europe_pmc,2020,,Malva sylvestris; Matricaria chamomilla,9
doi:10.21203/rs.3.rs-7628493/v1,,10.21203/rs.3.rs-7628493/v1,europe_pmc,2025,,Punica granatum,7
doi:10.21203/rs.3.rs-7633967/v1,,10.21203/rs.3.rs-7633967/v1,europe_pmc,2025,,Aloe vera,5
doi:10.21203/rs.3.rs-7680956/v1,,10.21203/rs.3.rs-7680956/v1,europe_pmc,2025,,Annona muricata,7
doi:10.21203/rs.3.rs-7695706/v1,,10.21203/rs.3.rs-7695706/v1,europe_pmc,2025,,Passiflora edulis,5
doi:10.21203/rs.3.rs-7741909/v1,,10.21203/rs.3.rs-7741909/v1,europe_pmc,2026,,Punica granatum,7
doi:10.21203/rs.3.rs-776229/v1,,10.21203/rs.3.rs-776229/v1,europe_pmc,2021,,Bixa orellana,6
doi:10.21203/rs.3.rs-7867347/v1,,10.21203/rs.3.rs-7867347/v1,europe_pmc,2025,,Argemone mexicana,6
doi:10.21203/rs.3.rs-7883357/v1,,10.21203/rs.3.rs-7883357/v1,europe_pmc,2025,,Solanum tuberosum,5
doi:10.21203/rs.3.rs-7962616/v1,,10.21203/rs.3.rs-7962616/v1,europe_pmc,2025,,Uncaria tomentosa,5
doi:10.21203/rs.3.rs-796285/v1,,10.21203/rs.3.rs-796285/v1,europe_pmc,2021,,Bixa orellana,5
doi:10.21203/rs.3.rs-8116295/v1,,10.21203/rs.3.rs-8116295/v1,europe_pmc,2026,,Mauritia flexuosa,4
doi:10.21203/rs.3.rs-8373431/v1,,10.21203/rs.3.rs-8373431/v1,europe_pmc,2025,,Taraxacum officinale,4
doi:10.21203/rs.3.rs-8418947/v1,,10.21203/rs.3.rs-8418947/v1,europe_pmc,2026,,Psidium guajava,4
doi:10.21203/rs.3.rs-8583101/v1,,10.21203/rs.3.rs-8583101/v1,europe_pmc,2026,,Punica granatum,6
doi:10.21203/rs.3.rs-8604748/v1,,10.21203/rs.3.rs-8604748/v1,europe_pmc,2026,,Annona muricata,6
doi:10.21203/rs.3.rs-8620168/v1,,10.21203/rs.3.rs-8620168/v1,europe_pmc,2026,,Bixa orellana,7
doi:10.21203/rs.3.rs-8711263/v1,,10.21203/rs.3.rs-8711263/v1,europe_pmc,2026,,Theobroma cacao,5
doi:10.21203/rs.3.rs-87703/v1,,10.21203/rs.3.rs-87703/v1,europe_pmc,2020,,Passiflora edulis,4
doi:10.21203/rs.3.rs-88899/v1,,10.21203/rs.3.rs-88899/v1,europe_pmc,2020,,Malva sylvestris,8
doi:10.21203/rs.3.rs-9033849/v1,,10.21203/rs.3.rs-9033849/v1,europe_pmc,2026,,Punica granatum,5
doi:10.21203/rs.3.rs-9107751/v1,,10.21203/rs.3.rs-9107751/v1,europe_pmc,2026,,Uncaria tomentosa,6
doi:10.21203/rs.3.rs-916085/v1,,10.21203/rs.3.rs-916085/v1,europe_pmc,2021,,Lepidium meyenii,7
doi:10.21203/rs.3.rs-9269364/v1,,10.21203/rs.3.rs-9269364/v1,europe_pmc,2026,,Carica papaya,6
doi:10.21203/rs.3.rs-9391098/v1,,10.21203/rs.3.rs-9391098/v1,europe_pmc,2026,,Theobroma cacao,5
doi:10.21203/rs.3.rs-9568099/v1,,10.21203/rs.3.rs-9568099/v1,europe_pmc,2026,,Piper aduncum,6
doi:10.21203/rs.3.rs-985663/v2,,10.21203/rs.3.rs-985663/v2,europe_pmc,2021,,Morinda citrifolia; Psidium guajava,6
doi:10.21270/archi.v8i11.4238,,10.21270/archi.v8i11.4238,semantic_scholar,2020,Archives of Health Investigation,Plantago major; Punica granatum,18
doi:10.21276/apjhs.2022.9.2.22,,10.21276/apjhs.2022.9.2.22,semantic_scholar,2022,Asian Pacific Journal of Health Sciences,Calendula officinalis,5
doi:10.2134/agronj2009.0315,,10.2134/agronj2009.0315,europe_pmc,2010,,Lepidium meyenii,4
doi:10.21577/1984-6835.20220104,,10.21577/1984-6835.20220104,semantic_scholar,2022,Revista Virtual de Química,Plantago major,3
doi:10.21608/bfsa.2022.121367.1293,,10.21608/bfsa.2022.121367.1293,semantic_scholar,2022,Bulletin of Pharmaceutical Sciences. Assiut,Punica granatum,5
doi:10.21704/rea.v23i1.2163,,10.21704/rea.v23i1.2163,semantic_scholar,2024,Ecología Aplicada,Equisetum bogotense; Oenothera rosea; Plantago major; Schinus molle; Urtica urens,5
doi:10.2174/0118746098428277260302034732,,10.2174/0118746098428277260302034732,semantic_scholar,2026,Current Aging Science,Mauritia flexuosa,5
doi:10.2174/0122103155271537231006074854,,10.2174/0122103155271537231006074854,semantic_scholar,2023,The Natural Products Journal,Schinus molle,6
doi:10.2174/1570178617999200807213043,,10.2174/1570178617999200807213043,semantic_scholar,2020,Letters in Organic Chemistry,Eucalyptus globulus,4
doi:10.2174/1573407216999201014153251,,10.2174/1573407216999201014153251,semantic_scholar,2021,Current Bioactive Compounds,Schinus molle,6
doi:10.2174/1874256402113010001,,10.2174/1874256402113010001,semantic_scholar,2021,The Open Food Science Journal,Mauritia flexuosa,4
doi:10.21776/UB.JELS.2019.009.02.02,,10.21776/UB.JELS.2019.009.02.02,semantic_scholar,2019,The Journal of Experimental Life Sciences,Plantago major,3
doi:10.21930/agrosavia.escaneocientifico.2021.1,,10.21930/agrosavia.escaneocientifico.2021.1,semantic_scholar,2021,,Erythroxylum coca,4
doi:10.21930/agrosavia.estudiodevigilancia.2023.1,,10.21930/agrosavia.estudiodevigilancia.2023.1,semantic_scholar,2023,,Erythroxylum coca,3
doi:10.22159/ajpcr.2019.v12i11.35653,,10.22159/ajpcr.2019.v12i11.35653,semantic_scholar,2019,Asian Journal of Pharmaceutical and Clinical Research,Morinda citrifolia,3
doi:10.22159/ajpcr.2020.v13i1.36182,,10.22159/ajpcr.2020.v13i1.36182,semantic_scholar,2019,Asian Journal of Pharmaceutical and Clinical Research,Psidium guajava,8
doi:10.22161/ijaers.101.16,,10.22161/ijaers.101.16,semantic_scholar,2023,International Journal of Advanced Engineering Research and Science,Mauritia flexuosa,4
doi:10.22161/ijaers.78.23,,10.22161/ijaers.78.23,semantic_scholar,2020,International Journal of Advanced Engineering Research and Science,Calendula officinalis,3
doi:10.22271/flora.2021.v9.i6a.781,,10.22271/flora.2021.v9.i6a.781,semantic_scholar,2021,International Journal of Herbal Medicine,Morinda citrifolia,5
doi:10.22271/phyto.2019.v8.i5l.9634,,10.22271/phyto.2019.v8.i5l.9634,semantic_scholar,2019,Journal of Pharmacognosy and Phytochemistry,Psidium guajava,6
doi:10.22271/phyto.2025.v14.i3b.15350,,10.22271/phyto.2025.v14.i3b.15350,semantic_scholar,2025,Journal of Pharmacognosy and Phytochemistry,Psidium guajava,5
doi:10.22370/sst.2025.13.5488,,10.22370/sst.2025.13.5488,semantic_scholar,2025,Serie Selección de Textos,Schinus molle,4
doi:10.22541/au.166324765.54986216/v2,,10.22541/au.166324765.54986216/v2,europe_pmc,2022,,Punica granatum,6
doi:10.22541/au.169569542.29820537/v1,,10.22541/au.169569542.29820537/v1,europe_pmc,2023,,Punica granatum,5
doi:10.22541/au.171662307.79731989/v1,,10.22541/au.171662307.79731989/v1,europe_pmc,2024,,Punica granatum,5
doi:10.22541/au.171826090.06882996/v1,,10.22541/au.171826090.06882996/v1,europe_pmc,2024,,Eucalyptus globulus,3
doi:10.22541/au.175975812.26301382/v1,,10.22541/au.175975812.26301382/v1,europe_pmc,2025,,Annona muricata,5
doi:10.23880/ipcm-16000226,,10.23880/ipcm-16000226,semantic_scholar,2022,International Journal of Pharmacognosy &amp; Chinese Medicine,Tagetes minuta,6
doi:10.23880/oajmb-16000306,,10.23880/oajmb-16000306,semantic_scholar,2024,Open Access Journal of Microbiology &amp; Biotechnology,Psidium guajava,5
doi:10.23960/jtep-l.v14i2.473-482,,10.23960/jtep-l.v14i2.473-482,semantic_scholar,2025,Jurnal Teknik Pertanian Lampung (Journal of Agricultural Engineering),Morinda citrifolia,4
doi:10.24198/ijpst.v6i3.58058,,10.24198/ijpst.v6i3.58058,semantic_scholar,2025,Indonesian Journal of Pharmaceutical Science and Technology,Morinda citrifolia,4
doi:10.24215/15142590E040,,10.24215/15142590E040,semantic_scholar,2019,Analecta Veterinaria,Minthostachys mollis; Schinus molle,5
doi:10.2478/cag-2025-0009,,10.2478/cag-2025-0009,semantic_scholar,2025,Current Agronomy,Uncaria tomentosa,7
doi:10.2478/fhort-2021-0004,,10.2478/fhort-2021-0004,semantic_scholar,2021,Folia Horticulturae,Calendula officinalis,7
doi:10.24841/FA.V13I1-2.136,,10.24841/FA.V13I1-2.136,semantic_scholar,2006,,Bixa orellana; Copaifera paupera; Verbena litoralis,7
doi:10.25004/ijpsdr.2024.160207,,10.25004/ijpsdr.2024.160207,semantic_scholar,2024,International Journal of Pharmaceutical Sciences and Drug Research,Psidium guajava,5
doi:10.25026/JTPC.V5I3.274,,10.25026/JTPC.V5I3.274,semantic_scholar,2021,Journal of Tropical Pharmacy and Chemistry,Morinda citrifolia,3
doi:10.25073/2588-1132/VNUMPS.4267,,10.25073/2588-1132/VNUMPS.4267,semantic_scholar,2020,VNU Journal of Science: Medical and Pharmaceutical Sciences,Punica granatum,15
doi:10.25077/jku.14.2.1-7.2025,,10.25077/jku.14.2.1-7.2025,semantic_scholar,2025,Jurnal Kimia Unand,Morinda citrifolia,4
doi:10.25173/jtfp.24,,10.25173/jtfp.24,semantic_scholar,2013,Journal of Traditional and Folk Practices,Erythroxylum coca,6
doi:10.25248/REAS.E5663.2021,,10.25248/REAS.E5663.2021,semantic_scholar,2021,,Uncaria tomentosa,5
doi:10.25258/ijddt.16.19s.96,,10.25258/ijddt.16.19s.96,semantic_scholar,2026,International Journal of Drug Delivery Technology,Calendula officinalis,2
doi:10.25258/ijddt.16.6s.36,,10.25258/ijddt.16.6s.36,semantic_scholar,2026,International Journal of Drug Delivery Technology,Tagetes minuta,5
doi:10.25258/ijddt.16.9s.14,,10.25258/ijddt.16.9s.14,semantic_scholar,2026,International Journal of Drug Delivery Technology,Morinda citrifolia,5
doi:10.26434/chemrxiv.13296524.v1,,10.26434/chemrxiv.13296524.v1,europe_pmc,2020,,Matricaria chamomilla; Origanum vulgare,4
doi:10.26452/ijrls.v10i1.1192,,10.26452/ijrls.v10i1.1192,semantic_scholar,2020,International Journal of Review in Life Sciences,Morinda citrifolia,3
doi:10.26452/ijrps.v15i3.4692,,10.26452/ijrps.v15i3.4692,semantic_scholar,2024,International Journal of Research in Pharmaceutical Sciences,Psidium guajava,5
doi:10.26495/RTZH1810.226115,,10.26495/RTZH1810.226115,semantic_scholar,2018,,Cinchona officinalis,13
doi:10.26577/IJBCH-2019-1-I11,,10.26577/IJBCH-2019-1-I11,semantic_scholar,2019,International Journal of Biology and Chemistry,Plantago major,5
doi:10.26621/XIV18.2018.06.A03.PUCESI.2550.6684,,10.26621/XIV18.2018.06.A03.PUCESI.2550.6684,semantic_scholar,2018,AXIOMA,Baccharis genistelloides; Ilex guayusa; Verbena litoralis,5
doi:10.26656/fr.2017.9(s1).040,,10.26656/fr.2017.9(s1).040,semantic_scholar,2025,Food Research,Morinda citrifolia,4
doi:10.26788/riepg.v11i1.3551,,10.26788/riepg.v11i1.3551,semantic_scholar,2022,Revista de Investigaciones,Cinchona officinalis,5
doi:10.26832/24566632.2025.1004021,,10.26832/24566632.2025.1004021,semantic_scholar,2025,Archives of Agriculture and Environmental Science,Morinda citrifolia,5
doi:10.28991/hef-2025-06-03-08,,10.28991/hef-2025-06-03-08,semantic_scholar,2025,"Journal of Human, Earth, and Future",Morinda citrifolia,5
doi:10.29238/teknolabjournal.v11i2.369,,10.29238/teknolabjournal.v11i2.369,semantic_scholar,2022,Jurnal Teknologi Laboratorium,Morinda citrifolia,5
doi:10.29238/teknolabjournal.v13i2.493,,10.29238/teknolabjournal.v13i2.493,semantic_scholar,2024,Jurnal Teknologi Laboratorium,Morinda citrifolia,5
doi:10.29303/jbt.v24i3.7650,,10.29303/jbt.v24i3.7650,semantic_scholar,2024,Jurnal Biologi Tropis,Plantago major,4
doi:10.29303/jp.v15i5.1591,,10.29303/jp.v15i5.1591,semantic_scholar,2025,Jurnal Perikanan Unram,Morinda citrifolia,5
doi:10.29356/jmcs.v69i2.2245,,10.29356/jmcs.v69i2.2245,semantic_scholar,2025,Journal of the Mexican Chemical Society,Psidium guajava,5
doi:10.30574/gscarr.2024.21.1.0376,,10.30574/gscarr.2024.21.1.0376,semantic_scholar,2024,GSC Advanced Research and Reviews,Psidium guajava,5
doi:10.30574/wjarr.2024.21.3.0851,,10.30574/wjarr.2024.21.3.0851,semantic_scholar,2024,World Journal of Advanced Research and Reviews,Morinda citrifolia,6
doi:10.31234/osf.io/7h48b,,10.31234/osf.io/7h48b,europe_pmc,2023,,Banisteriopsis caapi; Psychotria viridis,4
doi:10.31415/bjns.v3i3.109,,10.31415/bjns.v3i3.109,semantic_scholar,2020,,Schinus molle,3
doi:10.31579/2637-8914/215,,10.31579/2637-8914/215,semantic_scholar,2024,Nutrition and Food Processing,Plantago major,5
doi:10.31830/2348-7542.2026.roc-1287,,10.31830/2348-7542.2026.roc-1287,semantic_scholar,2026,Research on Crops,Psidium guajava,4
doi:10.32388/unb40n,,10.32388/unb40n,europe_pmc,2024,,Aloe vera,7
doi:10.32712/2446-4775.2024.1718,,10.32712/2446-4775.2024.1718,semantic_scholar,2024,Revista Fitos,Schinus molle,5
doi:10.32947/ajps.v24i3.1068,,10.32947/ajps.v24i3.1068,semantic_scholar,2024,Al Mustansiriyah Journal of Pharmaceutical Sciences,Plantago major,4
doi:10.33003/chemclass-2025-0902/196,,10.33003/chemclass-2025-0902/196,semantic_scholar,2025,ChemClass Journal,Morinda citrifolia,4
doi:10.33263/briac116.1409014102,,10.33263/briac116.1409014102,semantic_scholar,,Biointerface Research in Applied Chemistry,Psidium guajava,4
doi:10.33326/26176033.2012.14.302,,10.33326/26176033.2012.14.302,semantic_scholar,2019,Ciencia & Desarrollo,Polylepis rugulosa,4
doi:10.33448/RSD-V10I1.11491,,10.33448/RSD-V10I1.11491,semantic_scholar,2021,"Research, Society and Development",Plantago major,5
doi:10.3389/fsufs.2022.845566,,10.3389/fsufs.2022.845566,semantic_scholar,2022,,Mauritia flexuosa,7
doi:10.3390/chemistry4040115,,10.3390/chemistry4040115,semantic_scholar,2022,Chemistry,Rosmarinus officinalis,6
doi:10.3390/cosmetics13020057,,10.3390/cosmetics13020057,semantic_scholar,2026,Cosmetics,Croton lechleri; Mauritia flexuosa; Physalis peruviana; Plukenetia volubilis,5
doi:10.3390/d17120822,,10.3390/d17120822,semantic_scholar,2025,Diversity,Aloe vera,5
doi:10.3390/foods2021-10988,,10.3390/foods2021-10988,semantic_scholar,2021,"The 2nd International Electronic Conference on Foods - ""Future Foods and Food Technologies for a Sustainable World""",Mauritia flexuosa,3
doi:10.3390/horticulturae11070748,,10.3390/horticulturae11070748,semantic_scholar,2025,Horticulturae,Erythroxylum coca,5
doi:10.3390/polysaccharides3010006,,10.3390/polysaccharides3010006,semantic_scholar,2022,Polysaccharides,Mauritia flexuosa,4
doi:10.3390/pr10030459,,10.3390/pr10030459,semantic_scholar,2022,Processes,Mauritia flexuosa,4
doi:10.3390/pr11123292,,10.3390/pr11123292,semantic_scholar,2023,Processes,Mauritia flexuosa,6
doi:10.3390/pr12061228,,10.3390/pr12061228,semantic_scholar,2024,Processes,Myrciaria dubia; Psidium guajava,7
doi:10.3390/pr13030655,,10.3390/pr13030655,semantic_scholar,2025,Processes,Rosmarinus officinalis,6
doi:10.3390/pr14020180,,10.3390/pr14020180,semantic_scholar,2026,Processes,Schinus molle,6
doi:10.3390/stresses4040042,,10.3390/stresses4040042,semantic_scholar,2024,Stresses,Morinda citrifolia,4
doi:10.33996/revistavive.v8i22.362,,10.33996/revistavive.v8i22.362,semantic_scholar,2025,Revista Vive,Verbena litoralis,6
doi:10.34117/BJDV7N4-509,,10.34117/BJDV7N4-509,semantic_scholar,2021,,Cinchona officinalis,5
doi:10.34188/bjaerv8n3-068,,10.34188/bjaerv8n3-068,semantic_scholar,2025,Brazilian Journal of Animal and Environmental Research,Erythroxylum coca,3
doi:10.35366/99673,,10.35366/99673,semantic_scholar,2021,Revista Mexicana de Anestesiología,Erythroxylum coca,25
doi:10.35629/4494-100316951703,,10.35629/4494-100316951703,semantic_scholar,2025,International Journal of Pharmaceutical Research and Applications,Calendula officinalis,4
doi:10.35629/4494-100321852193,,10.35629/4494-100321852193,semantic_scholar,2025,International Journal of Pharmaceutical Research and Applications,Calendula officinalis,3
doi:10.35842/jkry.v10i3.759,,10.35842/jkry.v10i3.759,semantic_scholar,2024,Jurnal Keperawatan Respati Yogyakarta,Morinda citrifolia,3
doi:10.36347/SAJP.2020.V09I12.003,,10.36347/SAJP.2020.V09I12.003,semantic_scholar,2020,,Morinda citrifolia,4
doi:10.36348/sijtcm.2023.v06i04.003,,10.36348/sijtcm.2023.v06i04.003,semantic_scholar,2023,Scholars International Journal of Traditional and Complementary Medicine,Morinda citrifolia,4
doi:10.36414/rbmc.v8i22.145,,10.36414/rbmc.v8i22.145,semantic_scholar,2022,REVISTA BRASILEIRA MILITAR DE CIÊNCIAS,Erythroxylum coca,6
doi:10.36602/jsba.2026.21.65,,10.36602/jsba.2026.21.65,semantic_scholar,2026,مجلة العلوم الاساسية و التطبيقية,Psidium guajava,3
doi:10.36805/jbf.v6i1.1683,,10.36805/jbf.v6i1.1683,semantic_scholar,2026,Jurnal Buana Farma,Psidium guajava,5
doi:10.36876/acst.1012,,10.36876/acst.1012,semantic_scholar,2015,,Morinda citrifolia,4
doi:10.36948/ijfmr.2025.v07i02.39601,,10.36948/ijfmr.2025.v07i02.39601,semantic_scholar,2025,International Journal For Multidisciplinary Research,Aloe vera,4
doi:10.37285/ijpsn.2024.17.1.7,,10.37285/ijpsn.2024.17.1.7,semantic_scholar,2024,International Journal of Pharmaceutical Sciences and Nanotechnology(IJPSN),Psidium guajava,4
doi:10.37506/rqcmd547,,10.37506/rqcmd547,semantic_scholar,2024,International Journal of Contemporary Microbiology,Psidium guajava,4
doi:10.37547/ijmsphr/volume03issue04-03,,10.37547/ijmsphr/volume03issue04-03,semantic_scholar,2022,International Journal of Medical Science and Public Health Research,Plantago major,5
doi:10.38124/ijisrt/25may2327,,10.38124/ijisrt/25may2327,semantic_scholar,2025,International Journal of Innovative Science and Research Technology,Psidium guajava,5
doi:10.3897/pharmacia.72.e140155,,10.3897/pharmacia.72.e140155,semantic_scholar,2025,Pharmacia,Rosmarinus officinalis,3
doi:10.3989/GYA.0557171,,10.3989/GYA.0557171,semantic_scholar,2018,Grasas Y Aceites,Mauritia flexuosa,4
doi:10.3989/GYA.1062142,,10.3989/GYA.1062142,semantic_scholar,2015,Grasas Y Aceites,Mauritia flexuosa,5
doi:10.4038/cjs.v53i1.8141,,10.4038/cjs.v53i1.8141,semantic_scholar,2024,Ceylon Journal of Science,Morinda citrifolia,6
doi:10.4103/japtr.japtr_74_24,,10.4103/japtr.japtr_74_24,semantic_scholar,2024,Journal of Advanced Pharmaceutical Technology &amp; Research,Plantago major,5
doi:10.4103/srmjrds.srmjrds_117_23,,10.4103/srmjrds.srmjrds_117_23,semantic_scholar,2023,SRM Journal of Research in Dental Sciences,Psidium guajava,4
doi:10.4103/wjtcm.wjtcm_35_25,,10.4103/wjtcm.wjtcm_35_25,semantic_scholar,2025,World Journal of Traditional Chinese Medicine,Morinda citrifolia,6
doi:10.4236/FNS.2014.58082,,10.4236/FNS.2014.58082,semantic_scholar,2014,Food and Nutrition Sciences,Psidium guajava,4
doi:10.4314/GJPAS.V9I2.15962,,10.4314/GJPAS.V9I2.15962,semantic_scholar,2003,Global Journal of Pure and Applied Sciences,Psidium guajava,5
doi:10.4314/br.v19i2.7,,10.4314/br.v19i2.7,semantic_scholar,2021,Bio-Research,Psidium guajava,5
doi:10.4314/jasem.v28i7.7,,10.4314/jasem.v28i7.7,semantic_scholar,2024,Journal of Applied Sciences and Environmental Management,Psidium guajava,4
doi:10.46357/bcnaturais.v13i1.369,,10.46357/bcnaturais.v13i1.369,semantic_scholar,2020,Boletim do Museu Paraense Emílio Goeldi - Ciências Naturais,Mauritia flexuosa,4
doi:10.46537/SCIBRU.V17I2.76,,10.46537/SCIBRU.V17I2.76,semantic_scholar,2019,Scientia Bruneiana,Schinus molle,1
doi:10.46602/jcsn.v48i2.874,,10.46602/jcsn.v48i2.874,semantic_scholar,2023,Journal of Chemical Society of Nigeria,Morinda citrifolia,3
doi:10.46810/tdfd.1529274,,10.46810/tdfd.1529274,semantic_scholar,2024,Türk Doğa ve Fen Dergisi,Plantago major,4
doi:10.47068/ctns.2024.v13i25.032,,10.47068/ctns.2024.v13i25.032,semantic_scholar,2024,CURRENT TRENDS IN NATURAL SCIENCES,Calendula officinalis,4
doi:10.47186/VISCT.V6I1.88,,10.47186/VISCT.V6I1.88,semantic_scholar,2021,,Minthostachys mollis; Piper aduncum; Schinus molle; Taraxacum officinale,5
doi:10.47191/ijahm/v15i2.19,,10.47191/ijahm/v15i2.19,semantic_scholar,2025,International Journal of Ayurvedic &amp; Herbal Medicine,Carica papaya; Psidium guajava,4
doi:10.47191/ijpbms/v4-i4-05,,10.47191/ijpbms/v4-i4-05,semantic_scholar,2024,International Journal of Pharmaceutical and Bio-Medical Science,Passiflora edulis; Psidium guajava,7
doi:10.47211/trr.2019.v05i02.019,,10.47211/trr.2019.v05i02.019,semantic_scholar,2019,THE RESEARCH RESERVOIR,Morinda citrifolia,4
doi:10.47392/irjaem.2025.0492,,10.47392/irjaem.2025.0492,semantic_scholar,2025,International Research Journal on Advanced Engineering and Management (IRJAEM),Morinda citrifolia,4
doi:10.47430/ujmr.25103.016,,10.47430/ujmr.25103.016,semantic_scholar,2025,UMYU Journal of Microbiology Research (UJMR),Psidium guajava,6
doi:10.47460/uct.v29i127.970,,10.47460/uct.v29i127.970,semantic_scholar,2025,Universidad Ciencia y Tecnología,Verbena litoralis,3
doi:10.47836/mjmhs.20.3.45,,10.47836/mjmhs.20.3.45,semantic_scholar,2024,Malaysian Journal of Medicine and Health Sciences,Morinda citrifolia,5
doi:10.47836/mjmhs.21.s2.10,,10.47836/mjmhs.21.s2.10,semantic_scholar,2025,Malaysian Journal of Medicine and Health Sciences,Morinda citrifolia,6
doi:10.47836/pjtas.47.4.06,,10.47836/pjtas.47.4.06,semantic_scholar,2024,Pertanika Journal of Tropical Agricultural Science,Morinda citrifolia,3
doi:10.47861/usd.v2i1.636,,10.47861/usd.v2i1.636,semantic_scholar,2023,USADA NUSANTARA : Jurnal Kesehatan Tradisional,Plantago major,5
doi:10.47992/ijhsp.v9i2.25.43,,10.47992/ijhsp.v9i2.25.43,semantic_scholar,2025,International Journal of Health Sciences and Pharmacy,Psidium guajava,4
doi:10.48191/medfarm.v14i1.573,,10.48191/medfarm.v14i1.573,semantic_scholar,2025,MEDFARM: Jurnal Farmasi dan Kesehatan,Morinda citrifolia,5
doi:10.48730/xbpe-2936,,10.48730/xbpe-2936,europe_pmc,2003,,Argemone mexicana,4
doi:10.5123/s2176-6223202000127,,10.5123/s2176-6223202000127,semantic_scholar,2020,Revista Pan-Amazônica de Saúde,Plantago major,5
doi:10.51699/ajbns.v2i7.1191,,10.51699/ajbns.v2i7.1191,semantic_scholar,2025,American Journal of Biology and Natural Sciences,Plantago major,4
doi:10.52711/0975-4377.2026.00002,,10.52711/0975-4377.2026.00002,semantic_scholar,2026,Research Journal of Pharmaceutical Dosage Forms and Technology,Psidium guajava,5
doi:10.52756/ijerr.2024.v42.031,,10.52756/ijerr.2024.v42.031,semantic_scholar,2024,International Journal of Experimental Research and Review,Psidium guajava; Punica granatum,7
doi:10.53365/nrfhh/159613,,10.53365/nrfhh/159613,semantic_scholar,2023,Natural Resources for Human Health,Aristolochia didyma,5
doi:10.53366/jimki.v10i3.765,,10.53366/jimki.v10i3.765,semantic_scholar,2025,JIMKI: Jurnal Ilmiah Mahasiswa Kedokteran Indonesia,Psidium guajava,4
doi:10.53730/ijhs.v6ns3.8561,,10.53730/ijhs.v6ns3.8561,semantic_scholar,2022,International journal of health sciences,Plantago major,4
doi:10.53730/ijhs.v6ns6.10184,,10.53730/ijhs.v6ns6.10184,semantic_scholar,2022,International journal of health sciences,Rosmarinus officinalis,5
doi:10.53933/sspmpm.v5i1.175,,10.53933/sspmpm.v5i1.175,semantic_scholar,2025,SSP Modern Pharmacy and Medicine,Calendula officinalis,6
doi:10.53933/sspmpm.v5i2.183,,10.53933/sspmpm.v5i2.183,semantic_scholar,2025,SSP Modern Pharmacy and Medicine,Calendula officinalis,6
doi:10.53992/njns.v6i1.63,,10.53992/njns.v6i1.63,semantic_scholar,2021,NUST Journal of Natural Sciences,Aloe vera,4
doi:10.54644/jte.70b.2022.1188,,10.54644/jte.70b.2022.1188,semantic_scholar,2022,Journal of Technical Education Science,Morinda citrifolia,5
doi:10.54753/blc.v11i2.1006,,10.54753/blc.v11i2.1006,semantic_scholar,2021,Bosques Latitud Cero,Cinchona officinalis,4
doi:10.54975/isubuzfd.1153369,,10.54975/isubuzfd.1153369,semantic_scholar,2022,Ziraat Fakültesi Dergisi,Schinus molle,3
doi:10.5530/PJ.2019.1.6,,10.5530/PJ.2019.1.6,semantic_scholar,2019,Pharmacognosy Journal,Mauritia flexuosa,4
doi:10.5530/PJ.2019.11.57,,10.5530/PJ.2019.11.57,semantic_scholar,2019,Pharmacognosy Journal,Copaifera paupera,4
doi:10.5530/pj.2019.11.229,,10.5530/pj.2019.11.229,semantic_scholar,2019,Polymer Journal,Plantago major,3
doi:10.5539/jas.v14n11p64,,10.5539/jas.v14n11p64,semantic_scholar,2022,Journal of Agricultural Science,Psidium guajava,6
doi:10.55544/jrasb.4.3.5,,10.55544/jrasb.4.3.5,semantic_scholar,2025,Journal for Research in Applied Sciences and Biotechnology,Psidium guajava,6
doi:10.55606/jurrit.v4i1.5495,,10.55606/jurrit.v4i1.5495,semantic_scholar,2025,Jurnal Riset Rumpun Ilmu Tanaman,Morinda citrifolia,5
doi:10.55873/gentryana.v1i1.210,,10.55873/gentryana.v1i1.210,semantic_scholar,2022,GENTRYANA,Buddleja incana; Kageneckia lanceolata; Solanum tuberosum,5
doi:10.55927/marcopolo.v1i7.5879,,10.55927/marcopolo.v1i7.5879,semantic_scholar,2023,Indonesian Journal of Interdisciplinary Research in Science and Technology,Morinda citrifolia,3
doi:10.56093/ijas.v94i10.150523,,10.56093/ijas.v94i10.150523,semantic_scholar,2024,The Indian Journal of Agricultural Sciences,Psidium guajava,6
doi:10.56238/isevmjv5n1-001,,10.56238/isevmjv5n1-001,semantic_scholar,2026,International  Seven  Journal of Multidisciplinary,Mauritia flexuosa,5
doi:10.56499/jppres23.1807_12.2.323,,10.56499/jppres23.1807_12.2.323,semantic_scholar,2024,Journal of Pharmacy &amp; Pharmacognosy Research,Caesalpinia spinosa; Schinus molle,6
doi:10.56499/jppres_14.2.2410,,10.56499/jppres_14.2.2410,semantic_scholar,2026,Journal of Pharmacy &amp; Pharmacognosy Research,Plantago major,5
doi:10.56557/ajmab/2026/v11i110131,,10.56557/ajmab/2026/v11i110131,semantic_scholar,2026,Asian Journal of Microbiology and Biotechnology,Psidium guajava,8
doi:10.56919/usci.2434.010,,10.56919/usci.2434.010,semantic_scholar,2024,UMYU Scientifica,Morinda citrifolia,7
doi:10.56919/usci.2544.009,,10.56919/usci.2544.009,semantic_scholar,2025,UMYU Scientifica,Psidium guajava,6
doi:10.5772/intechopen.77247,,10.5772/intechopen.77247,semantic_scholar,2018,Leishmaniases as Re-emerging Diseases,Schinus molle,9
doi:10.58578/ajcmpr.v2i1.4720,,10.58578/ajcmpr.v2i1.4720,semantic_scholar,2025,African Journal of Clinical Medicine and Pharmacy Research,Morinda citrifolia,7
doi:10.58578/kijst.v2i3.8017,,10.58578/kijst.v2i3.8017,semantic_scholar,2025,Kwaghe International Journal of Sciences and Technology,Psidium guajava,7
doi:10.58723/ijhrd.v2i3.290,,10.58723/ijhrd.v2i3.290,semantic_scholar,2024,Indonesian Journal of Health Research and Development,Psidium guajava,5
doi:10.58920/sciphy0402368,,10.58920/sciphy0402368,semantic_scholar,2025,Sciences of Phytochemistry,Morinda citrifolia,5
doi:10.5897/JMPR12.240,,10.5897/JMPR12.240,semantic_scholar,2012,Journal of Medicinal Plants Research,Psidium guajava,4
doi:10.5897/JMPR2018.6613,,10.5897/JMPR2018.6613,semantic_scholar,2018,Journal of Medicinal Plants Research,Schinus molle,5
doi:10.59324/ejmhr.2023.1(2).03,,10.59324/ejmhr.2023.1(2).03,semantic_scholar,2023,European Journal of Medical and Health Research,Psidium guajava,5
doi:10.59324/ejmhr.2024.2(3).12,,10.59324/ejmhr.2024.2(3).12,semantic_scholar,2024,European Journal of Medical and Health Research,Plantago major,4
doi:10.59324/ejmhr.2025.3(6).16,,10.59324/ejmhr.2025.3(6).16,semantic_scholar,2025,European Journal of Medical and Health Research,Carica papaya; Psidium guajava,5
doi:10.5935/2238-3182.20150045,,10.5935/2238-3182.20150045,semantic_scholar,2015,,Erythroxylum coca,4
doi:10.59436/jsiane.418.2583-2093,,10.59436/jsiane.418.2583-2093,semantic_scholar,2025,Journal of Science Innovations and Nature of Earth,Cinchona officinalis,4
doi:10.6007/IJARPED/V2-I3/148,,10.6007/IJARPED/V2-I3/148,semantic_scholar,2013,International Journal of Academic Research in Progressive Education and Development,Carica papaya; Psidium guajava,6
doi:10.6084/M9.FIGSHARE.1348626.V1,,10.6084/M9.FIGSHARE.1348626.V1,semantic_scholar,2015,,Aloe vera,11
doi:10.62425/crihs.1628360,,10.62425/crihs.1628360,semantic_scholar,2025,Current Research in Health Sciences,Plantago major,4
doi:10.63147/krjs.v1i01.6,,10.63147/krjs.v1i01.6,semantic_scholar,2022,Kashmir Journal of Science,Plantago major,5
doi:10.63682/jns.v14i8.7218,,10.63682/jns.v14i8.7218,semantic_scholar,2025,Journal of Neonatal Surgery,Aloe vera; Plantago major,7
doi:10.64290/bima.v9i2b.1301,,10.64290/bima.v9i2b.1301,semantic_scholar,2025,BIMA JOURNAL OF SCIENCE AND TECHNOLOGY GOMBE,Morinda citrifolia,7
doi:10.65035/g0ax2r40,,10.65035/g0ax2r40,semantic_scholar,2025,Journal of Medical &amp; Health Sciences Review,Psidium guajava,6
doi:10.70151/c5b24742,,10.70151/c5b24742,semantic_scholar,2020,Revista Brasileira de Plantas Medicinais,Eucalyptus globulus,4
doi:10.70749/ijbr.v2i02.353,,10.70749/ijbr.v2i02.353,semantic_scholar,2024,Indus Journal of Bioscience Research,Psidium guajava,5
doi:10.70851/jfines.2026.3(1).70.79,,10.70851/jfines.2026.3(1).70.79,semantic_scholar,2026,"Journal of Food Innovation, Nutrition, and Environmental Sciences",Psidium guajava,4
doi:10.9734/JPRI/2021/V33I37A31986,,10.9734/JPRI/2021/V33I37A31986,semantic_scholar,2021,Journal of Pharmaceutical Research International,Aloe vera,5
doi:10.9734/ajmah/2024/v22i81073,,10.9734/ajmah/2024/v22i81073,semantic_scholar,2024,Asian Journal of Medicine and Health,Carica papaya; Psidium guajava,7
doi:10.9734/ajrb/2025/v15i2366,,10.9734/ajrb/2025/v15i2366,semantic_scholar,2025,Asian Journal of Research in Biochemistry,Psidium guajava,6
doi:10.9734/arrb/2026/v41i12366,,10.9734/arrb/2026/v41i12366,semantic_scholar,2026,Annual Research &amp; Review in Biology,Morinda citrifolia,6
doi:10.9734/bpi/nvbs/v2/12434d,,10.9734/bpi/nvbs/v2/12434d,semantic_scholar,2021,New Visions in Biological Science Vol. 2,Mauritia flexuosa,4
doi:10.9734/jabb/2025/v28i52293,,10.9734/jabb/2025/v28i52293,semantic_scholar,2025,Journal of Advances in Biology &amp; Biotechnology,Morinda citrifolia,8
doi:10.9734/jpri/2020/v32i230401,,10.9734/jpri/2020/v32i230401,semantic_scholar,2020,Journal of Pharmaceutical Research,Morinda citrifolia,4
doi:10.9734/jsrr/2025/v31i53040,,10.9734/jsrr/2025/v31i53040,semantic_scholar,2025,Journal of Scientific Research and Reports,Tagetes minuta,4
pmid:10030724,10030724,10.1016/s0378-8741(98)00082-8,pubmed,1998,Journal of ethnopharmacology,Morinda citrifolia,6
pmid:10030730,10030730,10.1016/s0378-8741(98)00100-7,pubmed,1998,Journal of ethnopharmacology,Piper aduncum,3
pmid:1005528,1005528,10.1055/s-0028-1097727,pubmed,1976,Planta medica,Matricaria chamomilla,1
pmid:10075119,10075119,10.1016/s0378-8741(98)00096-8,pubmed,1999,Journal of ethnopharmacology,Uncaria tomentosa,3
pmid:10191586,10191586,10.1093/tropej/45.1.8,pubmed,1999,Journal of tropical pediatrics,Argemone mexicana,5
pmid:10197746,10197746,10.1016/s0378-8741(98)00113-5,pubmed,1999,Journal of ethnopharmacology,Uncaria tomentosa,3
pmid:10223942,10223942,10.1128/AAC.43.5.1234,pubmed,1999,Antimicrobial agents and chemotherapy,Piper aduncum,5
pmid:10226688,10226688,10.3109/10731199909117698,pubmed,1999,"Artificial cells, blood substitutes, and immobilization biotechnology",Passiflora edulis,4
pmid:10231611,10231611,,pubmed,1999,Alternative medicine review : a journal of clinical therapeutic,Taraxacum officinale,1
pmid:10323492,10323492,10.1016/s0306-3623(98)00214-6,pubmed,1999,General pharmacology,Baccharis genistelloides; Satureja boliviana,1
pmid:10328636,10328636,10.1089/acm.1999.5.143,pubmed,1999,"Journal of alternative and complementary medicine (New York, N.Y.)",Uncaria tomentosa,3
pmid:10353159,10353159,10.1002/(SICI)1099-1573(199905)13:3<210::AID-PTR421>3.0.CO;2-F,pubmed,1999,Phytotherapy research : PTR,Argemone mexicana,3
pmid:10372792,10372792,10.1016/s0376-8716(98)00154-9,pubmed,1999,Drug and alcohol dependence,Banisteriopsis caapi; Psychotria viridis,5
pmid:10390243,10390243,10.1128/AAC.43.7.1776,pubmed,1999,Antimicrobial agents and chemotherapy,Piper aduncum,2
pmid:10423861,10423861,10.1016/s0031-9422(99)00132-6,pubmed,1999,Phytochemistry,Piper aduncum,3
pmid:10514324,10514324,10.1021/np990134u,pubmed,1999,Journal of natural products,Azorella compacta,1
pmid:10534165,10534165,10.1016/s0046-8177(99)90035-7,pubmed,1999,Human pathology,Amaranthus caudatus,6
pmid:10543882,10543882,10.1021/jm991066b,pubmed,1999,Journal of medicinal chemistry,Maytenus macrocarpa,3
pmid:10621875,10621875,10.1136/pgmj.75.889.657,pubmed,1999,Postgraduate medical journal,Argemone mexicana,5
pmid:10624859,10624859,10.1016/s0378-8741(99)00085-9,pubmed,1999,Journal of ethnopharmacology,Aloe vera,4
pmid:10630124,10630124,10.1055/s-2006-960860,pubmed,1999,Planta medica,Uncaria guianensis,1
pmid:10641130,10641130,,pubmed,1999,Indian journal of experimental biology,Rosmarinus officinalis,5
pmid:10715846,10715846,10.1016/S0944-7113(00)80071-9,pubmed,2000,Phytomedicine : international journal of phytotherapy and phytopharmacology,Annona muricata,4
pmid:10736519,10736519,10.1016/s0090-4295(99)00549-x,pubmed,2000,Urology,Lepidium meyenii,7
pmid:10782488,10782488,10.1016/S0944-7113(00)80019-7,pubmed,2000,Phytomedicine : international journal of phytotherapy and phytopharmacology,Psidium guajava,4
pmid:10782680,10782680,10.1016/s0960-894x(00)00082-2,pubmed,2000,Bioorganic & medicinal chemistry letters,Maytenus macrocarpa,1
pmid:10808702,10808702,,pubmed,2000,Journal of the Medical Association of Thailand = Chotmaihet thangphaet,Aloe vera,7
pmid:10814231,10814231,10.1021/ol990940s,pubmed,2000,Organic letters,Erythroxylum coca,3
pmid:10820797,10820797,10.1016/s0031-9422(99)00518-x,pubmed,2000,Phytochemistry,Gentianella alborosea,1
pmid:10821961,10821961,10.1016/s0167-5877(00)00123-9,pubmed,2000,Preventive veterinary medicine,Bixa orellana; Carica papaya; Psidium guajava,6
pmid:10839217,10839217,10.1016/S0944-7113(00)80086-0,pubmed,2000,Phytomedicine : international journal of phytotherapy and phytopharmacology,Uncaria tomentosa,4
pmid:10885091,10885091,,pubmed,1999,The British journal of general practice : the journal of the Royal College of General Practitioners,Aloe vera,5
pmid:10904143,10904143,10.1016/s0378-8741(00)00212-9,pubmed,2000,Journal of ethnopharmacology,Plantago major,3
pmid:10940584,10940584,10.1016/s0378-8741(00)00184-7,pubmed,2000,Journal of ethnopharmacology,Rosmarinus officinalis,6
pmid:10940590,10940590,10.1016/s0378-8741(99)00197-x,pubmed,2000,Journal of ethnopharmacology,Bixa orellana,6
pmid:10965522,10965522,10.1207/S15327914NC3701_9,pubmed,2000,Nutrition and cancer,Caesalpinia spinosa,6
pmid:11000025,11000025,10.1021/np000126+,pubmed,2000,Journal of natural products,Passiflora edulis,4
pmid:11025151,11025151,10.1016/s0378-8741(00)00291-9,pubmed,2000,Journal of ethnopharmacology,Theobroma cacao,3
pmid:11025161,11025161,10.1016/s0378-8741(00)00321-4,pubmed,2000,Journal of ethnopharmacology,Bixa orellana,8
pmid:11025165,11025165,10.1016/s0378-8741(00)00330-5,pubmed,2000,Journal of ethnopharmacology,Bixa orellana,4
pmid:11025172,11025172,10.1016/s0378-8741(00)00295-6,pubmed,2000,Journal of ethnopharmacology,Sambucus peruviana,3
pmid:11048583,11048583,,pubmed,2000,Archivos latinoamericanos de nutricion,Lepidium meyenii,5
pmid:11113999,11113999,10.1002/1099-1573(200012)14:8<617::aid-ptr674>3.0.co;2-n,pubmed,2000,Phytotherapy research : PTR,Plantago major,4
pmid:11119247,11119247,10.1046/j.1365-3083.2000.00801.x,pubmed,2000,Scandinavian journal of immunology,Plantago major,5
pmid:11166438,11166438,10.1016/s0168-9452(00)00418-0,pubmed,2001,Plant science : an international journal of experimental plant biology,Solanum tuberosum,4
pmid:11169464,11169464,10.1002/1097-4652(200102)186:2<282::AID-JCP1028>3.0.CO;2-2,pubmed,2001,Journal of cellular physiology,Amaranthus caudatus,6
pmid:11197086,11197086,10.1211/0022357001777612,pubmed,2000,The Journal of pharmacy and pharmacology,Uncaria tomentosa,6
pmid:11261583,11261583,10.1016/s0031-9422(00)00389-7,pubmed,2001,Phytochemistry,Amaranthus caudatus,3
pmid:11268119,11268119,10.1002/ptr.694,pubmed,2001,Phytotherapy research : PTR,Passiflora edulis,1
pmid:11292237,11292237,10.1078/0944-7113-00018,pubmed,2001,Phytomedicine : international journal of phytotherapy and phytopharmacology,Baccharis latifolia,4
pmid:11315753,11315753,10.1078/0944-7113-00008,pubmed,2001,Phytomedicine : international journal of phytotherapy and phytopharmacology,Annona muricata,3
pmid:11345710,11345710,10.1055/s-2001-11995,pubmed,2001,Planta medica,Cinchona officinalis,3
pmid:11368638,11368638,10.1021/jf0014462,pubmed,2001,Journal of agricultural and food chemistry,Chenopodium quinoa,2
pmid:11440778,11440778,10.1016/s0188-4409(01)00287-9,pubmed,2001,Archives of medical research,Solanum tuberosum,8
pmid:11510424,11510424,,pubmed,2001,Acta cientifica venezolana,Bixa orellana,4
pmid:11518069,11518069,10.1055/s-2001-15460,pubmed,2001,Pharmacopsychiatry,Passiflora edulis,4
pmid:11535363,11535363,10.1016/s0378-8741(01)00292-6,pubmed,2001,Journal of ethnopharmacology,Juglans neotropica,4
pmid:11536381,11536381,10.1002/ptr.799,pubmed,2001,Phytotherapy research : PTR,Eucalyptus globulus,5
pmid:11551478,11551478,10.1016/s1383-5718(01)00216-9,pubmed,2001,Mutation research,Baccharis genistelloides,4
pmid:11554973,11554973,10.1046/j.1365-2540.2001.00870.x,pubmed,2001,Heredity,Oxalis tuberosa,4
pmid:11558637,11558637,10.1080/10915810160233721,pubmed,2001,International journal of toxicology,Calendula officinalis,8
pmid:11561196,11561196,,pubmed,2001,Asian journal of andrology,Lepidium meyenii,3
pmid:11603848,11603848,10.1007/PL00000268,pubmed,2001,Inflammation research : official journal of the European Histamine Research Society ... [et al.],Uncaria guianensis; Uncaria tomentosa,7
pmid:1161885,1161885,10.1055/s-0028-1097789,pubmed,1975,Planta medica,Passiflora edulis,1
pmid:11642570,11642570,,pubmed,2001,Journal of investigational allergology & clinical immunology,Matricaria chamomilla,5
pmid:11718320,11718320,10.1080/02791072.2001.10400574,pubmed,2001,Journal of psychoactive drugs,Banisteriopsis caapi,4
pmid:11724307,11724307,,pubmed,2001,Anticancer research,Uncaria tomentosa,4
pmid:11753476,11753476,,pubmed,2001,Asian journal of andrology,Lepidium meyenii,4
pmid:11795436,11795436,10.1111/j.1749-6632.2001.tb02737.x,pubmed,2001,Annals of the New York Academy of Sciences,Morinda citrifolia,6
pmid:11801384,11801384,10.1016/s0378-8741(01)00384-1,pubmed,2002,Journal of ethnopharmacology,Eucalyptus globulus,5
pmid:11804547,11804547,,pubmed,2001,Alternative medicine review : a journal of clinical therapeutic,Croton lechleri; Uncaria tomentosa,3
pmid:11824584,11824584,10.1248/cpb.50.47,pubmed,2002,Chemical & pharmaceutical bulletin,Matricaria chamomilla,5
pmid:11824699,11824699,10.1080/02791072.2001.10399925,pubmed,2001,Journal of psychoactive drugs,Banisteriopsis caapi,5
pmid:11849838,11849838,10.1016/s0378-8741(01)00400-7,pubmed,2002,Journal of ethnopharmacology,Plantago major; Schinus molle,2
pmid:11931204,11931204,10.1177/004947550203200204,pubmed,2002,Tropical doctor,Argemone mexicana,6
pmid:11950978,11950978,10.1104/pp.010541,pubmed,2002,Plant physiology,Oxalis tuberosa,4
pmid:11961900,11961900,,pubmed,2001,Acta pharmaceutica Hungarica,Taraxacum officinale,5
pmid:11962753,11962753,10.14670/HH-17.477,pubmed,2002,Histology and histopathology,Urtica urens,5
pmid:12002340,12002340,10.1023/a:1014405730585,pubmed,2002,Breast cancer research and treatment,Punica granatum,7
pmid:12020931,12020931,10.1016/s0378-8741(02)00059-4,pubmed,2002,Journal of ethnopharmacology,Aloe vera,5
pmid:12033627,12033627,10.1139/g02-019,pubmed,2002,Genome,Solanum tuberosum,4
pmid:12034045,12034045,10.1089/107999002753675802,pubmed,2002,Journal of interferon & cytokine research : the official journal of the International Society for Interferon and Cytokine Research,Solanum tuberosum,4
pmid:12065162,12065162,10.1016/s0378-8741(02)00093-4,pubmed,2002,Journal of ethnopharmacology,Uncaria tomentosa,3
pmid:12076751,12076751,10.1016/s0166-3542(02)00007-4,pubmed,2002,Antiviral research,Plantago major,5
pmid:12080983,12080983,10.1179/000349802125000600,pubmed,2002,Annals of tropical medicine and parasitology,Argemone mexicana; Solanum americanum,3
pmid:12088421,12088421,10.1021/np000270v,pubmed,2002,Journal of natural products,Croton lechleri,4
pmid:12102530,12102530,10.1093/aob/mcf135,pubmed,2002,Annals of botany,Oxalis tuberosa,4
pmid:12108218,12108218,10.1002/1521-3803(20020501)46:3<184::AID-FOOD184>3.0.CO;2-H,pubmed,2002,Die Nahrung,Amaranthus caudatus,4
pmid:12120814,12120814,10.1078/0944-7113-00117,pubmed,2002,Phytomedicine : international journal of phytotherapy and phytopharmacology,Uncaria guianensis; Uncaria tomentosa,5
pmid:12130863,12130863,10.1248/cpb.50.988,pubmed,2002,Chemical & pharmaceutical bulletin,Lepidium meyenii,4
pmid:12165336,12165336,10.1016/s0367-326x(02)00125-9,pubmed,2002,Fitoterapia,Piper aduncum,3
pmid:12169308,12169308,10.1016/s0031-9422(02)00208-x,pubmed,2002,Phytochemistry,Lepidium meyenii,4
pmid:12174767,12174767,10.1016/s0035-9203(02)90084-2,europe_pmc,2002,,Tagetes minuta,6
pmid:12189055,12189055,10.1179/135100002125000325,pubmed,2002,Redox report : communications in free radical research,Calendula officinalis,5
pmid:12244440,12244440,10.1007/s00425-002-0818-1,pubmed,2002,Planta,Theobroma cacao,5
pmid:1224691,1224691,10.1007/BF02021201,pubmed,1975,Zeitschrift fur Ernahrungswissenschaft,Lupinus mutabilis,1
pmid:12357392,12357392,10.1055/s-2002-34399,pubmed,2002,Planta medica,Copaifera paupera,4
pmid:12372867,12372867,10.1248/cpb.50.1376,pubmed,2002,Chemical & pharmaceutical bulletin,Uncaria tomentosa,1
pmid:12387889,12387889,10.1016/s0014-5793(02)03474-9,pubmed,2002,FEBS letters,Amaranthus caudatus,3
pmid:12409020,12409020,10.1016/s0031-9422(02)00235-2,pubmed,2002,Phytochemistry,Oxalis tuberosa,4
pmid:12410545,12410545,10.1002/ptr.1025,pubmed,2002,Phytotherapy research : PTR,Morinda citrifolia,5
pmid:12422937,12422937,10.1080/02791072.2002.10399963,pubmed,2002,Journal of psychoactive drugs,Banisteriopsis caapi,5
pmid:12466051,12466051,,pubmed,2002,Acta pharmacologica Sinica,Morinda citrifolia,3
pmid:12471432,12471432,10.1590/s0074-02762002000700017,pubmed,2002,Memorias do Instituto Oswaldo Cruz,Plantago major; Psidium guajava; Punica granatum,4
pmid:12472620,12472620,10.1046/j.1439-0272.2002.00519.x,pubmed,2002,Andrologia,Lepidium meyenii,4
pmid:12492516,12492516,10.1034/j.1600-0536.2002.470401.x,pubmed,2002,Contact dermatitis,Calendula officinalis,4
pmid:12502425,12502425,10.1021/jf0258858,pubmed,2003,Journal of agricultural and food chemistry,Taraxacum officinale,5
pmid:12514247,12514247,10.1093/pcp/pcf181,pubmed,2002,Plant & cell physiology,Uncaria tomentosa,4
pmid:12525260,12525260,10.1677/joe.0.1760163,pubmed,2003,The Journal of endocrinology,Lepidium meyenii,5
pmid:12568552,12568552,10.1021/jf020769q,pubmed,2003,Journal of agricultural and food chemistry,Passiflora edulis,6
pmid:12568557,12568557,10.1021/jf020778z,pubmed,2003,Journal of agricultural and food chemistry,Physalis peruviana,6
pmid:12571408,12571408,10.1159/000067799,pubmed,2003,Pharmacology,Psidium guajava,4
pmid:12576199,12576199,10.1016/s0378-8741(02)00336-7,pubmed,2003,Journal of ethnopharmacology,Morinda citrifolia,4
pmid:12594543,12594543,10.1007/s00394-003-0402-x,pubmed,2003,European journal of nutrition,Smallanthus sonchifolius,6
pmid:12608878,12608878,10.1021/np0203741,pubmed,2003,Journal of natural products,Uncaria tomentosa,1
pmid:12624820,12624820,10.1055/s-2003-37710,pubmed,2003,Planta medica,Argemone mexicana,3
pmid:12628409,12628409,10.1016/s0367-326x(02)00289-7,pubmed,2003,Fitoterapia,Bixa orellana,1
pmid:12628645,12628645,10.1016/s0968-0896(02)00645-4,pubmed,2003,Bioorganic & medicinal chemistry,Azorella compacta,5
pmid:12638398,12638398,10.1177/0091270002251019,pubmed,2003,Journal of clinical pharmacology,Psidium guajava,5
pmid:12639407,12639407,10.1089/109662001753165710,pubmed,2001,Journal of medicinal food,Passiflora edulis,5
pmid:12643640,12643640,10.1021/jf020426s,pubmed,2003,Journal of agricultural and food chemistry,Solanum tuberosum,5
pmid:12660312,12660312,10.1124/jpet.103.049882,pubmed,2003,The Journal of pharmacology and experimental therapeutics,Banisteriopsis caapi; Psychotria viridis,6
pmid:12663949,12663949,10.1385/BTER:91:3:253,pubmed,2003,Biological trace element research,Amaranthus caudatus,4
pmid:12672156,12672156,10.1002/ptr.1122,pubmed,2003,Phytotherapy research : PTR,Solanum americanum,3
pmid:12675749,12675749,10.1034/j.1399-3054.2003.00071.x,pubmed,2003,Physiologia plantarum,Amaranthus caudatus,6
pmid:12699943,12699943,10.1016/s0960-8524(03)00038-5,pubmed,2003,Bioresource technology,Argemone mexicana,3
pmid:12701440,12701440,,pubmed,2002,Mededelingen (Rijksuniversiteit te Gent. Fakulteit van de Landbouwkundige en Toegepaste Biologische Wetenschappen),Amaranthus caudatus,3
pmid:12725567,12725567,10.1078/094471103321659843,pubmed,2003,Phytomedicine : international journal of phytotherapy and phytopharmacology,Croton lechleri,4
pmid:12730067,12730067,10.1093/aob/mcg084,europe_pmc,2003,,Solanum tuberosum,4
pmid:12746517,12746517,10.1104/pp.102.015560,pubmed,2003,Plant physiology,Solanum tuberosum,4
pmid:12766871,12766871,,pubmed,,Revista de neurologia,Banisteriopsis caapi; Psychotria viridis,6
pmid:12773521,12773521,10.1093/jxb/erg186,pubmed,2003,Journal of experimental botany,Amaranthus caudatus,5
pmid:12805738,12805738,10.1100/tsw.2001.454,pubmed,2001,TheScientificWorldJournal,Amaranthus caudatus,4
pmid:12856861,12856861,10.1142/S0192415X03000874,pubmed,2003,The American journal of Chinese medicine,Plantago major,5
pmid:12858932,12858932,,europe_pmc,2000,,Tagetes minuta,4
pmid:12880084,12880084,10.2116/analsci.19.1013,pubmed,2003,Analytical sciences : the international journal of the Japan Society for Analytical Chemistry,Baccharis genistelloides,3
pmid:12886426,12886426,10.1590/s0074-02762003000300022,pubmed,2003,Memorias do Instituto Oswaldo Cruz,Azorella compacta,4
pmid:12895668,12895668,10.1016/s0091-3057(03)00112-6,pubmed,2003,"Pharmacology, biochemistry, and behavior",Banisteriopsis caapi; Psychotria viridis,4
pmid:12895680,12895680,10.1016/s0091-3057(03)00129-1,pubmed,2003,"Pharmacology, biochemistry, and behavior",Banisteriopsis caapi,4
pmid:12918869,12918869,10.1002/pca.651,europe_pmc,2002,,Amaranthus caudatus,3
pmid:12926870,12926870,10.1021/jf0344744,pubmed,2003,Journal of agricultural and food chemistry,Smallanthus sonchifolius,3
pmid:12932133,12932133,10.1021/np030031i,pubmed,2003,Journal of natural products,Lepidium meyenii,1
pmid:12946417,12946417,10.1016/s0031-9422(03)00206-1,pubmed,2003,Phytochemistry,Erythroxylum coca,5
pmid:12951772,12951772,10.2144/03352st03,pubmed,2003,BioTechniques,Erythroxylum coca,5
pmid:12974400,12974400,,pubmed,2002,Indian journal of experimental biology,Bixa orellana,3
pmid:1367339,1367339,10.1016/0031-9422(91)84223-f,pubmed,1991,Phytochemistry,Uncaria guianensis,2
pmid:14088969,14088969,10.1002/jps.2600521216,pubmed,1963,Journal of pharmaceutical sciences,Argemone mexicana,1
pmid:14269819,14269819,,pubmed,1965,South African medical journal = Suid-Afrikaanse tydskrif vir geneeskunde,Argemone mexicana,1
pmid:14501441,14501441,10.1097/00130832-200310000-00013,pubmed,2003,Current opinion in allergy and clinical immunology,Argemone mexicana,5
pmid:1451196,1451196,,pubmed,1992,Ceskoslovenska farmacie,Calendula officinalis,1
pmid:14559685,14559685,,pubmed,2003,Di 1 jun yi da xue xue bao = Academic journal of the first medical college of PLA,Psidium guajava,3
pmid:14564047,14564047,,pubmed,2001,Journal of applied genetics,Lupinus mutabilis,4
pmid:14586103,14586103,10.1271/bbb.67.2154,pubmed,2003,"Bioscience, biotechnology, and biochemistry",Smallanthus sonchifolius,3
pmid:14598201,14598201,10.1055/s-2003-43208,pubmed,2003,Planta medica,Croton lechleri,4
pmid:14611895,14611895,10.1016/j.jep.2003.09.001,pubmed,2003,Journal of ethnopharmacology,Punica granatum,4
pmid:14636838,14636838,10.1016/j.intimp.2003.07.001,pubmed,2003,International immunopharmacology,Uncaria tomentosa,4
pmid:14648390,14648390,10.1055/s-2003-45096,pubmed,2003,Planta medica,Schinus molle,5
pmid:14664736,14664736,10.1177/1534735402001002002,pubmed,2002,Integrative cancer therapies,Morinda citrifolia,4
pmid:14695987,14695987,,pubmed,2003,Asian journal of andrology,Lepidium meyenii,5
pmid:1469891,1469891,10.1002/jcb.240501119,pubmed,1992,Journal of cellular biochemistry. Supplement,Amaranthus caudatus,5
pmid:14709147,14709147,10.1677/joe.0.1800087,pubmed,2004,The Journal of endocrinology,Lepidium meyenii,7
pmid:14720588,14720588,10.1016/j.cbpb.2003.09.022,pubmed,2004,"Comparative biochemistry and physiology. Part A, Molecular & integrative physiology",Schinus molle,3
pmid:14736360,14736360,10.1089/107555303771952235,pubmed,2003,"Journal of alternative and complementary medicine (New York, N.Y.)",Croton lechleri,4
pmid:14750205,14750205,10.1002/ptr.1372,pubmed,2004,Phytotherapy research : PTR,Taraxacum officinale,5
pmid:14765657,14765657,10.1603/0022-2585-40.6.807,pubmed,2003,Journal of medical entomology,Mauritia flexuosa,5
pmid:14979524,14979524,10.1002/pca.739,pubmed,2004,Phytochemical analysis : PCA,Calendula officinalis,3
pmid:14979528,14979528,10.1002/pca.740,pubmed,2004,Phytochemical analysis : PCA,Uncaria tomentosa,3
pmid:14980816,14980816,10.1016/j.carres.2003.11.022,pubmed,2004,Carbohydrate research,Plantago major,5
pmid:15005885,15005885,10.1211/0022357022665,pubmed,2004,The Journal of pharmacy and pharmacology,Eucalyptus globulus,4
pmid:15019187,15019187,10.1016/j.fct.2003.11.007,pubmed,2004,Food and chemical toxicology : an international journal published for the British Industrial Biological Research Association,Bixa orellana,4
pmid:15037892,15037892,,pubmed,2003,"Biomedical papers of the Medical Faculty of the University Palacky, Olomouc, Czechoslovakia",Lepidium meyenii; Smallanthus sonchifolius,4
pmid:15068834,15068834,10.1016/j.cdp.2004.01.001,pubmed,2004,Cancer detection and prevention,Amaranthus caudatus,4
pmid:15070175,15070175,10.1078/0944-7113-00315,pubmed,2004,Phytomedicine : international journal of phytotherapy and phytopharmacology,Uncaria guianensis; Uncaria tomentosa,5
pmid:15113148,15113148,10.1021/jf0354803,pubmed,2004,Journal of agricultural and food chemistry,Eucalyptus globulus,6
pmid:15114496,15114496,10.1055/s-2004-815536,pubmed,2004,Planta medica,Uncaria tomentosa,5
pmid:15116756,15116756,10.1080/10408690490424694,pubmed,2004,Critical reviews in food science and nutrition,Aloe vera,3
pmid:15130574,15130574,10.1016/j.ctim.2003.12.001,pubmed,2004,Complementary therapies in medicine,Urtica urens,1
pmid:15138008,15138008,10.1016/j.jep.2004.02.026,pubmed,2004,Journal of ethnopharmacology,Origanum vulgare,4
pmid:15179026,15179026,10.1159/000077946,pubmed,2004,Neuropsychobiology,Banisteriopsis caapi; Psychotria viridis,6
pmid:15180575,15180575,10.2174/0929867043365161,pubmed,2004,Current medicinal chemistry,Aloe vera,4
pmid:15189289,15189289,10.1111/j.1472-765X.2004.01538.x,pubmed,2004,Letters in applied microbiology,Eucalyptus globulus,6
pmid:15234776,15234776,10.1016/j.jep.2004.04.005,pubmed,2004,Journal of ethnopharmacology,Croton lechleri,5
pmid:15242186,15242186,10.1023/b:cbto.0000027931.88957.80,pubmed,2004,Cell biology and toxicology,Smallanthus sonchifolius,5
pmid:15299985,15299985,,pubmed,2004,"Medicina (Kaunas, Lithuania)",Origanum vulgare,4
pmid:15330501,15330501,10.1016/j.phymed.2003.06.002,pubmed,2004,Phytomedicine : international journal of phytotherapy and phytopharmacology,Oenothera rosea,3
pmid:15467250,15467250,10.1248/cpb.52.1258,pubmed,2004,Chemical & pharmaceutical bulletin,Uncaria tomentosa,1
pmid:15475180,15475180,10.1016/j.toxlet.2004.07.004,pubmed,2004,Toxicology letters,Baccharis genistelloides,5
pmid:15479198,15479198,10.1111/j.0105-1873.2004.00413.x,pubmed,2004,Contact dermatitis,Taraxacum officinale,6
pmid:15488639,15488639,10.1016/j.canlet.2004.05.001,pubmed,2004,Cancer letters,Physalis peruviana,5
pmid:15500263,15500263,10.1016/j.phymed.2003.07.007,pubmed,2004,Phytomedicine : international journal of phytotherapy and phytopharmacology,Uncaria tomentosa,4
pmid:15507342,15507342,10.1016/j.jep.2004.07.006,pubmed,2004,Journal of ethnopharmacology,Plantago major,5
pmid:15507359,15507359,10.1016/j.jep.2004.08.020,pubmed,2004,Journal of ethnopharmacology,Urtica urens,4
pmid:15507372,15507372,10.1016/j.jep.2004.08.025,pubmed,2004,Journal of ethnopharmacology,Croton lechleri,5
pmid:15553146,15553146,10.1016/j.chroma.2004.08.074,pubmed,2004,Journal of chromatography. A,Oxalis tuberosa,3
pmid:15563448,15563448,,pubmed,2004,Asia Pacific journal of clinical nutrition,Origanum vulgare,6
pmid:15606658,15606658,10.1111/j.0105-1873.2004.0459b.x,pubmed,2004,Contact dermatitis,Opuntia ficus-indica,1
pmid:15612001,15612001,10.1002/em.20079,pubmed,2005,Environmental and molecular mutagenesis,Plantago major,4
pmid:15619579,15619579,10.1016/j.jep.2004.10.007,pubmed,2005,Journal of ethnopharmacology,Schinus molle,6
pmid:15619581,15619581,10.1016/j.jep.2004.10.002,pubmed,2005,Journal of ethnopharmacology,Uncaria tomentosa,4
pmid:15636180,15636180,10.1016/j.phymed.2003.12.002,pubmed,2004,Phytomedicine : international journal of phytotherapy and phytopharmacology,Myrciaria dubia,3
pmid:15649507,15649507,10.1016/j.phytochem.2004.10.022,pubmed,2005,Phytochemistry,Uncaria tomentosa,4
pmid:15649515,15649515,10.1016/j.phytochem.2004.10.025,pubmed,2005,Phytochemistry,Uncaria tomentosa,6
pmid:15650009,15650009,10.1093/aob/mci062,pubmed,2005,Annals of botany,Erythroxylum coca,6
pmid:15661081,15661081,10.1186/1477-7827-3-5,pubmed,2005,Reproductive biology and endocrinology : RB&E,Lepidium meyenii,8
pmid:15664457,15664457,10.1016/j.fitote.2004.09.006,pubmed,2005,Fitoterapia,Malva sylvestris; Taraxacum officinale,5
pmid:15673731,15673731,10.1128/AAC.49.2.549-555.2005,pubmed,2005,Antimicrobial agents and chemotherapy,Caesalpinia spinosa,4
pmid:1567877,1567877,10.1021/bi00132a023,pubmed,1992,Biochemistry,Amaranthus caudatus,4
pmid:15686421,15686421,10.1021/jf048529t,pubmed,2005,Journal of agricultural and food chemistry,Lepidium meyenii,4
pmid:15691601,15691601,10.1016/j.cveq.2004.11.003,pubmed,2005,The Veterinary clinics of North America. Equine practice,Aloe vera,4
pmid:15693713,15693713,10.1016/j.phymed.2003.06.006,pubmed,2005,Phytomedicine : international journal of phytotherapy and phytopharmacology,Piper aduncum,3
pmid:15729397,15729397,10.1139/g04-086,pubmed,2005,Genome,Solanum tuberosum,4
pmid:15781219,15781219,10.1016/j.mrgentox.2005.01.009,pubmed,2005,Mutation research,Bixa orellana,6
pmid:15790999,15790999,10.1096/fj.04-2782com,pubmed,2005,FASEB journal : official publication of the Federation of American Societies for Experimental Biology,Theobroma cacao,4
pmid:15869705,15869705,10.1186/1477-7827-3-16,pubmed,2005,Reproductive biology and endocrinology : RB&E,Lepidium meyenii,6
pmid:15876501,15876501,10.1016/j.jep.2005.01.032,pubmed,2005,Journal of ethnopharmacology,Psidium guajava,5
pmid:15893887,15893887,10.1016/j.fitote.2005.03.006,pubmed,2005,Fitoterapia,Origanum vulgare,3
pmid:15894143,15894143,10.1016/j.jep.2005.01.062,pubmed,2005,Journal of ethnopharmacology,Brunfelsia grandiflora; Caesalpinia spinosa; Dracontium loretense; Maytenus macrocarpa; Piper aduncum; Uncaria tomentosa,4
pmid:15928624,15928624,10.1016/j.jaad.2004.12.044,pubmed,2005,Journal of the American Academy of Dermatology,Aloe vera,4
pmid:15930727,15930727,10.1248/bpb.28.963,pubmed,2005,Biological & pharmaceutical bulletin,Physalis peruviana,4
pmid:15930754,15930754,10.1248/bpb.28.1098,pubmed,2005,Biological & pharmaceutical bulletin,Amaranthus caudatus,3
pmid:15942912,15942912,10.1016/j.semarthrit.2005.01.011,pubmed,2005,Seminars in arthritis and rheumatism,Uncaria tomentosa,10
pmid:15969534,15969534,10.1021/jf050298i,pubmed,2005,Journal of agricultural and food chemistry,Solanum tuberosum,5
pmid:15979774,15979774,10.1016/j.fct.2005.05.007,pubmed,2005,Food and chemical toxicology : an international journal published for the British Industrial Biological Research Association,Smallanthus sonchifolius,4
pmid:15997848,15997848,10.1002/pca.836,europe_pmc,2005,,Smallanthus sonchifolius,3
pmid:15998117,15998117,10.1021/jf050403o,pubmed,2005,Journal of agricultural and food chemistry,Smallanthus sonchifolius,4
pmid:16005256,16005256,10.1016/j.mrgentox.2005.05.004,pubmed,2005,Mutation research,Matricaria chamomilla; Uncaria tomentosa,3
pmid:16022755,16022755,10.1079/bjn20051443,pubmed,2005,The British journal of nutrition,Theobroma cacao,4
pmid:16041738,16041738,10.1002/ptr.1679,pubmed,2005,Phytotherapy research : PTR,Bixa orellana,2
pmid:16042156,16042156,10.1002/pca.843,pubmed,2005,Phytochemical analysis : PCA,Piper aduncum,3
pmid:16042336,16042336,10.1515/znc-2005-5-603,pubmed,2005,"Zeitschrift fur Naturforschung. C, Journal of biosciences",Uncaria tomentosa,1
pmid:16042502,16042502,10.2165/00139709-200524010-00002,pubmed,2005,Toxicological reviews,Lepidium meyenii; Uncaria tomentosa,12
pmid:16047362,16047362,10.1002/pbc.20513,pubmed,2006,Pediatric blood & cancer,Croton lechleri; Uncaria tomentosa,4
pmid:16088399,16088399,10.1007/s00425-005-0077-z,pubmed,2006,Planta,Solanum tuberosum,5
pmid:16104818,16104818,10.1021/jf051157j,pubmed,2005,Journal of agricultural and food chemistry,Minthostachys mollis,4
pmid:16124247,16124247,10.1007/s10886-005-3540-1,pubmed,2005,Journal of chemical ecology,Minthostachys mollis,4
pmid:16149293,16149293,10.1016/j.clon.2005.04.013,pubmed,2005,Clinical oncology (Royal College of Radiologists (Great Britain)),Aloe vera,5
pmid:16149327,16149327,10.1080/02791072.2005.10399795,pubmed,2005,Journal of psychoactive drugs,Banisteriopsis caapi; Psychotria viridis,3
pmid:16149328,16149328,10.1080/02791072.2005.10399796,pubmed,2005,Journal of psychoactive drugs,Banisteriopsis caapi; Psychotria viridis,3
pmid:16174556,16174556,10.1016/j.jep.2005.08.035,pubmed,2006,Journal of ethnopharmacology,Lepidium meyenii,5
pmid:16177976,16177976,10.1002/ptr.1740,pubmed,2005,Phytotherapy research : PTR,Azorella compacta,4
pmid:16202549,16202549,10.1016/j.jep.2005.08.024,pubmed,2006,Journal of ethnopharmacology,Baccharis latifolia,3
pmid:16203994,16203994,10.1073/pnas.0507400102,pubmed,2005,Proceedings of the National Academy of Sciences of the United States of America,Solanum tuberosum,5
pmid:16213532,16213532,10.1016/j.lfs.2005.09.002,pubmed,2005,Life sciences,Banisteriopsis caapi,5
pmid:16226858,16226858,10.1016/j.jep.2005.05.050,pubmed,2006,Journal of ethnopharmacology,Plantago major,4
pmid:16242032,16242032,10.1186/1476-9255-2-11,pubmed,2005,"Journal of inflammation (London, England)",Uncaria guianensis,8
pmid:16315492,16315492,10.1002/pca.871,europe_pmc,2005,,Lepidium meyenii,3
pmid:16343466,16343466,10.1016/j.carres.2005.11.022,pubmed,2006,Carbohydrate research,Aloe vera,5
pmid:16365927,16365927,10.1631/jzus.2006.B0056,pubmed,2006,Journal of Zhejiang University. Science. B,Psidium guajava,3
pmid:16379569,16379569,10.1089/jmf.2005.8.539,pubmed,2005,Journal of medicinal food,Solanum americanum,5
pmid:16387698,16387698,10.1196/annals.1352.015,pubmed,2005,Annals of the New York Academy of Sciences,Punica granatum,5
pmid:16395418,16395418,10.1358/mf.2005.27.10.948917,pubmed,2005,Methods and findings in experimental and clinical pharmacology,Psidium guajava,7
pmid:16422993,16422993,10.1111/j.1365-2036.2006.02761.x,pubmed,2006,Alimentary pharmacology & therapeutics,Aloe vera,4
pmid:16428032,16428032,10.1016/j.phymed.2004.08.001,pubmed,2006,Phytomedicine : international journal of phytotherapy and phytopharmacology,Caesalpinia spinosa,1
pmid:16462897,16462897,10.1139/g05-084,pubmed,2006,Genome,Oxalis tuberosa,5
pmid:16478259,16478259,10.1021/jf052645u,pubmed,2006,Journal of agricultural and food chemistry,Smallanthus sonchifolius,4
pmid:16483385,16483385,10.1186/1472-6882-6-2,pubmed,2006,BMC complementary and alternative medicine,Bixa orellana; Cinchona officinalis,9
pmid:16503563,16503563,10.1080/09637480500490731,pubmed,2005,International journal of food sciences and nutrition,Origanum vulgare,4
pmid:16521111,16521111,10.1002/ptr.1834,pubmed,2006,Phytotherapy research : PTR,Schinus molle,5
pmid:16586115,16586115,10.1007/s00122-006-0266-6,pubmed,2006,TAG. Theoretical and applied genetics. Theoretische und angewandte Genetik,Chenopodium quinoa,5
pmid:16603065,16603065,10.1186/1472-6882-6-13,pubmed,2006,BMC complementary and alternative medicine,Lepidium meyenii; Uncaria guianensis,8
pmid:16611069,16611069,10.2174/092986706776055616,pubmed,2006,Current medicinal chemistry,Argemone mexicana,5
pmid:16621496,16621496,10.1016/j.mycres.2006.01.009,pubmed,2006,Mycological research,Theobroma cacao,4
pmid:16628544,16628544,10.1002/ptr.1900,pubmed,2006,Phytotherapy research : PTR,Matricaria chamomilla,4
pmid:16635743,16635743,10.1016/j.phymed.2005.06.006,pubmed,2006,Phytomedicine : international journal of phytotherapy and phytopharmacology,Opuntia ficus-indica,4
pmid:16645346,16645346,10.4142/jvs.2006.7.2.189,pubmed,2006,Journal of veterinary science,Matricaria chamomilla,4
pmid:16687429,16687429,10.1093/aob/mcl087,pubmed,2006,Annals of botany,Taraxacum officinale,8
pmid:16725281,16725281,10.1016/j.fitote.2006.03.004,pubmed,2006,Fitoterapia,Schinus molle,1
pmid:16796734,16796734,10.1186/1472-6882-6-23,pubmed,2006,BMC complementary and alternative medicine,Lepidium meyenii,6
pmid:16813462,16813462,,pubmed,2006,Alternative medicine review : a journal of clinical therapeutic,Uncaria tomentosa,8
pmid:16814959,16814959,10.1016/j.fitote.2006.05.020,pubmed,2006,Fitoterapia,Gentianella alborosea,1
pmid:16820275,16820275,10.1016/j.jep.2006.05.027,pubmed,2006,Journal of ethnopharmacology,Physalis peruviana,5
pmid:1682531,1682531,10.1016/0378-8741(91)90156-8,pubmed,1991,Journal of ethnopharmacology,Ilex guayusa,2
pmid:16835713,16835713,10.1007/s10787-006-1509-5,pubmed,2006,Inflammopharmacology,Uncaria guianensis,4
pmid:16845139,16845139,10.1093/aob/mcl146,pubmed,2006,Annals of botany,Theobroma cacao,7
pmid:16845528,16845528,10.1007/s00425-006-0335-8,pubmed,2006,Planta,Solanum tuberosum,4
pmid:16876349,16876349,10.1016/j.jep.2006.05.035,pubmed,2006,Journal of ethnopharmacology,Rosmarinus officinalis,3
pmid:16882158,16882158,10.1111/j.1365-2672.2006.02912.x,pubmed,2006,Journal of applied microbiology,Psidium guajava,5
pmid:16883283,16883283,,pubmed,2005,Tropical biomedicine,Morinda citrifolia,5
pmid:16893454,16893454,10.1186/1746-4269-2-31,europe_pmc,2006,,Aloe vera,4
pmid:16920513,16920513,10.1016/j.phymed.2003.08.005,europe_pmc,2006,,Tagetes minuta,6
pmid:16926166,16926166,10.1093/pcp/pcj097,pubmed,2006,Plant & cell physiology,Solanum americanum,5
pmid:16936791,16936791,10.1139/g06-033,pubmed,2006,Genome,Chenopodium quinoa,4
pmid:16936843,16936843,10.1139/g06-014,pubmed,2006,Genome,Solanum tuberosum,5
pmid:16949230,16949230,10.1016/j.jep.2006.07.031,pubmed,2007,Journal of ethnopharmacology,Passiflora edulis,5
pmid:16949545,16949545,10.1016/j.abb.2006.07.004,pubmed,2006,Archives of biochemistry and biophysics,Rosmarinus officinalis,6
pmid:16959454,16959454,10.1016/j.jep.2006.07.039,pubmed,2007,Journal of ethnopharmacology,Uncaria tomentosa,4
pmid:16961569,16961569,10.1111/j.1439-0272.2006.00733.x,pubmed,2006,Andrologia,Lepidium meyenii,5
pmid:16961931,16961931,10.1186/1746-4269-2-38,pubmed,2006,Journal of ethnobiology and ethnomedicine,Rosmarinus officinalis,4
pmid:16963211,16963211,10.1016/j.jep.2006.05.008,pubmed,2006,Journal of ethnopharmacology,Bixa orellana,5
pmid:16968067,16968067,10.1021/jf0614140,pubmed,2006,Journal of agricultural and food chemistry,Tropaeolum tuberosum,6
pmid:16972060,16972060,10.1007/s00122-006-0399-7,pubmed,2006,TAG. Theoretical and applied genetics. Theoretische und angewandte Genetik,Solanum tuberosum,5
pmid:17000069,17000069,10.1016/j.jep.2006.08.014,pubmed,2007,Journal of ethnopharmacology,Schinus molle,6
pmid:17017852,17017852,10.2174/187152006778226486,pubmed,2006,Anti-cancer agents in medicinal chemistry,Croton lechleri; Lepidium meyenii; Uncaria tomentosa,5
pmid:17040567,17040567,10.1186/1746-4269-2-45,pubmed,2006,Journal of ethnobiology and ethnomedicine,Aloe vera; Annona muricata; Bixa orellana; Carica papaya; Theobroma cacao,7
pmid:17072477,17072477,10.1590/s0074-02762006000600011,pubmed,2006,Memorias do Instituto Oswaldo Cruz,Argemone mexicana,3
pmid:17117272,17117272,,pubmed,2006,Acta cirurgica brasileira,Passiflora edulis,9
pmid:17145148,17145148,10.1016/j.jep.2006.11.007,pubmed,2007,Journal of ethnopharmacology,Matricaria chamomilla,4
pmid:17157465,17157465,10.1016/j.jep.2006.09.006,pubmed,2007,Journal of ethnopharmacology,Punica granatum,5
pmid:17161567,17161567,10.1016/j.jep.2006.10.038,pubmed,2007,Journal of ethnopharmacology,Physalis peruviana,4
pmid:17178202,17178202,10.1016/j.jep.2006.11.010,pubmed,2007,Journal of ethnopharmacology,Maytenus macrocarpa,4
pmid:17182164,17182164,10.1016/j.pnpbp.2006.11.004,pubmed,2007,Progress in neuro-psychopharmacology & biological psychiatry,Schinus molle,6
pmid:17210508,17210508,10.1016/j.ctcp.2006.10.003,pubmed,2007,Complementary therapies in clinical practice,Uncaria tomentosa,3
pmid:17215089,17215089,10.1016/j.fitote.2006.09.030,pubmed,2007,Fitoterapia,Passiflora edulis,3
pmid:17227067,17227067,10.1021/jf062740i,pubmed,2007,Journal of agricultural and food chemistry,Solanum tuberosum,6
pmid:17234373,17234373,10.1016/j.jep.2006.12.006,pubmed,2007,Journal of ethnopharmacology,Bixa orellana; Piper aduncum,3
pmid:17252394,17252394,10.1055/s-2006-957699,pubmed,1997,Planta medica,Schinus molle,1
pmid:17252423,17252423,10.1055/s-2006-957819,pubmed,1996,Planta medica,Croton lechleri,1
pmid:17257791,17257791,10.1016/j.jep.2006.11.035,pubmed,2007,Journal of ethnopharmacology,Malva sylvestris; Matricaria chamomilla,4
pmid:17280492,17280492,10.1089/ars.2006.1492,pubmed,2007,Antioxidants & redox signaling,Argemone mexicana,3
pmid:17286240,17286240,10.1055/s-2007-967115,pubmed,2007,Planta medica,Morinda citrifolia,4
pmid:17293933,17293933,10.1590/s0102-86502006000900004,pubmed,2006,Acta cirurgica brasileira,Passiflora edulis,9
pmid:17296281,17296281,10.1016/j.jep.2007.01.015,pubmed,2007,Journal of ethnopharmacology,Annona muricata,4
pmid:17316020,17316020,10.1021/jf063148w,pubmed,2007,Journal of agricultural and food chemistry,Smallanthus sonchifolius,4
pmid:17319624,17319624,10.12968/jowc.2007.16.2.27006,pubmed,2007,Journal of wound care,Morinda citrifolia,7
pmid:17324258,17324258,10.1186/1746-4269-3-11,pubmed,2007,Journal of ethnobiology and ethnomedicine,Calendula officinalis; Matricaria chamomilla; Plantago major; Taraxacum officinale,7
pmid:17367428,17367428,10.1111/j.1743-6109.2007.00437.x,pubmed,2007,The journal of sexual medicine,Lepidium meyenii,4
pmid:17369959,17369959,,pubmed,2007,Cryo letters,Oxalis tuberosa,4
pmid:17426895,17426895,10.1590/s1806-83242007000100008,pubmed,2007,Brazilian oral research,Uncaria tomentosa,4
pmid:17440624,17440624,10.1358/mf.2007.29.2.1075347,pubmed,2007,Methods and findings in experimental and clinical pharmacology,Punica granatum,7
pmid:17443293,17443293,10.1007/s10709-007-9150-9,pubmed,2008,Genetica,Oxalis tuberosa,5
pmid:17480214,17480214,10.1186/1746-4269-3-22,pubmed,2007,Journal of ethnobiology and ethnomedicine,Taraxacum officinale,7
pmid:17490831,17490831,10.1016/j.fitote.2006.11.021,pubmed,2007,Fitoterapia,Schinus molle,1
pmid:17499928,17499928,10.1016/j.burns.2006.10.384,pubmed,2007,Burns : journal of the International Society for Burn Injuries,Aloe vera,4
pmid:17532158,17532158,10.1016/j.jep.2007.04.012,pubmed,2007,Journal of ethnopharmacology,Banisteriopsis caapi; Psychotria viridis,4
pmid:17543435,17543435,10.1016/j.fct.2007.04.002,pubmed,2007,Food and chemical toxicology : an international journal published for the British Industrial Biological Research Association,Lepidium meyenii,4
pmid:17546228,17546228,,pubmed,2007,Biomedica : revista del Instituto Nacional de Salud,Physalis peruviana,5
pmid:17552153,17552153,,pubmed,2007,Zhongguo Zhong yao za zhi = Zhongguo zhongyao zazhi = China journal of Chinese materia medica,Eucalyptus globulus,4
pmid:17555572,17555572,10.1186/1746-4269-3-27,pubmed,2007,Journal of ethnobiology and ethnomedicine,Origanum vulgare,6
pmid:17561385,17561385,10.1016/j.phymed.2007.04.005,pubmed,2007,Phytomedicine : international journal of phytotherapy and phytopharmacology,Morinda citrifolia,4
pmid:17583499,17583499,10.1016/j.biortech.2007.04.066,pubmed,2008,Bioresource technology,Minthostachys mollis; Rosmarinus officinalis; Tagetes minuta,4
pmid:17619071,17619071,10.1016/j.fct.2007.05.016,pubmed,2007,Food and chemical toxicology : an international journal published for the British Industrial Biological Research Association,Uncaria tomentosa,6
pmid:17628343,17628343,10.1016/j.vetpar.2007.06.014,pubmed,2007,Veterinary parasitology,Aloe vera; Calendula officinalis; Plantago major,5
pmid:17651054,17651054,10.1089/jmf.2006.290,pubmed,2007,Journal of medicinal food,Punica granatum,4
pmid:17683465,17683465,10.1111/j.1439-0272.2007.00783.x,pubmed,2007,Andrologia,Lepidium meyenii,4
pmid:17715892,17715892,10.1021/jf0712447,pubmed,2007,Journal of agricultural and food chemistry,Smallanthus sonchifolius,4
pmid:17716845,17716845,10.1016/j.jep.2007.07.008,pubmed,2007,Journal of ethnopharmacology,Psidium guajava,5
pmid:17764964,17764964,10.1016/j.plaphy.2007.06.004,pubmed,2007,Plant physiology and biochemistry : PPB,Smallanthus sonchifolius,5
pmid:17767753,17767753,10.1590/s1677-55382007000400006,pubmed,2007,International braz j urol : official journal of the Brazilian Society of Urology,Bixa orellana,7
pmid:17804183,17804183,10.1016/j.jep.2007.07.023,pubmed,2007,Journal of ethnopharmacology,Equisetum bogotense,6
pmid:17825510,17825510,10.1016/j.jep.2007.07.009,pubmed,2007,Journal of ethnopharmacology,Psidium guajava,5
pmid:17851397,17851397,10.3390/12030389,europe_pmc,2007,,Piper aduncum,3
pmid:17870592,17870592,10.1016/j.plaphy.2007.07.012,pubmed,2007,Plant physiology and biochemistry : PPB,Solanum americanum,4
pmid:17920092,17920092,10.1016/j.trstmh.2007.05.017,pubmed,2007,Transactions of the Royal Society of Tropical Medicine and Hygiene,Argemone mexicana,4
pmid:17936865,17936865,10.1016/j.phytochem.2007.08.030,pubmed,2008,Phytochemistry,Eucalyptus globulus,5
pmid:17939735,17939735,10.1021/jf071953k,pubmed,2007,Journal of agricultural and food chemistry,Matricaria chamomilla,4
pmid:17940606,17940606,10.1371/journal.pone.0001042,europe_pmc,2007,,Opuntia ficus-indica,4
pmid:17949929,17949929,10.1016/j.jep.2007.09.006,pubmed,2008,Journal of ethnopharmacology,Taraxacum officinale,5
pmid:1795521,1795521,10.1016/0378-8741(91)90035-c,pubmed,1991,Journal of ethnopharmacology,Matricaria chamomilla; Rosmarinus officinalis,4
pmid:17974032,17974032,10.1186/1472-6882-7-34,pubmed,2007,BMC complementary and alternative medicine,Lepidium meyenii; Uncaria guianensis,7
pmid:17997062,17997062,10.1016/j.jep.2007.09.028,pubmed,2008,Journal of ethnopharmacology,Theobroma cacao,7
pmid:18001037,18001037,10.1021/jf072119y,pubmed,2007,Journal of agricultural and food chemistry,Passiflora edulis,3
pmid:18036756,18036756,10.1016/j.jep.2007.10.011,pubmed,2008,Journal of ethnopharmacology,Punica granatum,3
pmid:18037151,18037151,10.1016/j.taap.2007.10.005,pubmed,2008,Toxicology and applied pharmacology,Aloe vera; Taraxacum officinale,6
pmid:18042394,18042394,10.1016/j.plaphy.2007.10.014,pubmed,2008,Plant physiology and biochemistry : PPB,Theobroma cacao,8
pmid:18044831,18044831,10.1021/jf0726583,pubmed,2007,Journal of agricultural and food chemistry,Solanum tuberosum,5
pmid:18053321,18053321,10.1211/jpp.59.12.0001,pubmed,2007,The Journal of pharmacy and pharmacology,Morinda citrifolia,3
pmid:18054420,18054420,10.1016/j.fct.2007.10.031,pubmed,2008,Food and chemical toxicology : an international journal published for the British Industrial Biological Research Association,Lepidium meyenii; Smallanthus sonchifolius,4
pmid:18063331,18063331,10.1016/j.jep.2007.10.039,pubmed,2008,Journal of ethnopharmacology,Rosmarinus officinalis,6
pmid:18066553,18066553,10.1007/s00299-007-0490-9,pubmed,2008,Plant cell reports,Matricaria chamomilla,5
pmid:18072824,18072824,,pubmed,2007,Alternative medicine review : a journal of clinical therapeutic,Urtica urens,1
pmid:18075896,18075896,10.1080/14786410701589899,pubmed,2008,Natural product research,Xenophyllum poposum,4
pmid:18098063,18098063,10.1080/00498250701713968,pubmed,2008,Xenobiotica; the fate of foreign compounds in biological systems,Urtica urens,5
pmid:1814628,1814628,10.1248/cpb.39.3346,pubmed,1991,Chemical & pharmaceutical bulletin,Bixa orellana,2
pmid:1816698,1816698,,pubmed,1991,Verhandelingen - Koninklijke Academie voor Geneeskunde van Belgie,Erythroxylum coca,4
pmid:18175984,18175984,10.1248/cpb.56.93,pubmed,2008,Chemical & pharmaceutical bulletin,Brunfelsia grandiflora,2
pmid:18201354,18201354,10.1111/j.1600-0781.2008.00330.x,pubmed,2008,"Photodermatology, photoimmunology & photomedicine",Lepidium meyenii,5
pmid:18239309,18239309,10.1248/cpb.56.199,pubmed,2008,Chemical & pharmaceutical bulletin,Smallanthus sonchifolius,4
pmid:18279801,18279801,10.1016/j.intimp.2007.11.010,pubmed,2008,International immunopharmacology,Uncaria tomentosa,5
pmid:18353572,18353572,10.1016/j.jep.2008.01.025,pubmed,2008,Journal of ethnopharmacology,Psidium guajava,4
pmid:18404309,18404309,10.1007/s11418-008-0228-1,pubmed,2008,Journal of natural medicines,Matricaria chamomilla,5
pmid:1840797,1840797,,pubmed,1991,Bollettino della Societa italiana di biologia sperimentale,Ullucus tuberosus,1
pmid:1840798,1840798,,pubmed,1991,Bollettino della Societa italiana di biologia sperimentale,Ullucus tuberosus,1
pmid:18418450,18418450,,pubmed,2008,Revista de gastroenterologia del Peru : organo oficial de la Sociedad de Gastroenterologia del Peru,Smallanthus sonchifolius,7
pmid:18425335,18425335,,pubmed,2008,International journal of oncology,Taraxacum officinale,4
pmid:18452959,18452959,10.1016/j.phytochem.2008.03.001,pubmed,2008,Phytochemistry,Chenopodium quinoa,5
pmid:18457827,18457827,10.1016/j.ejphar.2008.03.021,pubmed,2008,European journal of pharmacology,Schinus molle,6
pmid:18477205,18477205,10.1111/j.1439-0272.2008.00834.x,pubmed,2008,Andrologia,Lepidium meyenii,5
pmid:18490991,18490991,10.3114/sim.2006.56.04,pubmed,2006,Studies in mycology,Theobroma cacao,5
pmid:18506697,18506697,10.1002/bmc.1023,pubmed,2008,Biomedical chromatography : BMC,Banisteriopsis caapi; Psychotria viridis,3
pmid:18511141,18511141,10.1016/j.ijfoodmicro.2008.04.005,pubmed,2008,International journal of food microbiology,Schinus molle,7
pmid:18535297,18535297,10.1093/jxb/ern073,pubmed,2008,Journal of experimental botany,Solanum tuberosum,5
pmid:18537130,18537130,10.1002/mnfr.200700189,pubmed,2008,Molecular nutrition & food research,Chenopodium pallidicaule,4
pmid:18550306,18550306,10.1016/j.jep.2008.04.022,pubmed,2008,Journal of ethnopharmacology,Punica granatum,8
pmid:18558457,18558457,10.1016/j.fct.2008.05.001,pubmed,2008,Food and chemical toxicology : an international journal published for the British Industrial Biological Research Association,Mauritia flexuosa,4
pmid:18560173,18560173,10.1007/s12041-008-0006-6,pubmed,2008,Journal of genetics,Chenopodium quinoa,5
pmid:18579110,18579110,10.1016/j.jep.2008.05.030,pubmed,2008,Journal of ethnopharmacology,Minthostachys mollis,7
pmid:18579763,18579763,10.1167/iovs.07-0633,pubmed,2008,Investigative ophthalmology & visual science,Physalis peruviana,5
pmid:18589579,18589579,,pubmed,2008,Archivos latinoamericanos de nutricion,Psidium guajava,3
pmid:18590349,18590349,,pubmed,2008,Alternative medicine review : a journal of clinical therapeutic,Punica granatum,3
pmid:18596648,18596648,10.3390/molecules13061219,pubmed,2008,"Molecules (Basel, Switzerland)",Croton lechleri,5
pmid:18598170,18598170,10.1089/jmf.2007.722,pubmed,2008,Journal of medicinal food,Passiflora edulis,5
pmid:18598183,18598183,10.1089/jmf.2006.010,pubmed,2008,Journal of medicinal food,Punica granatum,5
pmid:18633692,18633692,10.1007/s11418-008-0269-5,pubmed,2008,Journal of natural medicines,Morinda citrifolia,3
pmid:18638702,18638702,10.1016/j.drugpo.2006.11.001,pubmed,2008,The International journal on drug policy,Banisteriopsis caapi; Psychotria viridis,4
pmid:18654853,18654853,10.1007/s11130-008-0083-y,pubmed,2008,"Plant foods for human nutrition (Dordrecht, Netherlands)",Morinda citrifolia,5
pmid:18662012,18662012,10.1021/jf8012053,pubmed,2008,Journal of agricultural and food chemistry,Ullucus tuberosus,5
pmid:18676186,18676186,10.1016/j.jchromb.2008.07.019,pubmed,2008,"Journal of chromatography. B, Analytical technologies in the biomedical and life sciences",Piper aduncum,3
pmid:18681154,18681154,,pubmed,2008,Journal of drugs in dermatology : JDD,Aloe vera,4
pmid:18700847,18700847,10.1111/j.1439-0396.2008.00855.x,pubmed,2009,Journal of animal physiology and animal nutrition,Calendula officinalis,5
pmid:18767246,18767246,10.4238/vol7-3gmr481,pubmed,2008,Genetics and molecular research : GMR,Piper aduncum,4
pmid:18773125,18773125,10.1358/mf.2008.30.4.1186073,pubmed,2008,Methods and findings in experimental and clinical pharmacology,Bixa orellana,4
pmid:18781073,18781073,10.1159/000155214,pubmed,2008,Digestion,Smallanthus sonchifolius,6
pmid:18784609,18784609,10.1097/gme.0b013e3181732953,pubmed,2008,"Menopause (New York, N.Y.)",Lepidium meyenii,7
pmid:18794775,18794775,10.3390/molecules13081599,pubmed,2008,"Molecules (Basel, Switzerland)",Aloe vera,4
pmid:18798172,18798172,10.1002/jobm.200800093,pubmed,2009,Journal of basic microbiology,Smallanthus sonchifolius,4
pmid:18827930,18827930,10.1371/journal.pone.0003311,europe_pmc,2008,,Theobroma cacao,4
pmid:18836348,18836348,10.1097/WNF.0b013e31815a5eef,pubmed,2008,Clinical neuropharmacology,Uncaria tomentosa,2
pmid:18922386,18922386,10.1016/j.jjcc.2008.06.004,pubmed,2008,Journal of cardiology,Myrciaria dubia,5
pmid:18937493,18937493,10.1021/jf801370b,pubmed,2008,Journal of agricultural and food chemistry,Solanum tuberosum,5
pmid:18944963,18944963,10.1094/PHYTO.1998.88.3.185,pubmed,1998,Phytopathology,Erythroxylum coca,7
pmid:18945021,18945021,10.1094/PHYTO.1997.87.12.1220,pubmed,1997,Phytopathology,Erythroxylum coca,4
pmid:18955346,18955346,10.1093/ecam/nen041,pubmed,2009,Evidence-based complementary and alternative medicine : eCAM,Lepidium meyenii,2
pmid:18955369,18955369,10.1093/ecam/nen063,europe_pmc,2011,,Lepidium meyenii,4
pmid:19004422,19004422,10.1080/02791072.2008.10400645,pubmed,2008,Journal of psychoactive drugs,Banisteriopsis caapi,4
pmid:19015020,19015020,10.1016/j.jep.2008.10.019,pubmed,2009,Journal of ethnopharmacology,Morinda citrifolia,5
pmid:19023816,19023816,10.1080/14786410701848154,pubmed,2008,Natural product research,Schinus molle,4
pmid:19031255,19031255,10.1080/10286020802361230,pubmed,2008,Journal of Asian natural products research,Smallanthus sonchifolius,2
pmid:19032684,19032684,10.1111/j.1439-0272.2008.00868.x,pubmed,2008,Andrologia,Tropaeolum tuberosum,4
pmid:19055438,19055438,10.1094/PHYTO-99-1-0082,pubmed,2009,Phytopathology,Physalis peruviana,7
pmid:19105644,19105644,10.1021/jf8025452,pubmed,2009,Journal of agricultural and food chemistry,Solanum tuberosum,5
pmid:19132333,19132333,10.1007/s00122-008-0953-6,pubmed,2009,TAG. Theoretical and applied genetics. Theoretische und angewandte Genetik,Solanum tuberosum,6
pmid:19140116,19140116,10.1002/pca.1110,pubmed,2009,Phytochemical analysis : PCA,Banisteriopsis caapi; Psychotria viridis,4
pmid:19146199,19146199,,pubmed,2008,European review for medical and pharmacological sciences,Uncaria guianensis,5
pmid:19146936,19146936,10.1016/j.jep.2008.12.008,pubmed,2009,Journal of ethnopharmacology,Eucalyptus globulus,8
pmid:19153765,19153765,10.1007/s00436-009-1330-3,pubmed,2009,Parasitology research,Psidium guajava,4
pmid:19175366,19175366,10.1111/j.1742-7843.2008.00366.x,pubmed,2009,Basic & clinical pharmacology & toxicology,Uncaria tomentosa,5
pmid:19201196,19201196,10.1016/j.bmc.2009.01.045,pubmed,2009,Bioorganic & medicinal chemistry,Uncaria tomentosa,5
pmid:19218914,19218914,,pubmed,2009,"Giornale italiano di dermatologia e venereologia : organo ufficiale, Societa italiana di dermatologia e sifilografia",Aloe vera,5
pmid:19228323,19228323,10.1111/j.1438-8677.2008.00110.x,pubmed,2009,"Plant biology (Stuttgart, Germany)",Amaranthus caudatus; Chenopodium quinoa,5
pmid:19230402,19230402,,europe_pmc,2008,,Smallanthus sonchifolius,3
pmid:19241279,19241279,10.1080/14786410802346223,pubmed,2010,Natural product research,Schinus molle,3
pmid:19260845,19260845,10.1111/j.1439-0272.2008.00892.x,pubmed,2009,Andrologia,Lepidium meyenii,5
pmid:19271677,19271677,10.3852/08-161,pubmed,2009,Mycologia,Theobroma cacao,4
pmid:19275712,19275712,10.2174/157340609787582918,pubmed,2009,Medicinal chemistry (Shariqah (United Arab Emirates)),Morinda citrifolia,4
pmid:19295818,19295818,,pubmed,1983,Journal of nematology,Oxalis tuberosa,3
pmid:19298212,19298212,10.1089/jmf.2008.0046,pubmed,2009,Journal of medicinal food,Eucalyptus globulus,6
pmid:19330924,19330924,10.1016/j.jep.2009.01.011,pubmed,2009,Journal of ethnopharmacology,Theobroma cacao,5
pmid:19341262,19341262,10.1021/np8006205,europe_pmc,2009,,Dracontium loretense,1
pmid:19353489,19353489,10.1055/s-0029-1185536,pubmed,2009,Planta medica,Passiflora edulis,4
pmid:19396566,19396566,10.1007/s11250-009-9348-1,europe_pmc,2009,,Tagetes minuta,4
pmid:19406630,19406630,10.1016/j.phymed.2009.02.003,pubmed,2009,Phytomedicine : international journal of phytotherapy and phytopharmacology,Croton lechleri,5
pmid:19424801,19424801,10.1007/s11130-009-0109-0,pubmed,2009,"Plant foods for human nutrition (Dordrecht, Netherlands)",Chenopodium pallidicaule,4
pmid:19425186,19425186,10.1016/j.fct.2009.01.044,pubmed,2009,Food and chemical toxicology : an international journal published for the British Industrial Biological Research Association,Physalis peruviana,5
pmid:19429323,19429323,10.1016/j.jep.2009.01.022,pubmed,2009,Journal of ethnopharmacology,Schinus molle,5
pmid:19434974,19434974,,pubmed,2007,Le Mali medical,Argemone mexicana,5
pmid:19441062,19441062,10.1002/ptr.2848,pubmed,2009,Phytotherapy research : PTR,Urtica urens,4
pmid:19446683,19446683,10.1016/j.disamonth.2009.03.009,pubmed,2009,Disease-a-month : DM,Solanum tuberosum,1
pmid:19459727,19459727,10.1089/jmf.2008.0113,pubmed,2009,Journal of medicinal food,Physalis peruviana; Prosopis pallida,6
pmid:19467313,19467313,10.1016/j.jep.2009.05.011,pubmed,2009,Journal of ethnopharmacology,Parastrephia lucida; Tetraglochin cristatum,8
pmid:19469401,19469401,,pubmed,2008,West African journal of medicine,Solanum americanum,4
pmid:19470106,19470106,10.1111/j.1438-8677.2008.00115.x,pubmed,2009,"Plant biology (Stuttgart, Germany)",Azorella compacta,4
pmid:19491371,19491371,10.3181/0902-RM-84,pubmed,2009,"Experimental biology and medicine (Maywood, N.J.)",Passiflora edulis,3
pmid:19514108,19514108,10.1016/j.jep.2009.03.041,pubmed,2009,Journal of ethnopharmacology,Carica papaya; Piper aduncum,6
pmid:19562375,19562375,10.1007/s00436-009-1537-3,pubmed,2009,Parasitology research,Argemone mexicana,4
pmid:19573994,19573994,10.1016/j.vetpar.2009.06.006,pubmed,2009,Veterinary parasitology,Piper aduncum,4
pmid:19635530,19635530,10.1016/j.fitote.2009.07.005,pubmed,2010,Fitoterapia,Azorella compacta,4
pmid:19635747,19635747,10.1093/jxb/erp186,pubmed,2009,Journal of experimental botany,Lupinus mutabilis,5
pmid:19656003,19656003,10.3109/03639040903099728,pubmed,2010,Drug development and industrial pharmacy,Mauritia flexuosa,4
pmid:19678736,19678736,10.1080/08923970903143957,pubmed,2010,Immunopharmacology and immunotoxicology,Physalis peruviana,4
pmid:19678785,19678785,10.1089/acm.2008.0152,pubmed,2009,"Journal of alternative and complementary medicine (New York, N.Y.)",Taraxacum officinale,5
pmid:19706693,19706693,10.1093/ecam/nep111,pubmed,2011,Evidence-based complementary and alternative medicine : eCAM,Argemone mexicana,5
pmid:19724995,19724995,10.1055/s-0029-1186048,pubmed,2010,Planta medica,Uncaria tomentosa,4
pmid:19731611,19731611,,pubmed,2009,Natural product communications,Minthostachys mollis,3
pmid:19733875,19733875,10.1016/j.trstmh.2009.07.005,pubmed,2010,Transactions of the Royal Society of Tropical Medicine and Hygiene,Argemone mexicana,5
pmid:19735168,19735168,10.1089/jmf.2008.0122,pubmed,2009,Journal of medicinal food,Chenopodium pallidicaule; Chenopodium quinoa; Lupinus mutabilis,6
pmid:19735732,19735732,10.1016/j.phrs.2009.08.008,pubmed,2010,Pharmacological research,Theobroma cacao,5
pmid:19738984,19738984,10.1590/s0100-879x2009000900003,pubmed,2009,Brazilian journal of medical and biological research = Revista brasileira de pesquisas medicas e biologicas,Parastrephia lucida,4
pmid:19753839,19753839,,pubmed,2009,Biomedica : revista del Instituto Nacional de Salud,Achyrocline alata,7
pmid:19766688,19766688,10.1016/j.fct.2009.09.017,pubmed,2010,Food and chemical toxicology : an international journal published for the British Industrial Biological Research Association,Mauritia flexuosa,4
pmid:19770266,19770266,10.1093/ecam/nep127,pubmed,2011,Evidence-based complementary and alternative medicine : eCAM,Schinus molle,5
pmid:19774604,19774604,10.1002/cbdv.200800212,pubmed,2009,Chemistry & biodiversity,Piper aduncum,4
pmid:19788943,19788943,10.1016/j.actbio.2009.09.018,pubmed,2010,Acta biomaterialia,Calendula officinalis,5
pmid:19798419,19798419,10.1371/journal.pone.0007238,pubmed,2009,PloS one,Croton lechleri,6
pmid:19808995,19808995,10.1124/mol.109.061051,pubmed,2010,Molecular pharmacology,Croton lechleri,5
pmid:1981810,1981810,10.1055/s-2006-961004,pubmed,1990,Planta medica,Morinda citrifolia,3
pmid:19831029,19831029,,pubmed,2009,Natural product communications,Smallanthus sonchifolius,3
pmid:19831414,19831414,10.1021/jf9022096,pubmed,2009,Journal of agricultural and food chemistry,Opuntia ficus-indica,3
pmid:19838937,19838937,10.1080/01635580902825605,pubmed,2009,Nutrition and cancer,Morinda citrifolia,4
pmid:1985783,1985783,,pubmed,1991,Cancer research,Amaranthus caudatus,7
pmid:19879939,19879939,10.1016/j.jep.2009.10.030,pubmed,2010,Journal of ethnopharmacology,Banisteriopsis caapi,9
pmid:19883072,19883072,10.1021/jf902419t,pubmed,2009,Journal of agricultural and food chemistry,Theobroma cacao,4
pmid:19898596,19898596,,pubmed,2009,Revista de gastroenterologia del Peru : organo oficial de la Sociedad de Gastroenterologia del Peru,Physalis peruviana,6
pmid:19909526,19909526,10.1186/1742-4682-6-24,pubmed,2009,Theoretical biology & medical modelling,Solanum tuberosum,4
pmid:19927600,19927600,10.1177/156482650903000301,pubmed,2009,Food and nutrition bulletin,Erythroxylum coca,6
pmid:19960391,19960391,10.1080/10408390903041996,pubmed,2009,Critical reviews in food science and nutrition,Solanum tuberosum,4
pmid:19961548,19961548,10.1111/j.1399-3054.2009.01324.x,pubmed,2010,Physiologia plantarum,Amaranthus caudatus,3
pmid:19995599,19995599,10.1016/j.jep.2009.12.004,pubmed,2010,Journal of ethnopharmacology,Uncaria tomentosa,6
pmid:20013474,20013474,10.1080/14786410902800723,pubmed,2010,Natural product research,Argemone mexicana,1
pmid:20021760,20021760,10.1603/022.038.0617,pubmed,2009,Environmental entomology,Schinus molle,5
pmid:20028086,20028086,10.1021/jf903104b,pubmed,2010,Journal of agricultural and food chemistry,Solanum tuberosum,6
pmid:20051259,20051259,10.1016/j.jep.2009.12.043,pubmed,2010,Journal of ethnopharmacology,Passiflora edulis,7
pmid:20070402,20070402,10.1111/j.1872-034X.2009.00589.x,pubmed,2010,Hepatology research : the official journal of the Japan Society of Hepatology,Croton lechleri,6
pmid:20090350,20090350,10.1159/000264618,pubmed,2009,Forschende Komplementarmedizin (2006),Lepidium meyenii,5
pmid:20102332,20102332,10.1615/jenvironpatholtoxicoloncol.v28.i4.100,pubmed,2009,"Journal of environmental pathology, toxicology and oncology : official organ of the International Society for Environmental Toxicology and Cancer",Argemone mexicana,6
pmid:20119720,20119720,10.1007/s11418-010-0388-7,pubmed,2010,Journal of natural medicines,Smallanthus sonchifolius,4
pmid:20137904,20137904,10.1016/j.etp.2010.01.003,pubmed,2011,Experimental and toxicologic pathology : official journal of the Gesellschaft fur Toxikologische Pathologie,Bixa orellana,5
pmid:20155621,20155621,10.1080/01635580903285064,pubmed,2009,Nutrition and cancer,Punica granatum,4
pmid:20162002,20162002,10.3390/ijms11010067,pubmed,2010,International journal of molecular sciences,Taraxacum officinale,4
pmid:20167063,20167063,10.1186/1471-2407-10-46,pubmed,2010,BMC cancer,Physalis peruviana,7
pmid:20170403,20170403,10.1089/ars.2009.2896,europe_pmc,2010,,Bixa orellana,6
pmid:20175810,20175810,10.1111/j.1365-2710.2009.01096.x,pubmed,2010,Journal of clinical pharmacy and therapeutics,Calendula officinalis; Punica granatum,8
pmid:20184030,20184030,,pubmed,2010,Natural product communications,Smallanthus sonchifolius,4
pmid:20185303,20185303,10.1016/j.biortech.2010.01.093,pubmed,2010,Bioresource technology,Lepidium meyenii; Schinus molle; Tagetes minuta,5
pmid:20208347,20208347,10.1271/bbb.90775,pubmed,2010,"Bioscience, biotechnology, and biochemistry",Myrciaria dubia,4
pmid:20211156,20211156,10.1016/j.cbi.2010.03.004,pubmed,2010,Chemico-biological interactions,Smallanthus sonchifolius,6
pmid:20219660,20219660,10.1016/j.jep.2010.02.013,pubmed,2010,Journal of ethnopharmacology,Banisteriopsis caapi,10
pmid:20249097,20249097,,pubmed,1947,The Journal of physiology,Urtica urens,1
pmid:20301017,20301017,10.1080/10408390802544454,pubmed,2010,Critical reviews in food science and nutrition,Aloe vera,5
pmid:20309824,20309824,10.4238/vol9-1gmr747,europe_pmc,2010,,Tagetes minuta,4
pmid:20346291,20346291,10.1016/j.riam.2010.01.005,pubmed,2010,Revista iberoamericana de micologia,Achyrocline alata; Baccharis latifolia,5
pmid:20355123,20355123,10.1002/jsfa.3896,pubmed,2010,Journal of the science of food and agriculture,Lepidium meyenii,6
pmid:20358031,20358031,10.4168/aair.2010.2.2.149,pubmed,2010,"Allergy, asthma & immunology research",Smallanthus sonchifolius,4
pmid:20412021,20412021,10.1089/jmf.2009.0023,pubmed,2010,Journal of medicinal food,Solanum americanum,5
pmid:20428033,20428033,10.3390/molecules15042139,pubmed,2010,"Molecules (Basel, Switzerland)",Psidium guajava,5
pmid:20435132,20435132,10.1016/j.jep.2010.04.029,pubmed,2010,Journal of ethnopharmacology,Uncaria tomentosa,8
pmid:20442819,20442819,10.4103/0253-7613.55211,pubmed,2009,Indian journal of pharmacology,Plantago major,7
pmid:20444299,20444299,10.1017/S0022149X10000258,pubmed,2011,Journal of helminthology,Piper aduncum,5
pmid:20465664,20465664,10.1111/j.1365-4632.2009.04269.x,pubmed,2010,International journal of dermatology,Punica granatum,5
pmid:20490300,20490300,10.4103/0250-474X.56038,pubmed,2009,Indian journal of pharmaceutical sciences,Passiflora edulis,1
pmid:20493231,20493231,10.1016/j.pnpbp.2010.05.015,pubmed,2010,Progress in neuro-psychopharmacology & biological psychiatry,Opuntia ficus-indica,5
pmid:20512762,20512762,,pubmed,2010,Folia morphologica,Eucalyptus globulus,6
pmid:20561925,20561925,10.1016/j.jep.2010.05.046,pubmed,2010,Journal of ethnopharmacology,Taraxacum officinale,6
pmid:20561928,20561928,10.1016/j.jep.2010.05.045,pubmed,2010,Journal of ethnopharmacology,Psidium guajava,8
pmid:20564509,20564509,10.1002/ptr.3188,pubmed,2010,Phytotherapy research : PTR,Urtica urens,3
pmid:2056755,2056755,10.1016/0378-8741(91)90011-2,pubmed,1991,Journal of ethnopharmacology,Solanum americanum,4
pmid:20574119,20574119,10.22034/iji.2010.17041,pubmed,2010,Iranian journal of immunology : IJI,Punica granatum,6
pmid:20582934,20582934,10.1002/jsfa.4053,pubmed,2010,Journal of the science of food and agriculture,Amaranthus caudatus; Chenopodium pallidicaule; Chenopodium quinoa,4
pmid:20584265,20584265,10.1186/1472-6882-10-33,pubmed,2010,BMC complementary and alternative medicine,Psidium guajava,8
pmid:20616517,20616517,10.1159/000315214,pubmed,2010,Forschende Komplementarmedizin (2006),Lepidium meyenii,4
pmid:20623195,20623195,10.1007/s11130-010-0176-2,pubmed,2010,"Plant foods for human nutrition (Dordrecht, Netherlands)",Opuntia ficus-indica,3
pmid:20628942,20628942,10.1080/10286020.2010.482523,pubmed,2010,Journal of Asian natural products research,Physalis peruviana,2
pmid:20633625,20633625,10.1016/j.jep.2010.07.007,pubmed,2010,Journal of ethnopharmacology,Rosmarinus officinalis,6
pmid:20645768,20645768,10.3109/13880200903264434,pubmed,2010,Pharmaceutical biology,Morinda citrifolia,5
pmid:20645832,20645832,10.3109/13880200903062622,pubmed,2010,Pharmaceutical biology,Argemone mexicana,1
pmid:20678568,20678568,10.1016/j.jep.2010.07.048,pubmed,2010,Journal of ethnopharmacology,Banisteriopsis caapi,6
pmid:20691074,20691074,10.1186/1472-6882-10-44,pubmed,2010,BMC complementary and alternative medicine,Lepidium meyenii,6
pmid:20698880,20698880,10.1111/j.1600-0625.2010.01090.x,pubmed,2010,Experimental dermatology,Croton lechleri,4
pmid:20722898,20722898,10.1111/j.1750-3841.2010.01711.x,pubmed,2010,Journal of food science,Schinus molle,5
pmid:20727145,20727145,10.1186/1476-511X-9-88,pubmed,2010,Lipids in health and disease,Morinda citrifolia,5
pmid:20728520,20728520,10.1016/j.jep.2010.08.035,pubmed,2010,Journal of ethnopharmacology,Schinus molle,5
pmid:20799271,20799271,10.1002/pca.1246,pubmed,2011,Phytochemical analysis : PCA,Morinda citrifolia,7
pmid:20799345,20799345,10.1002/ptr.3281,pubmed,2011,Phytotherapy research : PTR,Uncaria guianensis,4
pmid:20800944,20800944,10.1016/j.ultrasmedbio.2010.06.012,pubmed,2010,Ultrasound in medicine & biology,Aloe vera,4
pmid:20804827,20804827,10.1016/j.fitote.2010.08.015,pubmed,2011,Fitoterapia,Morinda citrifolia,3
pmid:20814881,20814881,10.1002/jsfa.4158,pubmed,2010,Journal of the science of food and agriculture,Chenopodium quinoa,4
pmid:20830669,20830669,10.4238/vol9-3gmr889,pubmed,2010,Genetics and molecular research : GMR,Theobroma cacao,3
pmid:20857519,20857519,10.3748/wjg.v16.i36.4504,pubmed,2010,World journal of gastroenterology,Plantago major,6
pmid:20858541,20858541,10.1016/j.jep.2010.08.063,pubmed,2011,Journal of ethnopharmacology,Morinda citrifolia,6
pmid:20859638,20859638,10.1007/s00425-010-1272-0,pubmed,2010,Planta,Theobroma cacao,5
pmid:20873419,20873419,,pubmed,2010,Acta poloniae pharmaceutica,Malva sylvestris; Punica granatum,5
pmid:20882359,20882359,10.1007/s11418-010-0459-9,pubmed,2011,Journal of natural medicines,Bixa orellana,4
pmid:20929258,20929258,10.1021/ol102179u,pubmed,2010,Organic letters,Psidium guajava,2
pmid:20931082,20931082,10.4103/0973-1296.66939,pubmed,2010,Pharmacognosy magazine,Psidium guajava,3
pmid:20931161,20931161,,pubmed,2010,La Clinica terapeutica,Aloe vera,4
pmid:20942601,20942601,10.3109/13880209.2010.504927,pubmed,2011,Pharmaceutical biology,Brunfelsia grandiflora,5
pmid:20951787,20951787,10.1016/j.jep.2010.10.019,pubmed,2011,Journal of ethnopharmacology,Smallanthus sonchifolius,8
pmid:20953430,20953430,10.1155/2011/515647,pubmed,2011,Evidence-based complementary and alternative medicine : eCAM,Bixa orellana,5
pmid:20954086,20954086,10.1080/14786411003752060,pubmed,2010,Natural product research,Smallanthus sonchifolius,3
pmid:20961452,20961452,10.1186/1472-6882-10-61,pubmed,2010,BMC complementary and alternative medicine,Theobroma cacao,7
pmid:20981618,20981618,10.1080/14786411003594058,pubmed,2010,Natural product research,Smallanthus sonchifolius,3
pmid:21052500,21052500,10.1155/2011/690346,pubmed,2011,Evidence-based complementary and alternative medicine : eCAM,Eucalyptus globulus; Rosmarinus officinalis,4
pmid:21053691,21053691,,pubmed,2010,Acta odontologica latinoamericana : AOL,Calendula officinalis; Croton lechleri; Matricaria chamomilla,5
pmid:21069123,21069123,,pubmed,2010,Journal of primary health care,Morinda citrifolia,1
pmid:21075189,21075189,10.1016/j.jep.2010.11.015,pubmed,2011,Journal of ethnopharmacology,Taraxacum officinale,7
pmid:21078185,21078185,10.1186/1471-2229-10-248,pubmed,2010,BMC plant biology,Carica papaya; Theobroma cacao,7
pmid:21079663,21079663,,pubmed,2010,Iranian biomedical journal,Eucalyptus globulus,5
pmid:21111038,21111038,10.1016/j.jep.2010.11.039,pubmed,2011,Journal of ethnopharmacology,Passiflora edulis,8
pmid:21129021,21129021,10.1111/j.1523-1739.1989.tb00240.x,pubmed,1989,Conservation biology : the journal of the Society for Conservation Biology,Mauritia flexuosa; Myrciaria dubia,4
pmid:21129455,21129455,10.1016/j.fitote.2010.11.023,pubmed,2011,Fitoterapia,Rosmarinus officinalis,5
pmid:21152727,21152727,10.1590/s1726-46342010000300007,pubmed,2010,Revista peruana de medicina experimental y salud publica,Plukenetia volubilis,6
pmid:21155461,21155461,,pubmed,2010,"Oncology (Williston Park, N.Y.)",Morinda citrifolia,1
pmid:21156346,21156346,10.1016/j.phymed.2010.11.002,pubmed,2011,Phytomedicine : international journal of phytotherapy and phytopharmacology,Uncaria tomentosa,5
pmid:21163341,21163341,10.1016/j.jep.2010.12.004,pubmed,2011,Journal of ethnopharmacology,Morinda citrifolia,8
pmid:21182433,21182433,10.1089/jmf.2010.0139,pubmed,2011,Journal of medicinal food,Matricaria chamomilla; Uncaria tomentosa,5
pmid:21204042,21204042,10.1055/s-0030-1250548,pubmed,2011,Planta medica,Argemone mexicana,3
pmid:21205111,21205111,10.1111/j.1463-1326.2010.01336.x,pubmed,2011,"Diabetes, obesity & metabolism",Aloe vera,7
pmid:21212526,21212526,10.1248/bpb.34.103,pubmed,2011,Biological & pharmaceutical bulletin,Morinda citrifolia,4
pmid:21213486,21213486,,pubmed,2004,Journal of the Medical Association of Thailand = Chotmaihet thangphaet,Aloe vera,3
pmid:21247003,21247003,10.15517/rbt.v58i4.5428,pubmed,2010,Revista de biologia tropical,Urtica urens,6
pmid:21252569,21252569,10.1159/000319907,pubmed,2011,"Medical principles and practice : international journal of the Kuwait University, Health Science Centre",Bixa orellana,5
pmid:21255695,21255695,10.1016/j.intimp.2011.01.006,pubmed,2011,International immunopharmacology,Caesalpinia spinosa,5
pmid:21274588,21274588,10.1007/s10142-010-0206-z,pubmed,2011,Functional & integrative genomics,Solanum tuberosum,5
pmid:21282027,21282027,10.1016/j.jpba.2010.12.035,europe_pmc,2011,,Dracontium loretense,6
pmid:21288456,21288456,10.3736/jcim20110213,pubmed,2011,Zhong xi yi jie he xue bao = Journal of Chinese integrative medicine,Amaranthus caudatus,7
pmid:21294416,21294416,,pubmed,2010,Journal of the Medical Association of Thailand = Chotmaihet thangphaet,Morinda citrifolia,6
pmid:21303555,21303555,10.1186/1471-2156-12-23,pubmed,2011,BMC genetics,Physalis peruviana,5
pmid:21327819,21327819,10.1007/s00425-011-1357-4,pubmed,2011,Planta,Argemone mexicana,5
pmid:21345364,21345364,10.1016/j.jep.2011.02.016,pubmed,2011,Journal of ethnopharmacology,Rosmarinus officinalis,6
pmid:21354287,21354287,10.1016/j.jep.2011.02.027,pubmed,2011,Journal of ethnopharmacology,Taraxacum officinale,6
pmid:21365365,21365365,10.1007/s11418-011-0513-2,pubmed,2011,Journal of natural medicines,Argemone mexicana,4
pmid:21373809,21373809,10.1007/s00436-011-2306-7,pubmed,2011,Parasitology research,Argemone mexicana,7
pmid:21375130,21375130,,pubmed,2010,European review for medical and pharmacological sciences,Smallanthus sonchifolius,4
pmid:21384201,21384201,10.1007/s00572-011-0367-1,pubmed,2011,Mycorrhiza,Taraxacum officinale,5
pmid:21401385,21401385,10.3109/08923973.2011.560158,pubmed,2011,Immunopharmacology and immunotoxicology,Aloe vera,4
pmid:21409685,21409685,10.1080/10286020.2010.551344,pubmed,2011,Journal of Asian natural products research,Morinda citrifolia,1
pmid:21417630,21417630,10.3109/15376516.2011.555789,pubmed,2011,Toxicology mechanisms and methods,Punica granatum,4
pmid:21453412,21453412,10.1111/j.1365-2982.2011.01704.x,pubmed,2011,Neurogastroenterology and motility,Taraxacum officinale,6
pmid:21486087,21486087,10.1021/jf2005386,pubmed,2011,Journal of agricultural and food chemistry,Theobroma cacao,4
pmid:21512298,21512298,10.3177/jnsv.57.104,pubmed,2011,Journal of nutritional science and vitaminology,Myrciaria dubia,3
pmid:21528006,21528006,10.1155/2011/365359,europe_pmc,2011,,Aloe vera,4
pmid:21548805,21548805,10.1089/jmf.2010.0254,pubmed,2011,Journal of medicinal food,Morinda citrifolia,4
pmid:21554005,21554005,10.3109/13880209.2011.577436,europe_pmc,2011,,Chuquiraga spinosa,7
pmid:21554121,21554121,10.1089/jmf.2010.0220,pubmed,2011,Journal of medicinal food,Passiflora edulis,4
pmid:2155878,2155878,10.1159/000235087,pubmed,1990,International archives of allergy and applied immunology,Urtica urens,3
pmid:21562638,21562638,10.3164/jcbn.10-78,pubmed,2011,Journal of clinical biochemistry and nutrition,Smallanthus sonchifolius,5
pmid:21616787,21616787,10.3732/ajb.1000225,pubmed,2010,American journal of botany,Lepidium meyenii,5
pmid:21619685,21619685,10.1186/1476-511X-10-89,pubmed,2011,Lipids in health and disease,Amaranthus caudatus,6
pmid:21622305,21622305,10.3732/ajb.0800359,pubmed,2009,American journal of botany,Oxalis tuberosa,5
pmid:21651603,21651603,10.1111/j.1439-0272.2011.01165.x,pubmed,2012,Andrologia,Tropaeolum tuberosum,4
pmid:21652766,21652766,10.1177/1082013210382066,pubmed,2011,Food science and technology international = Ciencia y tecnologia de los alimentos internacional,Psidium guajava,4
pmid:21656603,21656603,10.1002/ptr.3549,pubmed,2011,Phytotherapy research : PTR,Uncaria tomentosa,4
pmid:21663474,21663474,10.1089/jmf.2010.0159,pubmed,2011,Journal of medicinal food,Rosmarinus officinalis,4
pmid:21665705,21665705,10.3732/ajb.89.7.1042,pubmed,2002,American journal of botany,Oxalis tuberosa,5
pmid:21718770,21718770,10.1016/j.jep.2011.06.021,pubmed,2011,Journal of ethnopharmacology,Uncaria tomentosa,7
pmid:21722040,21722040,10.1080/14786419.2010.529809,pubmed,2012,Natural product research,Argemone mexicana,3
pmid:21731161,21731161,10.4314/ajtcam.v7i4.56696,pubmed,2010,"African journal of traditional, complementary, and alternative medicines : AJTCAM",Argemone mexicana,5
pmid:21749141,21749141,10.1021/jf201760f,pubmed,2011,Journal of agricultural and food chemistry,Solanum tuberosum,4
pmid:21750480,21750480,10.3390/molecules16075875,pubmed,2011,"Molecules (Basel, Switzerland)",Mauritia flexuosa; Passiflora edulis,3
pmid:21762188,21762188,10.1111/j.1439-0272.2011.01190.x,pubmed,2012,Andrologia,Lepidium meyenii,4
pmid:21762882,21762882,10.1016/j.brainres.2011.06.044,europe_pmc,2011,,Uncaria tomentosa,5
pmid:21771437,21771437,10.1016/S1995-7645(11)60053-9,pubmed,2011,Asian Pacific journal of tropical medicine,Argemone mexicana; Rosmarinus officinalis,6
pmid:21771655,21771655,10.1016/j.jep.2011.07.011,pubmed,2011,Journal of ethnopharmacology,Uncaria tomentosa,6
pmid:21780878,21780878,10.3109/15376516.2011.583294,pubmed,2011,Toxicology mechanisms and methods,Lepidium meyenii,4
pmid:21783335,21783335,10.1016/j.jpba.2011.06.016,europe_pmc,2011,,Krameria lappacea,5
pmid:21783920,21783920,10.1016/j.etap.2008.08.002,pubmed,2009,Environmental toxicology and pharmacology,Piper aduncum,4
pmid:21787849,21787849,10.1016/j.fitote.2011.07.007,pubmed,2011,Fitoterapia,Smallanthus sonchifolius,3
pmid:21800856,21800856,10.1021/np200343t,pubmed,2011,Journal of natural products,Krameria lappacea,5
pmid:21809407,21809407,10.1002/pca.1335,europe_pmc,2012,,Uncaria tomentosa,5
pmid:21829680,21829680,10.1371/journal.pone.0023004,pubmed,2011,PloS one,Caesalpinia spinosa,7
pmid:21840656,21840656,10.1016/j.maturitas.2011.07.017,pubmed,2011,Maturitas,Lepidium meyenii,5
pmid:21852088,21852088,10.1016/j.jnutbio.2011.04.017,pubmed,2012,The Journal of nutritional biochemistry,Morinda citrifolia,4
pmid:21854562,21854562,10.1186/1472-6882-11-66,europe_pmc,2011,,Lepidium meyenii; Uncaria tomentosa,7
pmid:21858882,21858882,10.1002/pca.1348,pubmed,2012,Phytochemical analysis : PCA,Passiflora edulis; Passiflora ligularis,6
pmid:21877954,21877954,10.1089/jmf.2011.0056,pubmed,2012,Journal of medicinal food,Passiflora edulis,4
pmid:21884775,21884775,10.1016/j.jep.2011.08.036,pubmed,2011,Journal of ethnopharmacology,Schinus molle,8
pmid:21907189,21907189,10.1016/j.cbi.2011.08.009,pubmed,2011,Chemico-biological interactions,Smallanthus sonchifolius,6
pmid:21908070,21908070,10.1016/j.jplph.2011.07.008,pubmed,2011,Journal of plant physiology,Solanum tuberosum,4
pmid:21928376,21928376,10.1002/ptr.3593,europe_pmc,2012,,Eucalyptus globulus; Uncaria tomentosa,5
pmid:21936639,21936639,10.1080/14786419.2011.557376,pubmed,2012,Natural product research,Minthostachys mollis,4
pmid:21939522,21939522,10.1186/1746-4269-7-27,pubmed,2011,Journal of ethnobiology and ethnomedicine,Eucalyptus globulus; Matricaria chamomilla; Origanum vulgare; Plantago major,7
pmid:21977053,21977053,10.1155/2012/193496,pubmed,2012,Evidence-based complementary and alternative medicine : eCAM,Lepidium meyenii,4
pmid:21979137,21979137,10.1007/s00128-011-0409-6,pubmed,2011,Bulletin of environmental contamination and toxicology,Eucalyptus globulus,3
pmid:21992548,21992548,10.3109/1061186X.2011.622396,pubmed,2012,Journal of drug targeting,Solanum tuberosum,5
pmid:21999179,21999179,10.2174/187152811798104908,pubmed,2011,Inflammation & allergy drug targets,Morinda citrifolia,4
pmid:22005052,22005052,10.1097/JCP.0b013e31823607f6,pubmed,2011,Journal of clinical psychopharmacology,Banisteriopsis caapi; Psychotria viridis,5
pmid:22007687,22007687,10.1080/14786419.2011.564582,pubmed,2012,Natural product research,Matricaria chamomilla,4
pmid:22014265,22014265,10.3109/13880209.2011.575793,pubmed,2011,Pharmaceutical biology,Piper aduncum,6
pmid:22016556,22016556,10.1099/jmm.0.036988-0,pubmed,2012,Journal of medical microbiology,Origanum vulgare,5
pmid:22019694,22019694,10.1016/j.fct.2011.10.033,pubmed,2012,Food and chemical toxicology : an international journal published for the British Industrial Biological Research Association,Bixa orellana,4
pmid:22037277,22037277,10.1016/j.steroids.2011.09.011,pubmed,2012,Steroids,Physalis peruviana,1
pmid:22039540,22039540,10.1371/journal.pone.0026719,pubmed,2011,PloS one,Physalis peruviana,4
pmid:22041743,22041743,,pubmed,2011,Tropical biomedicine,Piper aduncum,4
pmid:22043408,22043408,10.5001/omj.2011.40,europe_pmc,2011,,Amaranthus caudatus,5
pmid:22049156,22049156,10.1177/1082013211398803,pubmed,2011,Food science and technology international = Ciencia y tecnologia de los alimentos internacional,Eucalyptus globulus,5
pmid:22049274,22049274,,pubmed,2011,Research in pharmaceutical sciences,Rosmarinus officinalis,6
pmid:22077164,22077164,10.3109/13880209.2011.621959,pubmed,2011,Pharmaceutical biology,Annona muricata; Psidium guajava,6
pmid:22080844,22080844,10.3109/09637486.2011.634788,pubmed,2012,International journal of food sciences and nutrition,Annona muricata; Morinda citrifolia,4
pmid:22085357,22085357,10.1080/14786419.2011.633081,pubmed,2012,Natural product research,Psidium guajava,5
pmid:22096322,22096322,10.4103/0973-7847.79103,pubmed,2011,Pharmacognosy reviews,Matricaria chamomilla,4
pmid:22117784,22117784,10.1111/j.1875-595X.2011.00064.x,pubmed,2011,International dental journal,Aloe vera,5
pmid:22119904,22119904,10.1039/c1fo10170f,pubmed,2012,Food & function,Theobroma cacao,5
pmid:22123438,22123438,10.1016/j.biotechadv.2011.11.004,pubmed,2012,Biotechnology advances,Morinda citrifolia,4
pmid:22126122,22126122,10.1021/jf204376j,pubmed,2012,Journal of agricultural and food chemistry,Origanum vulgare,3
pmid:2213029,2213029,10.1021/np50069a004,pubmed,1990,Journal of natural products,Uncaria tomentosa,1
pmid:22149578,22149578,10.1586/egh.11.87,pubmed,2012,Expert review of gastroenterology & hepatology,Croton lechleri,4
pmid:22172154,22172154,10.1111/j.1365-2184.2011.00797.x,pubmed,2012,Cell proliferation,Psidium guajava,6
pmid:22192092,22192092,10.1111/j.1364-3703.2011.00769.x,pubmed,2012,Molecular plant pathology,Solanum tuberosum,5
pmid:22193175,22193175,10.1016/j.jep.2011.12.004,pubmed,2012,Journal of ethnopharmacology,Origanum vulgare,8
pmid:22217608,22217608,10.1016/j.etap.2011.11.003,europe_pmc,2012,,Uncaria tomentosa,6
pmid:22221093,22221093,10.1111/j.2042-7158.2011.01383.x,europe_pmc,2012,,Malva sylvestris,4
pmid:22249085,22249085,10.4103/1319-3767.91726,pubmed,2012,Saudi journal of gastroenterology : official journal of the Saudi Gastroenterology Association,Aloe vera,5
pmid:22268144,22268144,10.1093/jxb/err436,pubmed,2012,Journal of experimental botany,Amaranthus caudatus,5
pmid:22292423,22292423,10.1080/14786419.2011.562208,pubmed,2012,Natural product research,Morinda citrifolia,4
pmid:22296654,22296654,10.1016/j.jpba.2011.12.031,europe_pmc,2012,,Uncaria tomentosa,4
pmid:22301443,22301443,10.1016/j.jep.2012.01.009,pubmed,2012,Journal of ethnopharmacology,Croton lechleri,5
pmid:22311164,22311164,10.1007/s11103-012-9886-1,pubmed,2012,Plant molecular biology,Erythroxylum coca,5
pmid:22336851,22336851,10.1002/14651858.CD008762.pub2,pubmed,2012,The Cochrane database of systematic reviews,Aloe vera,9
pmid:22344842,22344842,10.1002/ptr.4595,pubmed,2012,Phytotherapy research : PTR,Morinda citrifolia,6
pmid:22394456,22394456,10.1021/jf205010c,pubmed,2012,Journal of agricultural and food chemistry,Chenopodium quinoa,4
pmid:22406203,22406203,10.1016/j.fct.2012.02.073,pubmed,2012,Food and chemical toxicology : an international journal published for the British Industrial Biological Research Association,Smallanthus sonchifolius,5
pmid:22415244,22415244,10.1007/s10493-012-9545-x,pubmed,2012,Experimental & applied acarology,Piper aduncum,4
pmid:22426356,22426356,10.1016/j.fct.2012.02.099,pubmed,2012,Food and chemical toxicology : an international journal published for the British Industrial Biological Research Association,Uncaria tomentosa,5
pmid:22428258,22428258,,pubmed,2012,Natural product communications,Matricaria chamomilla,6
pmid:22432564,22432564,10.3109/19390211.2010.525049,pubmed,2010,Journal of dietary supplements,Rosmarinus officinalis,1
pmid:22432803,22432803,10.3109/19390211.2012.653530,pubmed,2012,Journal of dietary supplements,Bixa orellana,1
pmid:22433535,22433535,10.1016/j.jep.2012.03.001,pubmed,2012,Journal of ethnopharmacology,Matricaria chamomilla,7
pmid:22436096,22436096,10.1080/19390210802519648,pubmed,2008,Journal of dietary supplements,Annona muricata; Cinchona officinalis,3
pmid:22436097,22436097,10.1080/19390210802519671,pubmed,2008,Journal of dietary supplements,Morinda citrifolia,5
pmid:22438661,22438661,10.4103/0973-1296.93316,pubmed,2012,Pharmacognosy magazine,Origanum vulgare; Rosmarinus officinalis,5
pmid:22441603,22441603,10.1590/s0001-37652012000100014,pubmed,2012,Anais da Academia Brasileira de Ciencias,Verbena litoralis,4
pmid:22443491,22443491,10.1111/j.1399-3054.2012.01621.x,pubmed,2012,Physiologia plantarum,Theobroma cacao,5
pmid:22449521,22449521,10.1016/S1995-7645(12)60042-X,pubmed,2012,Asian Pacific journal of tropical medicine,Morinda citrifolia,5
pmid:22451331,22451331,10.1002/ptr.4675,pubmed,2013,Phytotherapy research : PTR,Bixa orellana,4
pmid:22465512,22465512,10.1016/j.jep.2012.03.016,pubmed,2012,Journal of ethnopharmacology,Plantago major,5
pmid:22465591,22465591,10.1016/j.jep.2012.03.020,pubmed,2012,Journal of ethnopharmacology,Argemone mexicana; Punica granatum,8
pmid:22486645,22486645,10.2174/092986612800191053,pubmed,2012,Protein and peptide letters,Passiflora edulis,4
pmid:22487368,22487368,10.1016/j.homp.2012.02.003,pubmed,2012,Homeopathy : the journal of the Faculty of Homeopathy,Calendula officinalis,7
pmid:22490328,22490328,10.1186/1472-6882-12-38,pubmed,2012,BMC complementary and alternative medicine,Caesalpinia spinosa,5
pmid:22493716,22493716,10.1371/journal.pone.0034775,pubmed,2012,PloS one,Solanum tuberosum,3
pmid:22512450,22512450,10.1021/jf3002125,pubmed,2012,Journal of agricultural and food chemistry,Chenopodium quinoa,4
pmid:22517595,22517595,10.1002/ptr.4712,pubmed,2013,Phytotherapy research : PTR,Rosmarinus officinalis,4
pmid:22520595,22520595,10.1186/1472-6882-12-49,europe_pmc,2012,,Tagetes minuta,5
pmid:22533342,22533342,10.1186/1471-2164-13-151,pubmed,2012,BMC genomics,Physalis peruviana; Solanum tuberosum,7
pmid:22542553,22542553,10.1016/j.fct.2012.04.021,pubmed,2012,Food and chemical toxicology : an international journal published for the British Industrial Biological Research Association,Myrciaria dubia,4
pmid:22557346,22557346,,pubmed,2009,Ancient science of life,Origanum vulgare,2
pmid:22561628,22561628,,pubmed,2012,The Indian journal of medical research,Argemone mexicana,4
pmid:22595329,22595329,10.1016/j.fct.2012.05.006,pubmed,2012,Food and chemical toxicology : an international journal published for the British Industrial Biological Research Association,Smallanthus sonchifolius,5
pmid:22606064,22606064,10.1100/2012/810234,pubmed,2012,TheScientificWorldJournal,Aloe vera; Calendula officinalis,4
pmid:22619617,22619617,10.1100/2012/174837,europe_pmc,2012,,Psidium guajava,4
pmid:22661771,22661771,,pubmed,2009,Journal of nematology,Solanum tuberosum,4
pmid:22665766,22665766,10.1073/pnas.1200473109,pubmed,2012,Proceedings of the National Academy of Sciences of the United States of America,Erythroxylum coca,6
pmid:22701060,22701060,10.1177/1082013211427794,pubmed,2012,Food science and technology international = Ciencia y tecnologia de los alimentos internacional,Tropaeolum tuberosum,5
pmid:22721880,22721880,10.1016/j.jep.2012.06.017,pubmed,2012,Journal of ethnopharmacology,Rosmarinus officinalis,8
pmid:22732964,22732964,10.1590/S0212-16112012000200012,pubmed,2012,Nutricion hospitalaria,Lupinus mutabilis,4
pmid:22735664,22735664,10.1016/j.jep.2012.05.010,pubmed,2012,Journal of ethnopharmacology,Parastrephia lucida,5
pmid:22736906,22736906,10.4103/0971-6580.94508,pubmed,2012,Toxicology international,Passiflora edulis,5
pmid:22759727,22759727,10.1159/000339336,pubmed,2012,Forschende Komplementarmedizin (2006),Calendula officinalis,6
pmid:22760575,22760575,10.3945/ajcn.111.030684,pubmed,2012,The American journal of clinical nutrition,Chenopodium quinoa,6
pmid:22767187,22767187,10.3892/mmr.2012.977,pubmed,2012,Molecular medicine reports,Plantago major,4
pmid:22771373,22771373,10.1016/j.bcp.2012.06.029,pubmed,2012,Biochemical pharmacology,Krameria lappacea,5
pmid:22799087,22799087,,pubmed,2012,Natural product communications,Senecio nutans,3
pmid:22805389,22805389,10.4103/1319-2442.98158,pubmed,2012,"Saudi journal of kidney diseases and transplantation : an official publication of the Saudi Center for Organ Transplantation, Saudi Arabia",Matricaria chamomilla,5
pmid:22805855,22805855,10.1123/ijsnem.22.4.284,pubmed,2012,International journal of sport nutrition and exercise metabolism,Opuntia ficus-indica,5
pmid:22809965,22809965,10.1016/j.medcli.2012.05.023,pubmed,2013,Medicina clinica,Lupinus mutabilis,1
pmid:22811748,22811748,10.1155/2012/676984,europe_pmc,2012,,Uncaria tomentosa,4
pmid:22837719,22837719,10.3390/ijms13067648,pubmed,2012,International journal of molecular sciences,Eucalyptus globulus,4
pmid:22846434,22846434,10.1016/j.jep.2012.07.015,pubmed,2012,Journal of ethnopharmacology,Uncaria tomentosa,4
pmid:22899105,22899105,10.1039/c2fo30139c,pubmed,2012,Food & function,Psidium guajava,5
pmid:22946853,22946853,10.1111/j.1753-4887.2012.00509.x,pubmed,2012,Nutrition reviews,Taraxacum officinale,3
pmid:22953898,22953898,10.1016/j.foodchem.2012.05.088,pubmed,2012,Food chemistry,Smallanthus sonchifolius,4
pmid:22956352,22956352,10.1007/s11130-012-0309-x,pubmed,2012,"Plant foods for human nutrition (Dordrecht, Netherlands)",Morinda citrifolia,5
pmid:22984595,22984595,10.1371/journal.pone.0044966,pubmed,2012,PloS one,Prosopis pallida,6
pmid:22989071,22989071,10.1021/jf303106r,pubmed,2012,Journal of agricultural and food chemistry,Bixa orellana; Calendula officinalis,4
pmid:22996811,22996811,10.1002/ardp.201200212,pubmed,2012,Archiv der Pharmazie,Piper aduncum,4
pmid:23000115,23000115,10.1016/j.jep.2012.09.021,pubmed,2012,Journal of ethnopharmacology,Smallanthus sonchifolius,7
pmid:23000170,23000170,10.1016/j.jep.2012.09.018,pubmed,2012,Journal of ethnopharmacology,Bixa orellana,6
pmid:23017397,23017397,10.1016/j.foodchem.2012.07.101,pubmed,2013,Food chemistry,Passiflora edulis,4
pmid:23017402,23017402,10.1016/j.foodchem.2012.07.091,pubmed,2013,Food chemistry,Rosmarinus officinalis,4
pmid:23020279,23020279,10.1021/ol302423b,pubmed,2012,Organic letters,Psidium guajava,2
pmid:23061637,23061637,10.1139/w2012-088,pubmed,2012,Canadian journal of microbiology,Smallanthus sonchifolius,5
pmid:23079977,23079977,10.4238/2012.September.17.6,pubmed,2012,Genetics and molecular research : GMR,Mauritia flexuosa,4
pmid:23085339,23085339,10.1016/j.bbr.2012.10.010,pubmed,2013,Behavioural brain research,Rosmarinus officinalis,5
pmid:23085653,23085653,10.3390/molecules171012023,pubmed,2012,"Molecules (Basel, Switzerland)",Schinus molle,3
pmid:23085666,23085666,10.3390/molecules171012312,europe_pmc,2012,,Origanum vulgare,3
pmid:23105871,23105871,10.1007/s12291-009-0075-1,pubmed,2009,Indian journal of clinical biochemistry : IJCB,Eucalyptus globulus,5
pmid:23107706,23107706,10.1016/j.foodchem.2012.02.202,pubmed,2012,Food chemistry,Theobroma cacao,4
pmid:23112832,23112832,10.1371/journal.pone.0047676,pubmed,2012,PloS one,Theobroma cacao,6
pmid:23123266,23123266,10.1016/j.jep.2012.10.032,pubmed,2012,Journal of ethnopharmacology,Croton lechleri,7
pmid:23128829,23128829,10.1007/s00204-012-0969-1,pubmed,2013,Archives of toxicology,Erythroxylum coca,6
pmid:23135630,23135630,10.3390/molecules171113253,pubmed,2012,"Molecules (Basel, Switzerland)",Taraxacum officinale,5
pmid:23137694,23137694,10.1017/S0007114512004230,pubmed,2013,The British journal of nutrition,Smallanthus sonchifolius,5
pmid:23165571,23165571,10.3305/nh.2012.27.4.5761,pubmed,2012,Nutricion hospitalaria,Lupinus mutabilis,4
pmid:23176799,23176799,10.1016/j.nutres.2012.09.012,pubmed,2012,"Nutrition research (New York, N.Y.)",Smallanthus sonchifolius,5
pmid:23195401,23195401,10.1016/S0944-7113(97)80059-1,pubmed,1997,Phytomedicine : international journal of phytotherapy and phytopharmacology,Annona muricata,3
pmid:23195881,23195881,10.1016/S0944-7113(11)80026-7,pubmed,1994,Phytomedicine : international journal of phytotherapy and phytopharmacology,Croton lechleri,6
pmid:23202537,23202537,10.1016/j.carres.2012.10.003,pubmed,2013,Carbohydrate research,Bixa orellana,3
pmid:23203117,23203117,10.3390/ijms131115162,pubmed,2012,International journal of molecular sciences,Solanum americanum,4
pmid:23222691,23222691,10.1177/0748233712468015,pubmed,2014,Toxicology and industrial health,Aloe vera; Calendula officinalis,6
pmid:23235311,23235311,,pubmed,2012,Nigerian journal of physiological sciences : official publication of the Physiological Society of Nigeria,Amaranthus caudatus,6
pmid:23246837,23246837,10.1016/j.bbrc.2012.12.017,pubmed,2013,Biochemical and biophysical research communications,Passiflora edulis,4
pmid:23250289,23250289,,pubmed,2011,Indian journal of medical sciences,Argemone mexicana,3
pmid:23255448,23255448,10.1002/cbdv.201200125,pubmed,2012,Chemistry & biodiversity,Origanum vulgare,5
pmid:23256450,23256450,10.1186/1471-2164-13-716,europe_pmc,2012,,Plukenetia volubilis,6
pmid:23273207,23273207,,pubmed,2012,"Cellular and molecular biology (Noisy-le-Grand, France)",Argemone mexicana,5
pmid:23304195,23304195,10.1155/2012/298320,pubmed,2012,Evidence-based complementary and alternative medicine : eCAM,Bixa orellana,4
pmid:23304524,23304524,10.1155/2012/549850,pubmed,2012,Biotechnology research international,Argemone mexicana,4
pmid:23313609,23313609,10.1016/j.fct.2012.12.048,pubmed,2013,Food and chemical toxicology : an international journal published for the British Industrial Biological Research Association,Solanum tuberosum,4
pmid:23333025,23333025,10.1016/j.syapm.2012.11.007,pubmed,2013,Systematic and applied microbiology,Solanum tuberosum,5
pmid:23333089,23333089,10.1016/j.jnutbio.2012.11.003,pubmed,2013,The Journal of nutritional biochemistry,Passiflora edulis,5
pmid:23354396,23354396,10.1258/ebm.2012.012139,pubmed,2012,"Experimental biology and medicine (Maywood, N.J.)",Plantago major,5
pmid:23391017,23391017,10.1080/10408398.2012.691916,pubmed,2013,Critical reviews in food science and nutrition,Calendula officinalis,4
pmid:23394255,23394255,10.1179/1476830512Y.0000000050,pubmed,2013,Nutritional neuroscience,Aloe vera,6
pmid:23395624,23395624,10.1016/j.jep.2013.01.036,pubmed,2013,Journal of ethnopharmacology,Taraxacum officinale,7
pmid:23396114,23396114,10.1016/j.jep.2012.12.043,pubmed,2013,Journal of ethnopharmacology,Plantago major,6
pmid:23410184,23410184,10.1186/1472-6882-13-32,pubmed,2013,BMC complementary and alternative medicine,Bixa orellana,7
pmid:23411800,23411800,10.1590/S0102-67202012000300001,semantic_scholar,2012,Arquivos brasileiros de cirurgia digestiva : ABCD = Brazilian archives of digestive surgery,Passiflora edulis,10
pmid:23413577,23413577,,pubmed,2012,Natural product communications,Xenophyllum poposum,4
pmid:23419022,23419022,10.3109/19390211.2012.760509,pubmed,2013,Journal of dietary supplements,Physalis peruviana,5
pmid:23422337,23422337,10.1016/j.jep.2013.02.006,pubmed,2013,Journal of ethnopharmacology,Matricaria chamomilla,6
pmid:23436457,23436457,10.1002/ptr.4949,pubmed,2014,Phytotherapy research : PTR,Passiflora edulis,5
pmid:23437529,23437529,,pubmed,2011,Revista cubana de medicina tropical,Bixa orellana,5
pmid:23467094,23467094,10.1038/nature11912,pubmed,2013,Nature,Solanum tuberosum,5
pmid:23472485,23472485,10.7861/clinmedicine.13-1-7,pubmed,2013,"Clinical medicine (London, England)",Aloe vera; Calendula officinalis; Morinda citrifolia; Rosmarinus officinalis; Taraxacum officinale,6
pmid:23489070,23489070,10.3109/15376516.2013.785656,pubmed,2013,Toxicology mechanisms and methods,Lepidium meyenii; Smallanthus sonchifolius,5
pmid:23496288,23496288,10.1111/nph.12217,pubmed,2013,The New phytologist,Solanum tuberosum,4
pmid:23500604,23500604,10.1016/j.neuint.2013.03.001,europe_pmc,2013,,Uncaria tomentosa,4
pmid:23535311,23535311,10.5650/jos.62.235,pubmed,2013,Journal of oleo science,Passiflora edulis,4
pmid:23552194,23552194,10.1186/1472-6882-13-74,pubmed,2013,BMC complementary and alternative medicine,Caesalpinia spinosa,7
pmid:23553824,23553824,10.1002/jsfa.6089,pubmed,2013,Journal of the science of food and agriculture,Origanum vulgare,5
pmid:23561129,23561129,10.1016/j.foodchem.2013.01.076,pubmed,2013,Food chemistry,Croton lechleri,6
pmid:23561148,23561148,10.1016/j.foodchem.2013.01.121,pubmed,2013,Food chemistry,Myrciaria dubia,4
pmid:23562884,23562884,10.1016/j.exppara.2013.03.035,pubmed,2013,Experimental parasitology,Schinus molle,4
pmid:23569743,23569743,10.1016/S2221-1691(11)60011-7,pubmed,2011,Asian Pacific journal of tropical biomedicine,Amaranthus caudatus,5
pmid:23572658,23572658,10.1007/s13197-010-0064-7,pubmed,2010,Journal of food science and technology,Passiflora edulis,3
pmid:23572784,23572784,10.1007/s13197-011-0229-z,pubmed,2011,Journal of food science and technology,Aloe vera,5
pmid:23576343,23576343,10.1002/cbdv.201300019,pubmed,2013,Chemistry & biodiversity,Origanum vulgare,5
pmid:23578063,23578063,10.1186/1746-4269-9-22,pubmed,2013,Journal of ethnobiology and ethnomedicine,Solanum tuberosum,7
pmid:23597204,23597204,10.2174/0929867311320220006,pubmed,2013,Current medicinal chemistry,Uncaria tomentosa,5
pmid:23607360,23607360,10.1111/odi.12113,pubmed,2014,Oral diseases,Aloe vera,6
pmid:23607601,23607601,10.1186/1746-4269-9-29,pubmed,2013,Journal of ethnobiology and ethnomedicine,Mauritia flexuosa,8
pmid:23637048,23637048,10.1002/mnfr.201200837,pubmed,2013,Molecular nutrition & food research,Theobroma cacao,5
pmid:23641343,23641343,10.3797/scipharm.1204-26,europe_pmc,2013,,Taraxacum officinale,3
pmid:23646303,23646303,10.1016/S2221-1691(13)60082-9,pubmed,2013,Asian Pacific journal of tropical biomedicine,Bixa orellana,6
pmid:23650963,23650963,10.3109/15376516.2013.802830,pubmed,2013,Toxicology mechanisms and methods,Lepidium meyenii; Myrciaria dubia,6
pmid:23652641,23652641,10.1515/jcim-2012-0016,pubmed,2013,Journal of complementary & integrative medicine,Cinchona officinalis,5
pmid:23653088,23653088,10.1007/s40263-013-0059-9,pubmed,2013,CNS drugs,Psychotria viridis,9
pmid:23665055,23665055,10.1016/j.jep.2013.04.048,pubmed,2013,Journal of ethnopharmacology,Psidium guajava,6
pmid:23668304,23668304,10.1111/jop.12083,pubmed,2013,Journal of oral pathology & medicine : official publication of the International Association of Oral Pathologists and the American Academy of Oral Pathology,Aloe vera,4
pmid:23675287,23675287,,pubmed,2013,International journal of biomedical science : IJBS,Theobroma cacao,3
pmid:23702036,23702036,10.1016/j.jep.2013.05.010,pubmed,2013,Journal of ethnopharmacology,Passiflora edulis,6
pmid:23707747,23707747,10.1016/j.fitote.2013.05.015,pubmed,2013,Fitoterapia,Psidium guajava,4
pmid:23709016,23709016,10.1007/s11130-013-0362-0,pubmed,2013,"Plant foods for human nutrition (Dordrecht, Netherlands)",Smallanthus sonchifolius,3
pmid:23738822,23738822,10.3109/13880209.2013.776613,pubmed,2013,Pharmaceutical biology,Rosmarinus officinalis,5
pmid:23742085,23742085,10.1080/10826068.2012.759968,pubmed,2013,Preparative biochemistry & biotechnology,Myrciaria dubia,5
pmid:23770327,23770327,10.1016/j.fct.2013.05.050,pubmed,2013,Food and chemical toxicology : an international journal published for the British Industrial Biological Research Association,Smallanthus sonchifolius,4
pmid:23771061,23771061,10.3390/molecules18067004,pubmed,2013,"Molecules (Basel, Switzerland)",Morinda citrifolia,5
pmid:23784714,23784714,10.1002/elps.201300121,pubmed,2013,Electrophoresis,Plantago major,4
pmid:23807722,23807722,10.1007/s40265-013-0083-6,pubmed,2013,Drugs,Croton lechleri,6
pmid:23827646,23827646,10.1016/j.aller.2013.04.006,pubmed,2014,Allergologia et immunopathologia,Rosmarinus officinalis,6
pmid:23828036,23828036,10.1007/s00709-013-0524-9,pubmed,2014,Protoplasma,Amaranthus caudatus,6
pmid:23831537,23831537,10.1016/j.ijbiomac.2013.06.046,pubmed,2013,International journal of biological macromolecules,Matricaria chamomilla,5
pmid:23835923,23835923,10.1007/s00436-013-3528-7,pubmed,2013,Parasitology research,Argemone mexicana,5
pmid:23837591,23837591,10.1111/jphp.12083,pubmed,2013,The Journal of pharmacy and pharmacology,Azorella compacta,5
pmid:23840260,23840260,10.1155/2013/627898,europe_pmc,2013,,Smallanthus sonchifolius,4
pmid:23844210,23844210,10.1371/journal.pone.0068500,pubmed,2013,PloS one,Physalis peruviana,5
pmid:23867787,23867787,10.1016/j.arcmed.2013.06.002,pubmed,2013,Archives of medical research,Croton lechleri,5
pmid:23870710,23870710,10.1186/2191-2858-3-5,pubmed,2013,Organic and medicinal chemistry letters,Aloe vera,6
pmid:23870885,23870885,10.1016/j.foodchem.2013.04.078,pubmed,2013,Food chemistry,Plukenetia volubilis,4
pmid:23890410,23890410,10.1186/1743-422x-10-245,europe_pmc,2013,,Tagetes minuta,6
pmid:23891163,23891163,10.1016/j.bmc.2013.06.034,pubmed,2013,Bioorganic & medicinal chemistry,Lepidium meyenii,3
pmid:23893399,23893399,10.1002/ptr.5043,pubmed,2014,Phytotherapy research : PTR,Passiflora edulis,5
pmid:23911403,23911403,10.1016/j.molimm.2013.05.005,pubmed,2013,Molecular immunology,Aloe vera,6
pmid:23922204,23922204,10.1007/s00436-013-3555-4,pubmed,2013,Parasitology research,Plantago major,5
pmid:23929224,23929224,10.1002/jsfa.6335,pubmed,2014,Journal of the science of food and agriculture,Caesalpinia spinosa,6
pmid:23934543,23934543,10.1007/s11130-013-0378-5,pubmed,2013,"Plant foods for human nutrition (Dordrecht, Netherlands)",Lepidium meyenii,5
pmid:23941692,23941692,10.1186/1746-4269-9-58,pubmed,2013,Journal of ethnobiology and ethnomedicine,Origanum vulgare,4
pmid:23944868,23944868,10.3109/09637486.2013.821695,pubmed,2013,International journal of food sciences and nutrition,Malva sylvestris; Urtica urens,4
pmid:23949677,23949677,10.1007/s13744-012-0080-6,pubmed,2012,Neotropical entomology,Piper aduncum,4
pmid:23950070,23950070,10.1007/s13744-012-0042-z,europe_pmc,2012,,Solanum tuberosum,5
pmid:23956107,23956107,10.1002/ptr.5059,pubmed,2014,Phytotherapy research : PTR,Taraxacum officinale,4
pmid:23957312,23957312,10.1111/plb.12072,pubmed,2014,"Plant biology (Stuttgart, Germany)",Solanum tuberosum,5
pmid:23978133,23978133,10.2174/15680266113139990152,pubmed,2013,Current topics in medicinal chemistry,Argemone mexicana,4
pmid:23983115,23983115,10.1002/ptr.5055,pubmed,2014,Phytotherapy research : PTR,Bixa orellana,4
pmid:24022687,24022687,10.3390/ijms140918502,pubmed,2013,International journal of molecular sciences,Punica granatum,4
pmid:24031465,24031465,10.1590/s1517-838220100001000012,europe_pmc,2010,,Passiflora edulis,5
pmid:24062780,24062780,10.1155/2013/208378,pubmed,2013,Evidence-based complementary and alternative medicine : eCAM,Morinda citrifolia,4
pmid:24066284,24066284,10.1155/2013/235487,europe_pmc,2013,,Carica papaya,4
pmid:24070008,24070008,10.1021/np4003349,pubmed,2013,Journal of natural products,Matricaria chamomilla,4
pmid:24070150,24070150,10.1586/17474124.2013.832493,pubmed,2013,Expert review of gastroenterology & hepatology,Croton lechleri,3
pmid:24070490,24070490,10.1016/j.aca.2013.08.048,pubmed,2013,Analytica chimica acta,Calendula officinalis,4
pmid:24076471,24076471,10.1016/j.jep.2013.09.021,pubmed,2014,Journal of ethnopharmacology,Annona muricata,7
pmid:24082318,24082318,10.4314/ajtcam.v10i1.1,pubmed,2012,"African journal of traditional, complementary, and alternative medicines : AJTCAM",Morinda citrifolia,5
pmid:24083691,24083691,10.7314/apjcp.2013.14.8.4495,pubmed,2013,Asian Pacific journal of cancer prevention : APJCP,Morinda citrifolia,4
pmid:24090048,24090048,10.3109/15376516.2013.850566,pubmed,2014,Toxicology mechanisms and methods,Plukenetia volubilis,7
pmid:24114180,24114180,10.1007/s10886-013-0351-7,pubmed,2013,Journal of chemical ecology,Smallanthus sonchifolius,4
pmid:24126062,24126062,10.1016/j.jep.2013.09.040,pubmed,2013,Journal of ethnopharmacology,Matricaria chamomilla; Urtica urens,9
pmid:24127538,24127538,10.1515/jbcpp-2013-0071,pubmed,2014,Journal of basic and clinical physiology and pharmacology,Argemone mexicana,7
pmid:24130028,24130028,10.1002/cbdv.201300181,pubmed,2013,Chemistry & biodiversity,Passiflora edulis,6
pmid:24138211,24138211,10.1111/1750-3841.12283,pubmed,2013,Journal of food science,Piper aduncum,4
pmid:24159355,24159355,10.1155/2013/950272,europe_pmc,2013,,Plukenetia volubilis,4
pmid:24164045,24164045,10.2174/18715206113136660366,pubmed,2014,Anti-cancer agents in medicinal chemistry,Morinda citrifolia,3
pmid:24168372,24168372,10.3109/19390211.2013.830675,pubmed,2013,Journal of dietary supplements,Physalis peruviana,4
pmid:24169378,24169378,10.1016/j.phytochem.2013.09.016,pubmed,2013,Phytochemistry,Urtica urens,6
pmid:24173925,24173925,10.1007/BF00221977,pubmed,1995,TAG. Theoretical and applied genetics. Theoretische und angewandte Genetik,Solanum tuberosum,5
pmid:24174825,24174825,10.4103/0974-8490.118819,europe_pmc,2013,,Amaranthus caudatus,4
pmid:24175417,24175417,10.3923/pjbs.2012.754.774,pubmed,2012,Pakistan journal of biological sciences : PJBS,Aloe vera,6
pmid:24212077,24212077,10.1016/j.jep.2013.10.055,pubmed,2013,Journal of ethnopharmacology,Uncaria guianensis,8
pmid:24224164,24224164,10.1155/2013/463145,pubmed,2013,BioMed research international,Bixa orellana,4
pmid:24224172,24224172,10.1155/2013/576479,pubmed,2013,BioMed research international,Punica granatum,4
pmid:24226982,24226982,10.1007/BF02040199,pubmed,1996,Journal of chemical ecology,Schinus molle,3
pmid:24231069,24231069,10.1016/j.jep.2013.10.063,pubmed,2014,Journal of ethnopharmacology,Schinus molle,6
pmid:24231070,24231070,10.1016/j.jep.2013.10.069,pubmed,2014,Journal of ethnopharmacology,Aloe vera; Morinda citrifolia; Psidium guajava,10
pmid:24237189,24237189,10.3109/19390211.2013.830677,pubmed,2013,Journal of dietary supplements,Psidium guajava,4
pmid:24250463,24250463,,pubmed,2012,Iranian journal of pharmaceutical research : IJPR,Punica granatum,4
pmid:24250620,24250620,,pubmed,2013,Iranian journal of pharmaceutical research : IJPR,Rosmarinus officinalis,5
pmid:24251817,24251817,10.3109/13880209.2013.853811,pubmed,2014,Pharmaceutical biology,Psidium guajava; Urtica urens,5
pmid:24262578,24262578,10.1016/j.foodchem.2013.09.155,pubmed,2014,Food chemistry,Amaranthus caudatus; Chenopodium quinoa,4
pmid:24269246,24269246,10.1016/j.jep.2013.11.022,pubmed,2014,Journal of ethnopharmacology,Taraxacum officinale,6
pmid:24269772,24269772,10.1016/j.jep.2013.11.030,pubmed,2014,Journal of ethnopharmacology,Carica papaya; Psidium guajava,6
pmid:24270836,24270836,10.1590/0001-3765201391011,pubmed,2013,Anais da Academia Brasileira de Ciencias,Piper aduncum,4
pmid:24273877,24273877,,pubmed,2013,Natural product communications,Piper aduncum,4
pmid:24300213,24300213,10.1016/j.ijpharm.2013.11.049,pubmed,2014,International journal of pharmaceutics,Solanum tuberosum,6
pmid:24333960,24333960,10.1016/j.jep.2013.11.058,pubmed,2014,Journal of ethnopharmacology,Lepidium meyenii,7
pmid:24347926,24347926,10.4103/0973-7847.120520,pubmed,2013,Pharmacognosy reviews,Calendula officinalis,4
pmid:24352020,24352020,10.3390/molecules181215648,pubmed,2013,"Molecules (Basel, Switzerland)",Psidium guajava,4
pmid:24354624,24354624,10.1021/jf404402v,pubmed,2014,Journal of agricultural and food chemistry,Theobroma cacao,4
pmid:24357022,24357022,10.1002/ptr.5088,pubmed,2014,Phytotherapy research : PTR,Bixa orellana,4
pmid:24359597,24359597,10.1186/1746-4269-9-83,pubmed,2013,Journal of ethnobiology and ethnomedicine,Eucalyptus globulus; Schinus molle,8
pmid:24365639,24365639,10.1016/j.jep.2013.12.017,pubmed,2014,Journal of ethnopharmacology,Taraxacum officinale,9
pmid:24369482,24369482,10.1155/2013/707285,pubmed,2013,Evidence-based complementary and alternative medicine : eCAM,Physalis peruviana,4
pmid:24373828,24373828,10.1016/j.fct.2013.12.026,pubmed,2014,Food and chemical toxicology : an international journal published for the British Industrial Biological Research Association,Physalis peruviana,4
pmid:24376420,24376420,10.3389/fphar.2013.00154,pubmed,2013,Frontiers in pharmacology,Theobroma cacao,6
pmid:2438402,2438402,10.7547/87507315-77-4-165,pubmed,1987,Journal of the American Podiatric Medical Association,Aloe vera,1
pmid:24389453,24389453,10.1016/j.fct.2013.12.039,pubmed,2014,Food and chemical toxicology : an international journal published for the British Industrial Biological Research Association,Plukenetia volubilis,4
pmid:24391634,24391634,10.3389/fmicb.2013.00400,pubmed,2013,Frontiers in microbiology,Calendula officinalis; Matricaria chamomilla,5
pmid:24401532,24401532,10.1186/2008-2231-22-17,pubmed,2014,"Daru : journal of Faculty of Pharmacy, Tehran University of Medical Sciences",Cinchona officinalis; Punica granatum,6
pmid:24406786,24406786,10.3390/molecules19010756,pubmed,2014,"Molecules (Basel, Switzerland)",Bixa orellana,4
pmid:24424219,24424219,10.7417/CT.2013.1633,pubmed,2013,La Clinica terapeutica,Solanum tuberosum,4
pmid:24432370,24432370,,pubmed,2013,Journal of ethnopharmacology,Parastrephia lucida,6
pmid:24438164,24438164,10.1111/1348-0421.12133,pubmed,2014,Microbiology and immunology,Morinda citrifolia,5
pmid:24444941,24444941,10.1016/j.foodchem.2013.11.153,pubmed,2014,Food chemistry,Origanum vulgare,4
pmid:24445568,24445568,10.1038/ajg.2013.431,pubmed,2014,The American journal of gastroenterology,Chenopodium quinoa,6
pmid:24447975,24447975,10.1016/j.fct.2014.01.013,pubmed,2014,Food and chemical toxicology : an international journal published for the British Industrial Biological Research Association,Uncaria tomentosa,4
pmid:24448937,24448937,,pubmed,2013,Revista peruana de medicina experimental y salud publica,Piper aduncum,6
pmid:24449373,24449373,10.1007/s12010-013-0712-2,pubmed,2014,Applied biochemistry and biotechnology,Physalis peruviana,4
pmid:24454503,24454503,10.1155/2013/653257,pubmed,2013,Evidence-based complementary and alternative medicine : eCAM,Mauritia flexuosa,4
pmid:24466065,24466065,10.1371/journal.pone.0086381,pubmed,2014,PloS one,Prosopis pallida,5
pmid:24486683,24486683,10.1016/j.jpba.2014.01.003,pubmed,2014,Journal of pharmaceutical and biomedical analysis,Banisteriopsis caapi,5
pmid:24497748,24497748,10.4103/0974-8490.121451,pubmed,2014,Pharmacognosy research,Lepidium meyenii,7
pmid:24497912,24497912,10.1371/journal.pone.0081510,pubmed,2014,PloS one,Solanum tuberosum,7
pmid:24554883,24554883,10.4103/0972-124X.124491,pubmed,2013,Journal of Indian Society of Periodontology,Calendula officinalis,10
pmid:24574140,24574140,10.1177/0022034514523783,pubmed,2014,Journal of dental research,Theobroma cacao,5
pmid:24584866,24584866,,pubmed,2013,Acta scientiarum polonorum. Technologia alimentaria,Rosmarinus officinalis,4
pmid:24599122,24599122,10.3390/molecules19032819,europe_pmc,2014,,Tagetes minuta,5
pmid:24599861,24599861,10.1007/978-1-62703-995-6_18,pubmed,2014,"Methods in molecular biology (Clifton, N.J.)",Solanum tuberosum,4
pmid:24607820,24607820,10.1016/j.fct.2014.02.037,pubmed,2014,Food and chemical toxicology : an international journal published for the British Industrial Biological Research Association,Uncaria tomentosa,4
pmid:24611722,24611722,10.3109/13880209.2013.876432,pubmed,2014,Pharmaceutical biology,Taraxacum officinale,6
pmid:24627771,24627771,10.12688/f1000research.2-37.v1,pubmed,2013,F1000Research,Erythroxylum coca,5
pmid:24629972,24629972,10.1016/j.foodchem.2014.01.110,pubmed,2014,Food chemistry,Caesalpinia spinosa,3
pmid:24632016,24632016,10.1016/j.jep.2014.03.008,pubmed,2014,Journal of ethnopharmacology,Achyrocline alata,7
pmid:24649357,24649357,10.1155/2014/978537,pubmed,2014,Journal of parasitology research,Eucalyptus globulus,4
pmid:24650181,24650181,10.1089/jmf.2013.0089,pubmed,2014,Journal of medicinal food,Opuntia ficus-indica,3
pmid:24657421,24657421,10.1016/j.saa.2014.02.113,pubmed,2014,"Spectrochimica acta. Part A, Molecular and biomolecular spectroscopy",Origanum vulgare,4
pmid:24682022,24682022,10.4012/dmj.2012-053-r,pubmed,2014,Dental materials journal,Morinda citrifolia,4
pmid:24685062,24685062,10.1186/1746-4269-10-32,pubmed,2014,Journal of ethnobiology and ethnomedicine,Calendula officinalis,7
pmid:24688522,24688522,10.1590/s1517-83822013000400035,pubmed,2013,Brazilian journal of microbiology : [publication of the Brazilian Society for Microbiology],Piper aduncum,2
pmid:24693417,24693417,10.1155/2014/434506,europe_pmc,2014,,Tagetes minuta,5
pmid:24696426,24696426,10.1055/s-0033-1363999,pubmed,2015,Drug research,Matricaria chamomilla,4
pmid:24703931,24703931,10.1016/j.appet.2014.03.024,pubmed,2014,Appetite,Matricaria chamomilla,5
pmid:24707862,24707862,10.1142/S0192415X14500189,pubmed,2014,The American journal of Chinese medicine,Aloe vera,5
pmid:24708514,24708514,10.1186/1472-6882-14-122,pubmed,2014,BMC complementary and alternative medicine,Eucalyptus globulus; Punica granatum,6
pmid:24712559,24712559,10.1111/1750-3841.12425,pubmed,2014,Journal of food science,Chenopodium quinoa,4
pmid:24718534,24718534,,pubmed,2014,Revista peruana de medicina experimental y salud publica,Lepidium meyenii,4
pmid:24728876,24728876,10.1007/s12011-014-9955-1,pubmed,2014,Biological trace element research,Physalis peruviana,6
pmid:24730393,24730393,10.1089/jmf.2013.2950,pubmed,2014,Journal of medicinal food,Lepidium meyenii,4
pmid:24731316,24731316,10.1016/j.foodchem.2014.02.099,pubmed,2014,Food chemistry,Origanum vulgare,4
pmid:24734041,24734041,10.1155/2014/412437,europe_pmc,2014,,Uncaria tomentosa,4
pmid:24734067,24734067,,europe_pmc,2014,,Malva sylvestris,5
pmid:24739524,24739524,10.1186/1746-4269-10-36,pubmed,2014,Journal of ethnobiology and ethnomedicine,Origanum vulgare,7
pmid:24742906,24742906,10.1016/j.actatropica.2014.04.006,pubmed,2014,Acta tropica,Schinus molle,3
pmid:24746480,24746480,10.1016/j.jep.2014.04.003,europe_pmc,2014,,Malva sylvestris,6
pmid:24757415,24757415,10.1155/2014/273870,pubmed,2014,TheScientificWorldJournal,Physalis peruviana,5
pmid:24757435,24757435,10.1155/2014/768038,europe_pmc,2014,,Carica papaya,5
pmid:24804064,24804064,10.1002/fsn3.69,pubmed,2014,Food science & nutrition,Solanum tuberosum,4
pmid:24804073,24804073,10.1002/fsn3.85,europe_pmc,2014,,Tagetes minuta,5
pmid:24811807,24811807,,pubmed,2014,Pakistan journal of pharmaceutical sciences,Physalis peruviana,4
pmid:24823227,24823227,10.1021/jf500936j,pubmed,2014,Journal of agricultural and food chemistry,Plukenetia volubilis,4
pmid:24830187,24830187,10.1080/02791072.2013.873157,pubmed,2014,Journal of psychoactive drugs,Banisteriopsis caapi; Psychotria viridis,4
pmid:24831245,24831245,10.1055/s-0034-1372609,pubmed,2014,Drug research,Eucalyptus globulus,5
pmid:24841968,24841968,10.1055/s-0034-1368444,pubmed,2014,Planta medica,Uncaria tomentosa,6
pmid:24849173,24849173,10.1007/s00425-014-2085-3,pubmed,2014,Planta,Passiflora edulis,5
pmid:24852417,24852417,10.1007/s40618-014-0091-8,pubmed,2014,Journal of endocrinological investigation,Erythroxylum coca,4
pmid:24855655,24855655,10.1039/c3fo60688k,pubmed,2014,Food & function,Plukenetia volubilis,5
pmid:24856382,24856382,10.17305/bjbms.2014.2272,pubmed,2014,Bosnian journal of basic medical sciences,Eucalyptus globulus,5
pmid:24861204,24861204,10.1002/tox.22003,pubmed,2015,Environmental toxicology,Schinus molle,4
pmid:24862066,24862066,10.1016/j.fitote.2014.05.009,pubmed,2014,Fitoterapia,Piper aduncum,4
pmid:24868850,24868850,,pubmed,2014,Natural product communications,Morinda citrifolia,4
pmid:24876910,24876910,10.1155/2014/381413,pubmed,2014,Oxidative medicine and cellular longevity,Physalis peruviana,5
pmid:24895299,24895299,10.1002/14651858.CD009162.pub2,pubmed,2014,The Cochrane database of systematic reviews,Aloe vera,21
pmid:24912714,24912714,10.1016/j.foodchem.2014.04.088,pubmed,2014,Food chemistry,Chenopodium quinoa,4
pmid:24915346,24915346,10.1080/10408398.2012.686934,pubmed,2015,Critical reviews in food science and nutrition,Theobroma cacao,3
pmid:24915403,24915403,10.1080/10408398.2011.645259,pubmed,2015,Critical reviews in food science and nutrition,Smallanthus sonchifolius,3
pmid:24920373,24920373,10.1186/1471-2229-14-161,pubmed,2014,BMC plant biology,Theobroma cacao,6
pmid:24945401,24945401,10.1016/j.jep.2014.06.023,pubmed,2014,Journal of ethnopharmacology,Taraxacum officinale,5
pmid:24949418,24949418,10.1155/2014/136757,pubmed,2014,BioMed research international,Matricaria chamomilla,4
pmid:24972328,24972328,10.1021/np500292g,pubmed,2014,Journal of natural products,Lepidium meyenii,6
pmid:24993834,24993834,10.1159/000357477,pubmed,2014,Skin pharmacology and physiology,Aloe vera,3
pmid:25009101,25009101,10.1016/j.colsurfb.2014.05.026,pubmed,2014,"Colloids and surfaces. B, Biointerfaces",Calendula officinalis,5
pmid:25015092,25015092,10.1186/1746-4269-10-56,pubmed,2014,Journal of ethnobiology and ethnomedicine,Psidium guajava,8
pmid:25015447,25015447,,pubmed,2014,Pakistan journal of pharmaceutical sciences,Taraxacum officinale,4
pmid:25022246,25022246,10.1007/s12011-014-0066-9,pubmed,2014,Biological trace element research,Physalis peruviana,5
pmid:25037390,25037390,10.1016/j.carbpol.2014.05.017,pubmed,2014,Carbohydrate polymers,Lepidium meyenii,3
pmid:25045753,25045753,10.1155/2014/909586,pubmed,2014,TheScientificWorldJournal,Morinda citrifolia,5
pmid:25046828,25046828,10.1016/j.jep.2014.07.021,pubmed,2014,Journal of ethnopharmacology,Aloe vera; Psidium guajava; Punica granatum,6
pmid:25048923,25048923,10.1016/j.chemosphere.2014.04.063,europe_pmc,2014,,Tagetes minuta,5
pmid:25050268,25050268,,pubmed,2013,Avicenna journal of phytomedicine,Plantago major,5
pmid:25050404,25050404,10.1155/2014/857292,pubmed,2014,TheScientificWorldJournal,Bixa orellana,3
pmid:25075043,25075043,,pubmed,2014,Anticancer research,Schinus molle,6
pmid:25087571,25087571,10.1002/jsfa.6852,pubmed,2015,Journal of the science of food and agriculture,Passiflora edulis,5
pmid:25088723,25088723,10.3109/09637486.2014.945155,pubmed,2014,International journal of food sciences and nutrition,Taraxacum officinale,4
pmid:25097281,25097281,10.4103/0253-7613.135955,europe_pmc,2014,,Lepidium meyenii,5
pmid:25111695,25111695,10.1371/journal.pone.0104553,pubmed,2014,PloS one,Solanum tuberosum,6
pmid:25125881,25125881,10.4103/0973-7847.134233,pubmed,2014,Pharmacognosy reviews,Psidium guajava,3
pmid:25127718,25127718,10.1186/1472-6882-14-299,pubmed,2014,BMC complementary and alternative medicine,Annona muricata,8
pmid:25131258,25131258,10.1002/jsfa.6866,pubmed,2015,Journal of the science of food and agriculture,Physalis peruviana,5
pmid:25133801,25133801,10.1089/jmf.2013.0088,pubmed,2014,Journal of medicinal food,Annona muricata,6
pmid:25144460,25144460,10.1021/jf502508y,pubmed,2014,Journal of agricultural and food chemistry,Solanum tuberosum,3
pmid:25147302,25147302,10.1177/0748233714545502,europe_pmc,2016,,Physalis peruviana,5
pmid:25158234,25158234,10.3390/ijms150914949,pubmed,2014,International journal of molecular sciences,Punica granatum,4
pmid:25172722,25172722,10.1016/j.foodchem.2014.07.083,pubmed,2015,Food chemistry,Caesalpinia spinosa,4
pmid:25177642,25177642,10.7860/JCDR/2014/9122.4629,pubmed,2014,Journal of clinical and diagnostic research : JCDR,Psidium guajava; Punica granatum,6
pmid:25182441,25182441,10.1016/s2221-1691(14)60235-5,europe_pmc,2014,,Tagetes minuta,5
pmid:25195082,25195082,10.1016/j.jep.2014.08.011,pubmed,2014,Journal of ethnopharmacology,Annona muricata,7
pmid:25200133,25200133,10.1002/jsfa.6903,pubmed,2015,Journal of the science of food and agriculture,Origanum vulgare,5
pmid:25200369,25200369,10.1016/j.fitote.2014.09.004,pubmed,2014,Fitoterapia,Rosmarinus officinalis,3
pmid:25206724,25206724,10.3969/j.issn.1673-5374.2013.09.001,pubmed,2013,Neural regeneration research,Morinda citrifolia,4
pmid:25214114,25214114,10.1016/j.foodchem.2011.01.124,pubmed,2011,Food chemistry,Lupinus mutabilis,4
pmid:25217510,25217510,10.1105/tpc.114.130096,pubmed,2014,The Plant cell,Solanum tuberosum,4
pmid:25232708,25232708,10.3390/molecules190914879,pubmed,2014,"Molecules (Basel, Switzerland)",Opuntia ficus-indica,4
pmid:25233607,25233607,,pubmed,2014,Natural product communications,Matricaria chamomilla,6
pmid:25233608,25233608,,pubmed,2014,Natural product communications,Aloe vera,4
pmid:25239832,25239832,10.1016/j.jep.2014.08.039,europe_pmc,2014,,Malva sylvestris,5
pmid:25240586,25240586,10.1016/j.jep.2014.09.015,pubmed,2014,Journal of ethnopharmacology,Psidium guajava,7
pmid:25258146,25258146,10.1186/1746-4269-10-69,pubmed,2014,Journal of ethnobiology and ethnomedicine,Taraxacum officinale,8
pmid:25261689,25261689,10.1016/j.jep.2014.09.020,pubmed,2014,Journal of ethnopharmacology,Rosmarinus officinalis,7
pmid:25261690,25261690,10.1016/j.jep.2014.09.030,pubmed,2014,Journal of ethnopharmacology,Morinda citrifolia,8
pmid:25265456,25265456,10.1016/j.fct.2014.09.013,pubmed,2014,Food and chemical toxicology : an international journal published for the British Industrial Biological Research Association,Physalis peruviana,5
pmid:25266273,25266273,10.1002/ar.23057,pubmed,2015,"Anatomical record (Hoboken, N.J. : 2007)",Calendula officinalis,5
pmid:25266574,25266574,10.1002/ptr.5236,pubmed,2015,Phytotherapy research : PTR,Calendula officinalis,4
pmid:25270677,25270677,10.1002/tox.22048,pubmed,2016,Environmental toxicology,Taraxacum officinale,5
pmid:25275221,25275221,10.1089/acm.2014.0130,pubmed,2015,"Journal of alternative and complementary medicine (New York, N.Y.)",Myrciaria dubia,4
pmid:25280022,25280022,10.1177/039463201402700301,pubmed,2014,International journal of immunopathology and pharmacology,Plantago major,3
pmid:25285848,25285848,10.1016/j.ijbiomac.2014.09.032,pubmed,2015,International journal of biological macromolecules,Matricaria chamomilla,5
pmid:25289530,25289530,10.3109/13880209.2014.910533,pubmed,2015,Pharmaceutical biology,Punica granatum,6
pmid:25295218,25295218,10.1155/2014/549287,pubmed,2014,Pathology research international,Theobroma cacao,5
pmid:25298672,25298672,10.4103/0973-1296.139807,pubmed,2014,Pharmacognosy magazine,Azorella compacta,5
pmid:25298676,25298676,10.4103/0973-1296.139785,pubmed,2014,Pharmacognosy magazine,Calendula officinalis,5
pmid:25299086,25299086,10.4238/2014.September.26.10,pubmed,2014,Genetics and molecular research : GMR,Theobroma cacao,5
pmid:25300421,25300421,10.1007/s00436-014-4169-1,pubmed,2015,Parasitology research,Eucalyptus globulus,7
pmid:25305516,25305516,10.1016/j.jep.2014.09.046,pubmed,2014,Journal of ethnopharmacology,Morinda citrifolia,7
pmid:25306312,25306312,10.1016/j.foodchem.2014.08.021,pubmed,2015,Food chemistry,Carica papaya; Morinda citrifolia,3
pmid:25312150,25312150,10.1016/S1995-7645(14)60258-3,pubmed,2014,Asian Pacific journal of tropical medicine,Annona muricata,7
pmid:25312160,25312160,10.1016/S1995-7645(14)60268-6,pubmed,2014,Asian Pacific journal of tropical medicine,Lepidium meyenii,5
pmid:25314604,25314604,10.3390/molecules191016428,pubmed,2014,"Molecules (Basel, Switzerland)",Eucalyptus globulus,4
pmid:25330854,25330854,10.3109/13880209.2014.940426,pubmed,2015,Pharmaceutical biology,Plantago major,7
pmid:25336843,25336843,10.4103/0975-9476.140468,pubmed,2014,Journal of Ayurveda and integrative medicine,Morinda citrifolia,1
pmid:25337578,25337578,10.15430/JCP.2014.19.2.103,pubmed,2014,Journal of cancer prevention,Rosmarinus officinalis,4
pmid:25338213,25338213,10.1055/s-0034-1383192,pubmed,2014,Planta medica,Physalis peruviana,5
pmid:25339799,25339799,10.3748/wjg.v20.i39.14099,pubmed,2014,World journal of gastroenterology,Aloe vera,4
pmid:25345579,25345579,10.1002/jsfa.6968,pubmed,2015,Journal of the science of food and agriculture,Opuntia ficus-indica,6
pmid:25347222,25347222,10.1039/c4fo00071d,pubmed,2014,Food & function,Opuntia ficus-indica,6
pmid:25360511,25360511,10.3390/nu6114794,pubmed,2014,Nutrients,Passiflora edulis,4
pmid:25371584,25371584,10.4314/ajtcam.v11i3.29,pubmed,2014,"African journal of traditional, complementary, and alternative medicines : AJTCAM",Calendula officinalis,7
pmid:25381034,25381034,10.1007/s11626-014-9825-3,pubmed,2015,In vitro cellular & developmental biology. Animal,Rosmarinus officinalis; Schinus molle,5
pmid:25386462,25386462,10.7860/JCDR/2014/8288.4811,pubmed,2014,Journal of clinical and diagnostic research : JCDR,Psidium guajava,5
pmid:25391044,25391044,10.3390/ijms151120585,pubmed,2014,International journal of molecular sciences,Rosmarinus officinalis,4
pmid:25421605,25421605,10.1186/1475-2875-13-456,pubmed,2014,Malaria journal,Carica papaya; Psidium guajava,7
pmid:25439687,25439687,10.1016/S1470-2045(14)71095-2,pubmed,2014,The Lancet. Oncology,Uncaria tomentosa,1
pmid:25460591,25460591,10.1016/j.jep.2014.11.021,pubmed,2015,Journal of ethnopharmacology,Solanum americanum,8
pmid:25466144,25466144,10.1016/j.foodchem.2014.10.120,pubmed,2015,Food chemistry,Plukenetia volubilis,3
pmid:25473370,25473370,10.1016/j.sjbs.2014.07.004,pubmed,2014,Saudi journal of biological sciences,Plukenetia volubilis,3
pmid:25478063,25478063,10.1155/2014/696785,semantic_scholar,2014,Oxidative Medicine and Cellular Longevity,Psidium guajava,4
pmid:25479156,25479156,10.1016/j.jep.2014.11.041,pubmed,2015,Journal of ethnopharmacology,Taraxacum officinale,7
pmid:25495394,25495394,10.1089/acm.2014.0127,pubmed,2015,"Journal of alternative and complementary medicine (New York, N.Y.)",Uncaria tomentosa,7
pmid:25496720,25496720,10.1111/ics.12185,pubmed,2015,International journal of cosmetic science,Chenopodium quinoa,8
pmid:25505920,25505920,10.1155/2014/274786,europe_pmc,2014,,Uncaria tomentosa,4
pmid:25516845,25516845,10.1016/j.ijpddr.2014.07.001,pubmed,2014,International journal for parasitology. Drugs and drug resistance,Argemone mexicana,6
pmid:25520982,25520982,10.1002/jsfa.4613,pubmed,2012,Journal of the science of food and agriculture,Morinda citrifolia,4
pmid:25525518,25525518,10.1155/2014/203051,pubmed,2014,Biochemistry research international,Eucalyptus globulus; Psidium guajava,6
pmid:25529617,25529617,10.1016/j.jep.2014.11.047,pubmed,2015,Journal of ethnopharmacology,Morinda citrifolia,7
pmid:25532284,25532284,,pubmed,2014,Natural product communications,Physalis peruviana,3
pmid:25533266,25533266,10.1080/14786419.2014.990906,pubmed,2015,Natural product research,Smallanthus sonchifolius,3
pmid:25536877,25536877,10.1007/s12010-014-1448-3,pubmed,2015,Applied biochemistry and biotechnology,Aloe vera,6
pmid:2553871,2553871,10.1021/np50064a002,pubmed,1989,Journal of natural products,Uncaria tomentosa,1
pmid:25540161,25540161,10.1177/0049475514565428,pubmed,2015,Tropical doctor,Argemone mexicana,1
pmid:25571845,25571845,10.1016/j.jep.2014.12.051,pubmed,2015,Journal of ethnopharmacology,Origanum vulgare,8
pmid:25578431,25578431,10.2174/1567202612666150109113638,pubmed,2015,Current neurovascular research,Rosmarinus officinalis,4
pmid:25595797,25595797,10.1093/trstmh/tru181,pubmed,2015,Transactions of the Royal Society of Tropical Medicine and Hygiene,Argemone mexicana,5
pmid:25598797,25598797,,pubmed,2014,Research in pharmaceutical sciences,Matricaria chamomilla,4
pmid:25618718,25618718,10.1016/j.talanta.2014.12.003,pubmed,2015,Talanta,Calendula officinalis,4
pmid:25618762,25618762,10.1007/s00216-015-8468-x,europe_pmc,2015,,Argemone mexicana,4
pmid:25628701,25628701,,pubmed,2014,"Journal of dentistry (Tehran, Iran)",Morinda citrifolia,6
pmid:25631395,25631395,10.1080/14786419.2014.1003188,pubmed,2015,Natural product research,Psidium guajava,4
pmid:25637505,25637505,10.1007/s00404-015-3629-x,pubmed,2015,Archives of gynecology and obstetrics,Punica granatum,6
pmid:25638387,25638387,,pubmed,2014,Neuro endocrinology letters,Caesalpinia spinosa,3
pmid:25639718,25639718,10.4014/jmb.1409.09088,pubmed,2015,Journal of microbiology and biotechnology,Amaranthus caudatus,4
pmid:25648593,25648593,10.3390/molecules20022492,pubmed,2015,"Molecules (Basel, Switzerland)",Opuntia ficus-indica,4
pmid:25651187,25651187,10.1089/jmf.2014.3213,pubmed,2015,Journal of medicinal food,Morinda citrifolia,4
pmid:25660891,25660891,10.1016/j.foodchem.2015.01.041,pubmed,2015,Food chemistry,Mauritia flexuosa,3
pmid:25666499,25666499,10.1016/j.chroma.2015.01.067,pubmed,2015,Journal of chromatography. A,Calendula officinalis,5
pmid:25667964,25667964,10.1021/acs.jafc.5b00219,pubmed,2015,Journal of agricultural and food chemistry,Lepidium meyenii,5
pmid:25671817,25671817,10.1017/S0007114514004048,pubmed,2015,The British journal of nutrition,Origanum vulgare,6
pmid:25675709,25675709,,pubmed,2015,Indian journal of experimental biology,Argemone mexicana,4
pmid:25675972,25675972,10.1111/jopr.12248,pubmed,2015,Journal of prosthodontics : official journal of the American College of Prosthodontists,Uncaria tomentosa,4
pmid:25680842,25680842,10.1016/j.jep.2015.02.003,pubmed,2015,Journal of ethnopharmacology,Argemone mexicana,7
pmid:25683633,25683633,10.1002/jsfa.7134,pubmed,2016,Journal of the science of food and agriculture,Chenopodium quinoa,5
pmid:25701751,25701751,10.1016/j.jep.2015.02.028,pubmed,2015,Journal of ethnopharmacology,Achyrocline alata; Baccharis genistelloides; Baccharis latifolia; Equisetum bogotense; Krameria lappacea; Passiflora ligularis; Perezia multiflora; Taraxacum officinale,8
pmid:25710523,25710523,10.1371/journal.pone.0118574,pubmed,2015,PloS one,Achyrocline alata,3
pmid:25710930,25710930,10.1177/1535370214562341,pubmed,2015,"Experimental biology and medicine (Maywood, N.J.)",Rosmarinus officinalis,6
pmid:25714595,25714595,10.1097/FJC.0000000000000243,pubmed,2015,Journal of cardiovascular pharmacology,Banisteriopsis caapi; Psychotria viridis,4
pmid:25717008,25717008,10.1007/s10493-015-9890-7,pubmed,2015,Experimental & applied acarology,Argemone mexicana,4
pmid:25719250,25719250,10.1038/cddis.2015.38,pubmed,2015,Cell death & disease,Physalis peruviana,6
pmid:25725954,25725954,10.1016/j.chroma.2015.02.028,pubmed,2015,Journal of chromatography. A,Uncaria tomentosa,5
pmid:25751659,25751659,10.2174/156720181206151228113209,pubmed,2015,Current drug delivery,Aloe vera,5
pmid:25786160,25786160,10.3390/molecules20034720,pubmed,2015,"Molecules (Basel, Switzerland)",Eucalyptus globulus,4
pmid:25799690,25799690,,pubmed,2014,Archivos latinoamericanos de nutricion,Oxalis tuberosa; Smallanthus sonchifolius,5
pmid:25802811,25802811,10.7717/peerj.843,pubmed,2015,PeerJ,Azorella compacta,4
pmid:25808583,25808583,10.1111/jphp.12399,pubmed,2015,The Journal of pharmacy and pharmacology,Passiflora edulis,6
pmid:25814424,25814424,10.1016/j.crvi.2015.01.006,pubmed,2015,Comptes rendus biologies,Solanum tuberosum,4
pmid:25817836,25817836,10.1016/j.phytochem.2015.02.030,pubmed,2015,Phytochemistry,Lepidium meyenii,5
pmid:25821013,25821013,10.1002/jsfa.7189,pubmed,2016,Journal of the science of food and agriculture,Solanum tuberosum,6
pmid:25821823,25821823,10.1155/2015/847320,pubmed,2015,BioMed research international,Opuntia ficus-indica,5
pmid:25829613,25829613,10.1007/s13197-013-1235-0,europe_pmc,2015,,Physalis peruviana,3
pmid:25829615,25829615,10.1007/s13197-014-1280-3,europe_pmc,2015,,Physalis peruviana,5
pmid:25829616,25829616,10.1007/s13197-014-1289-7,pubmed,2015,Journal of food science and technology,Annona muricata,5
pmid:25837206,25837206,10.1016/j.nut.2014.11.015,pubmed,2015,"Nutrition (Burbank, Los Angeles County, Calif.)",Opuntia ficus-indica,6
pmid:25842469,25842469,,pubmed,2015,Skinmed,Rosmarinus officinalis,5
pmid:25845905,25845905,10.1111/pbi.12365,pubmed,2016,Plant biotechnology journal,Solanum tuberosum,5
pmid:25853952,25853952,10.3109/13880209.2015.1031910,pubmed,2016,Pharmaceutical biology,Opuntia ficus-indica; Punica granatum,6
pmid:25853966,25853966,10.3109/13880209.2014.970285,pubmed,2015,Pharmaceutical biology,Smallanthus sonchifolius,6
pmid:25853969,25853969,10.3109/13880209.2014.984855,pubmed,2015,Pharmaceutical biology,Rosmarinus officinalis,6
pmid:25856320,25856320,,pubmed,2014,Wounds : a compendium of clinical research and practice,Plantago major; Punica granatum,6
pmid:25857627,25857627,10.1002/biof.1206,pubmed,2015,"BioFactors (Oxford, England)",Punica granatum,5
pmid:25858507,25858507,10.1016/j.jep.2015.03.067,pubmed,2015,Journal of ethnopharmacology,Taraxacum officinale,10
pmid:25862199,25862199,10.1016/j.bmcl.2015.03.058,pubmed,2015,Bioorganic & medicinal chemistry letters,Psidium guajava,3
pmid:25863125,25863125,10.1093/carcin/bgv046,pubmed,2015,Carcinogenesis,Annona muricata,6
pmid:25878948,25878948,10.1186/s40203-015-0008-z,pubmed,2015,In silico pharmacology,Lepidium meyenii,6
pmid:25879738,25879738,10.1186/s12936-015-0564-z,europe_pmc,2015,,Psidium guajava,7
pmid:25886126,25886126,10.1186/s12906-015-0595-6,pubmed,2015,BMC complementary and alternative medicine,Matricaria chamomilla,8
pmid:25889523,25889523,10.1016/j.ijfoodmicro.2015.03.031,pubmed,2015,International journal of food microbiology,Theobroma cacao,6
pmid:25898918,25898918,10.1080/14786419.2015.1034714,pubmed,2016,Natural product research,Plantago major,2
pmid:25899210,25899210,10.1016/j.ijsu.2015.03.026,pubmed,2015,"International journal of surgery (London, England)",Annona muricata,6
pmid:25902868,25902868,10.1186/s12993-015-0063-y,pubmed,2015,Behavioral and brain functions : BBF,Urtica urens,4
pmid:25904522,25904522,10.1007/s40257-015-0128-6,pubmed,2015,American journal of clinical dermatology,Aloe vera,5
pmid:25914599,25914599,10.1270/jsbbs.64.422,europe_pmc,2014,,Amaranthus caudatus,4
pmid:25933088,25933088,10.5070/d3214026285,europe_pmc,2015,,Uncaria tomentosa,7
pmid:25941793,25941793,,pubmed,2008,Wounds : a compendium of clinical research and practice,Calendula officinalis,4
pmid:25944010,25944010,10.2174/1389450116666150506114336,pubmed,2016,Current drug targets,Physalis peruviana,5
pmid:25955479,25955479,10.1139/gen-2015-0011,pubmed,2015,Genome,Solanum tuberosum,5
pmid:25965842,25965842,10.1002/chem.201500533,pubmed,2015,"Chemistry (Weinheim an der Bergstrasse, Germany)",Psidium guajava,2
pmid:25975515,25975515,10.1016/j.jep.2015.05.002,pubmed,2015,Journal of ethnopharmacology,Uncaria tomentosa,7
pmid:25976599,25976599,10.1186/s12870-015-0479-4,pubmed,2015,BMC plant biology,Theobroma cacao,7
pmid:25989318,25989318,10.1021/acs.jafc.5b00829,pubmed,2015,Journal of agricultural and food chemistry,Theobroma cacao,3
pmid:25992819,25992819,10.1590/S0080-623420150000200005,pubmed,2015,Revista da Escola de Enfermagem da U S P,Eucalyptus globulus,4
pmid:25996211,25996211,10.3390/molecules20059054,pubmed,2015,"Molecules (Basel, Switzerland)",Mauritia flexuosa,4
pmid:26023030,26023030,10.1016/j.jep.2015.05.028,pubmed,2015,Journal of ethnopharmacology,Punica granatum,8
pmid:26030005,26030005,10.1039/c5fo00426h,pubmed,2015,Food & function,Punica granatum,5
pmid:26041224,26041224,10.1016/j.foodchem.2015.04.047,pubmed,2015,Food chemistry,Smallanthus sonchifolius,4
pmid:26054270,26054270,10.1016/j.foodchem.2007.12.023,pubmed,2008,Food chemistry,Solanum tuberosum,4
pmid:26054557,26054557,10.1080/10408398.2013.772089,pubmed,2016,Critical reviews in food science and nutrition,Lupinus mutabilis,5
pmid:26059107,26059107,10.2174/1389201016666150610160652,pubmed,2015,Current pharmaceutical biotechnology,Theobroma cacao,4
pmid:26064122,26064122,10.1155/2015/789732,pubmed,2015,International journal of analytical chemistry,Calendula officinalis,4
pmid:26087228,26087228,10.1016/j.jep.2015.06.009,pubmed,2015,Journal of ethnopharmacology,Plukenetia volubilis,9
pmid:26088322,26088322,10.1186/s12906-015-0694-4,europe_pmc,2015,,Uncaria tomentosa,6
pmid:260897,260897,,pubmed,1979,Bulletin on narcotics,Erythroxylum coca,3
pmid:26090436,26090436,10.1155/2015/714216,pubmed,2015,BioMed research international,Aloe vera,3
pmid:26092706,26092706,10.1007/s00425-015-2346-9,pubmed,2015,Planta,Solanum tuberosum,7
pmid:2611012,2611012,,pubmed,1989,Bollettino della Societa italiana di biologia sperimentale,Uncaria tomentosa,1
pmid:26114306,26114306,10.1080/10408398.2014.1001811,pubmed,2017,Critical reviews in food science and nutrition,Chenopodium quinoa,4
pmid:26124796,26124796,10.4314/ahs.v15i2.24,semantic_scholar,2015,African health sciences,Aloe vera,7
pmid:26125943,26125943,10.1016/j.phytochem.2015.06.020,pubmed,2015,Phytochemistry,Smallanthus sonchifolius,4
pmid:26139918,26139918,10.1007/s13197-014-1484-6,pubmed,2015,Journal of food science and technology,Punica granatum,4
pmid:26139926,26139926,10.1007/s13197-014-1497-1,pubmed,2015,Journal of food science and technology,Rosmarinus officinalis,4
pmid:26154141,26154141,10.1371/journal.pone.0131882,europe_pmc,2015,,Uncaria tomentosa,4
pmid:26157333,26157333,10.4137/BCBCR.S24420,pubmed,2015,Breast cancer : basic and clinical research,Piper aduncum,4
pmid:26158795,26158795,10.1055/s-0035-1555804,pubmed,2016,Drug research,Morinda citrifolia,5
pmid:26165663,26165663,10.1016/j.jflm.2015.05.010,pubmed,2015,Journal of forensic and legal medicine,Banisteriopsis caapi; Psychotria viridis,7
pmid:26170168,26170168,10.1016/j.canlet.2015.07.005,pubmed,2015,Cancer letters,Rosmarinus officinalis,4
pmid:26174043,26174043,10.1111/and.12453,pubmed,2016,Andrologia,Lepidium meyenii,5
pmid:26176704,26176704,10.1371/journal.pone.0132439,pubmed,2015,PloS one,Rosmarinus officinalis,5
pmid:26181053,26181053,10.1371/journal.pone.0132147,pubmed,2015,PloS one,Theobroma cacao,6
pmid:26184167,26184167,10.3390/ijms160715625,pubmed,2015,International journal of molecular sciences,Annona muricata,4
pmid:26205641,26205641,10.1016/j.jep.2015.07.026,pubmed,2015,Journal of ethnopharmacology,Matricaria chamomilla,7
pmid:26217000,26217000,10.1073/pnas.1504628112,pubmed,2015,Proceedings of the National Academy of Sciences of the United States of America,Theobroma cacao,5
pmid:26220604,26220604,10.1177/1534735415596425,pubmed,2015,Integrative cancer therapies,Caesalpinia spinosa,5
pmid:26221001,26221001,10.1093/ecco-jcc/jjv132,pubmed,2015,Journal of Crohn's & colitis,Physalis peruviana,6
pmid:26231862,26231862,10.1016/j.colsurfb.2015.07.020,pubmed,2015,"Colloids and surfaces. B, Biointerfaces",Calendula officinalis,4
pmid:26232244,26232244,10.1177/2156587215598039,pubmed,2016,Journal of evidence-based complementary & alternative medicine,Punica granatum,3
pmid:26234177,26234177,10.1016/j.jep.2015.07.025,pubmed,2015,Journal of ethnopharmacology,Aloe vera; Rosmarinus officinalis,9
pmid:26237397,26237397,10.1039/c5fo00174a,pubmed,2015,Food & function,Oxalis tuberosa; Smallanthus sonchifolius,4
pmid:26237427,26237427,10.1080/15592324.2015.1071750,pubmed,2015,Plant signaling & behavior,Solanum tuberosum,4
pmid:26240451,26240451,10.3767/003158515X688433,pubmed,2015,Persoonia,Eucalyptus globulus; Theobroma cacao,10
pmid:26249365,26249365,,pubmed,2015,Toxicology mechanisms and methods,Erythroxylum coca,3
pmid:26253579,26253579,10.1016/j.jep.2015.08.003,pubmed,2015,Journal of ethnopharmacology,Malva sylvestris; Psidium guajava,7
pmid:26256137,26256137,10.1016/j.ctcp.2015.06.003,pubmed,2015,Complementary therapies in clinical practice,Matricaria chamomilla,4
pmid:26261406,26261406,10.1007/s12298-015-0297-z,europe_pmc,2015,,Bixa orellana,4
pmid:26263984,26263984,10.3390/ijms160817696,pubmed,2015,International journal of molecular sciences,Smallanthus sonchifolius,5
pmid:26270801,26270801,10.1021/acs.jafc.5b03092,europe_pmc,2016,,Malva sylvestris,4
pmid:26295813,26295813,10.2174/1871527314666150821112051,pubmed,2016,CNS & neurological disorders drug targets,Physalis peruviana,7
pmid:26298758,26298758,10.3168/jds.2015-9513,pubmed,2015,Journal of dairy science,Croton lechleri,8
pmid:26308496,26308496,10.1080/14786419.2015.1076819,pubmed,2016,Natural product research,Psidium guajava,1
pmid:26320464,26320464,10.7314/apjcp.2015.16.14.5863,pubmed,2015,Asian Pacific journal of cancer prevention : APJCP,Physalis peruviana,4
pmid:26321741,26321741,10.1016/j.phymed.2015.06.009,pubmed,2015,Phytomedicine : international journal of phytotherapy and phytopharmacology,Piper aduncum,7
pmid:26331551,26331551,10.1002/ps.4143,pubmed,2016,Pest management science,Piper aduncum,4
pmid:26342699,26342699,10.1007/s10482-015-0559-3,pubmed,2015,Antonie van Leeuwenhoek,Senecio nutans,3
pmid:26375774,26375774,10.1016/j.jep.2015.09.002,pubmed,2015,Journal of ethnopharmacology,Matricaria chamomilla; Plantago major,9
pmid:26387738,26387738,10.1016/j.jep.2015.09.020,pubmed,2015,Journal of ethnopharmacology,Carica papaya; Psidium guajava,6
pmid:26397193,26397193,10.3892/mmr.2015.4317,pubmed,2015,Molecular medicine reports,Azorella compacta,6
pmid:26404212,26404212,10.3390/molecules201017684,pubmed,2015,"Molecules (Basel, Switzerland)",Morinda citrifolia,4
pmid:26404215,26404215,10.3390/molecules201017747,pubmed,2015,"Molecules (Basel, Switzerland)",Plantago major,5
pmid:26415409,26415409,,pubmed,2015,Zhong yao cai = Zhongyaocai = Journal of Chinese medicinal materials,Lepidium meyenii,4
pmid:26425819,26425819,10.1002/jsfa.7451,pubmed,2016,Journal of the science of food and agriculture,Azorella compacta,7
pmid:26433287,26433287,10.1016/j.foodchem.2014.11.043,pubmed,2016,Food chemistry,Amaranthus caudatus; Chenopodium quinoa,3
pmid:26434140,26434140,,pubmed,2015,Natural product communications,Matricaria chamomilla,4
pmid:26434713,26434713,10.1016/j.fsi.2015.09.051,pubmed,2015,Fish & shellfish immunology,Uncaria tomentosa,5
pmid:26437270,26437270,10.1039/c5fo00875a,pubmed,2015,Food & function,Passiflora edulis,5
pmid:26439487,26439487,10.3109/13880209.2015.1073334,pubmed,2016,Pharmaceutical biology,Argemone mexicana,6
pmid:26441652,26441652,10.3389/fphar.2015.00195,europe_pmc,2015,,Tagetes minuta,5
pmid:26446926,26446926,10.3109/10799893.2015.1061001,pubmed,2016,Journal of receptor and signal transduction research,Morinda citrifolia,7
pmid:26448818,26448818,10.1155/2015/709628,pubmed,2015,Oxidative medicine and cellular longevity,Calendula officinalis; Matricaria chamomilla; Punica granatum,6
pmid:26452641,26452641,10.1080/01635581.2015.1082110,pubmed,2015,Nutrition and cancer,Rosmarinus officinalis,5
pmid:26454793,26454793,10.1016/j.phytochem.2015.09.008,pubmed,2015,Phytochemistry,Origanum vulgare,4
pmid:26457985,26457985,10.1111/1750-3841.13092,pubmed,2015,Journal of food science,Smallanthus sonchifolius,8
pmid:26462368,26462368,10.1007/978-3-0348-0927-6_6,pubmed,2015,Progress in drug research. Fortschritte der Arzneimittelforschung. Progres des recherches pharmaceutiques,Aloe vera,7
pmid:26468073,26468073,10.1186/s12906-015-0901-3,pubmed,2015,BMC complementary and alternative medicine,Bixa orellana,7
pmid:26473072,26473072,10.5812/ircmj.19960,europe_pmc,2015,,Malva sylvestris,8
pmid:26473827,26473827,10.3390/ijms161023760,pubmed,2015,International journal of molecular sciences,Mauritia flexuosa; Psidium guajava,4
pmid:26479870,26479870,10.1371/journal.pone.0140331,europe_pmc,2015,,Malva sylvestris,6
pmid:26481011,26481011,10.1007/s11418-015-0935-3,pubmed,2016,Journal of natural medicines,Solanum tuberosum,5
pmid:26498493,26498493,10.1016/j.jep.2015.10.031,pubmed,2015,Journal of ethnopharmacology,Aloe vera,11
pmid:26520790,26520790,10.1016/j.jep.2015.10.038,pubmed,2015,Journal of ethnopharmacology,Annona muricata,6
pmid:26521146,26521146,10.1016/j.phytochem.2015.09.010,pubmed,2015,Phytochemistry,Solanum tuberosum,6
pmid:26529192,26529192,10.1016/j.ijbiomac.2015.10.087,pubmed,2016,International journal of biological macromolecules,Aloe vera,5
pmid:26540480,26540480,10.1080/14786419.2015.1104672,pubmed,2016,Natural product research,Origanum vulgare,4
pmid:26545672,26545672,10.3305/nh.2015.32.5.9603,pubmed,2015,Nutricion hospitalaria,Mauritia flexuosa,7
pmid:26557516,26557516,10.7860/JCDR/2015/11984.6626,pubmed,2015,Journal of clinical and diagnostic research : JCDR,Plantago major,7
pmid:26561077,26561077,10.2174/1381612822666151112145348,pubmed,2016,Current pharmaceutical design,Aloe vera,5
pmid:26573447,26573447,10.1016/j.ctcp.2015.08.001,pubmed,2015,Complementary therapies in clinical practice,Matricaria chamomilla,4
pmid:26576855,26576855,10.1021/acs.jafc.5b05229,pubmed,2015,Journal of agricultural and food chemistry,Smallanthus sonchifolius,3
pmid:26602763,26602763,10.1186/s12864-015-2225-6,pubmed,2015,BMC genomics,Myrciaria dubia,10
pmid:26618515,26618515,10.1111/jopr.12411,pubmed,2017,Journal of prosthodontics : official journal of the American College of Prosthodontists,Plantago major,7
pmid:26624697,26624697,10.11646/zootaxa.4041.1.1,pubmed,2015,Zootaxa,Psidium guajava,4
pmid:26633045,26633045,10.3109/15376516.2015.1090512,pubmed,2016,Toxicology mechanisms and methods,Lepidium meyenii,5
pmid:26634867,26634867,10.3109/19390211.2015.1099584,pubmed,2016,Journal of dietary supplements,Physalis peruviana,5
pmid:26642660,26642660,,pubmed,2015,Acta poloniae pharmaceutica,Psychotria viridis,5
pmid:2664354,2664354,10.1016/0378-8741(89)90037-8,pubmed,1989,Journal of ethnopharmacology,Carica papaya; Psidium guajava,3
pmid:26647632,26647632,,pubmed,2015,Acta poloniae pharmaceutica,Psychotria viridis,5
pmid:26647633,26647633,,pubmed,2015,Acta poloniae pharmaceutica,Origanum vulgare; Rosmarinus officinalis,4
pmid:26657007,26657007,10.1038/hr.2015.136,pubmed,2016,Hypertension research : official journal of the Japanese Society of Hypertension,Theobroma cacao,5
pmid:26666199,26666199,10.1002/ptr.5532,pubmed,2016,Phytotherapy research : PTR,Aloe vera,4
pmid:26681019,26681019,10.4238/2015.December.11.20,pubmed,2015,Genetics and molecular research : GMR,Piper aduncum,5
pmid:26694348,26694348,10.3390/molecules201219875,europe_pmc,2015,,Uncaria tomentosa,6
pmid:26716991,26716991,10.1371/journal.pone.0145840,pubmed,2015,PloS one,Banisteriopsis caapi; Psychotria viridis,5
pmid:26721552,26721552,10.1177/2156587215623637,pubmed,2017,Journal of evidence-based complementary & alternative medicine,Matricaria chamomilla,4
pmid:26724424,26724424,10.1016/j.jep.2015.12.048,pubmed,2016,Journal of ethnopharmacology,Senecio nutans,6
pmid:26730936,26730936,10.3109/13880209.2015.1107103,europe_pmc,2016,,Annona muricata; Bixa orellana; Psidium guajava,5
pmid:26732909,26732909,,pubmed,2015,Revista peruana de medicina experimental y salud publica,Uncaria tomentosa,5
pmid:26732910,26732910,,pubmed,2015,Revista peruana de medicina experimental y salud publica,Uncaria tomentosa,5
pmid:26749825,26749825,,pubmed,2015,Natural product communications,Azorella compacta,3
pmid:26753836,26753836,10.1186/s12906-016-0990-7,pubmed,2016,BMC complementary and alternative medicine,Passiflora edulis,7
pmid:26757781,26757781,10.3109/01480545.2015.1135339,pubmed,2016,Drug and chemical toxicology,Argemone mexicana,6
pmid:26765787,26765787,10.1039/c5fo01475a,pubmed,2016,Food & function,Morinda citrifolia,5
pmid:26775956,26775956,10.1016/j.foodchem.2015.11.065,pubmed,2016,Food chemistry,Chenopodium quinoa,4
pmid:26781385,26781385,10.1016/j.phymed.2015.12.002,pubmed,2016,Phytomedicine : international journal of phytotherapy and phytopharmacology,Calendula officinalis,7
pmid:26787990,26787990,10.1007/s13197-015-2019-5,europe_pmc,2016,,Bixa orellana,4
pmid:26821541,26821541,10.1186/s13002-016-0081-3,pubmed,2016,Journal of ethnobiology and ethnomedicine,Matricaria chamomilla,9
pmid:26825382,26825382,10.1007/s00122-016-2665-7,pubmed,2016,TAG. Theoretical and applied genetics. Theoretische und angewandte Genetik,Solanum tuberosum,6
pmid:26828825,26828825,10.3109/13880209.2015.1137954,pubmed,2016,Pharmaceutical biology,Rosmarinus officinalis,5
pmid:26830302,26830302,10.1016/j.theriogenology.2016.01.007,pubmed,2016,Theriogenology,Aloe vera,5
pmid:26836214,26836214,10.1089/jmf.2015.0093,pubmed,2016,Journal of medicinal food,Schinus molle,6
pmid:26841303,26841303,10.3109/13880209.2015.1137604,pubmed,2016,Pharmaceutical biology,Psidium guajava,5
pmid:26850813,26850813,10.1016/j.ctcp.2015.12.001,pubmed,2016,Complementary therapies in clinical practice,Calendula officinalis; Rosmarinus officinalis,6
pmid:26852789,26852789,10.1080/10408398.2016.1139542,pubmed,2018,Critical reviews in food science and nutrition,Solanum tuberosum,4
pmid:26857797,26857797,10.1002/jsfa.7660,pubmed,2016,Journal of the science of food and agriculture,Lepidium meyenii,5
pmid:26869866,26869866,10.17179/excli2015-186,pubmed,2015,EXCLI journal,Aloe vera; Punica granatum; Rosmarinus officinalis; Taraxacum officinale,5
pmid:26875910,26875910,,pubmed,2016,European review for medical and pharmacological sciences,Schinus molle,6
pmid:26876518,26876518,10.2174/1568026616666160215161103,pubmed,2016,Current topics in medicinal chemistry,Bixa orellana,5
pmid:26881853,26881853,10.1097/MBC.0000000000000415,pubmed,2016,Blood coagulation & fibrinolysis : an international journal in haemostasis and thrombosis,Punica granatum,4
pmid:26883006,26883006,10.1021/acs.jafc.5b05610,pubmed,2016,Journal of agricultural and food chemistry,Lepidium meyenii,4
pmid:26883246,26883246,10.1016/j.jep.2016.02.013,pubmed,2016,Journal of ethnopharmacology,Psidium guajava; Solanum tuberosum,7
pmid:26887328,26887328,10.1002/ptr.5589,pubmed,2016,Phytotherapy research : PTR,Calendula officinalis,5
pmid:26887529,26887529,10.1017/S0031182016000081,pubmed,2016,Parasitology,Schinus molle,4
pmid:26919585,26919585,10.1002/jsfa.7689,pubmed,2016,Journal of the science of food and agriculture,Tropaeolum tuberosum,3
pmid:26920281,26920281,10.1016/j.foodchem.2016.01.120,pubmed,2016,Food chemistry,Solanum tuberosum,4
pmid:26922436,26922436,10.1177/2156587216633370,pubmed,2017,Journal of evidence-based complementary & alternative medicine,Punica granatum,4
pmid:26922728,26922728,10.1007/s12010-016-2025-8,pubmed,2016,Applied biochemistry and biotechnology,Bixa orellana,5
pmid:26924564,26924564,10.1016/j.jep.2016.02.034,pubmed,2016,Journal of ethnopharmacology,Psidium guajava,9
pmid:26926175,26926175,10.1016/j.phymed.2015.12.015,pubmed,2016,Phytomedicine : international journal of phytotherapy and phytopharmacology,Uncaria tomentosa,6
pmid:26937634,26937634,10.1371/journal.pone.0150711,pubmed,2016,PloS one,Solanum tuberosum,4
pmid:26941822,26941822,10.1155/2016/2680409,pubmed,2016,Evidence-based complementary and alternative medicine : eCAM,Rosmarinus officinalis,4
pmid:26945647,26945647,10.1016/j.jphotobiol.2016.02.023,pubmed,2016,"Journal of photochemistry and photobiology. B, Biology",Plukenetia volubilis,4
pmid:26947900,26947900,10.1016/j.jep.2016.02.039,europe_pmc,2016,,Aloe vera; Malva sylvestris,8
pmid:26950922,26950922,10.1016/j.plaphy.2016.02.029,pubmed,2016,Plant physiology and biochemistry : PPB,Taraxacum officinale,5
pmid:26955771,26955771,10.1016/j.preghy.2016.01.001,pubmed,2016,Pregnancy hypertension,Theobroma cacao,5
pmid:26957370,26957370,10.1093/aob/mcw008,europe_pmc,2016,,Amaranthus caudatus,8
pmid:26973824,26973824,10.3389/fpubh.2016.00020,pubmed,2016,Frontiers in public health,Lupinus mutabilis; Oxalis tuberosa; Ullucus tuberosus,7
pmid:26976063,26976063,10.1016/j.brainresbull.2016.03.002,pubmed,2016,Brain research bulletin,Banisteriopsis caapi; Psychotria viridis,1
pmid:26988219,26988219,10.1186/s12864-016-2568-7,europe_pmc,2016,,Physalis peruviana,8
pmid:26996966,26996966,10.1016/j.peptides.2016.03.006,pubmed,2016,Peptides,Theobroma cacao,6
pmid:27000311,27000311,10.1002/14651858.CD002124.pub2,pubmed,2016,The Cochrane database of systematic reviews,Matricaria chamomilla; Psidium guajava,18
pmid:27001282,27001282,10.1016/j.nutres.2015.12.007,pubmed,2016,"Nutrition research (New York, N.Y.)",Opuntia ficus-indica,5
pmid:27005499,27005499,,pubmed,2016,Pakistan journal of pharmaceutical sciences,Urtica urens,4
pmid:27006100,27006100,10.1002/mnfr.201500977,pubmed,2016,Molecular nutrition & food research,Physalis peruviana,5
pmid:27009750,27009750,10.1111/jcpt.12382,pubmed,2016,Journal of clinical pharmacy and therapeutics,Aloe vera,7
pmid:27013805,27013805,10.4103/0973-1296.172975,pubmed,2015,Pharmacognosy magazine,Croton lechleri,8
pmid:27019680,27019680,,pubmed,2016,Tropical life sciences research,Theobroma cacao,4
pmid:27039035,27039035,10.1016/j.euroneuro.2016.03.012,pubmed,2016,European neuropsychopharmacology : the journal of the European College of Neuropsychopharmacology,Banisteriopsis caapi; Psychotria viridis,5
pmid:27039890,27039890,10.1016/j.biochi.2016.03.015,pubmed,2016,Biochimie,Solanum tuberosum,5
pmid:27051475,27051475,10.1155/2016/1404505,pubmed,2016,Oxidative medicine and cellular longevity,Origanum vulgare,5
pmid:27063253,27063253,10.1016/j.ympev.2016.04.009,pubmed,2016,Molecular phylogenetics and evolution,Chenopodium quinoa,4
pmid:27074391,27074391,10.1111/1750-3841.13302,pubmed,2016,Journal of food science,Morinda citrifolia,4
pmid:27085299,27085299,10.1016/j.micpath.2016.04.013,pubmed,2016,Microbial pathogenesis,Psidium guajava,6
pmid:27101557,27101557,10.1515/jcim-2015-0054,pubmed,2016,Journal of complementary & integrative medicine,Annona muricata,5
pmid:27109152,27109152,10.1142/S0192415X16500348,pubmed,2016,The American journal of Chinese medicine,Physalis peruviana,6
pmid:27110097,27110097,10.2147/DDDT.S103216,pubmed,2016,"Drug design, development and therapy",Annona muricata,4
pmid:27110832,27110832,10.1039/c6fo00398b,pubmed,2016,Food & function,Calendula officinalis,4
pmid:27119588,27119588,10.1590/1807-3107BOR-2016.vol30.0061,pubmed,2016,Brazilian oral research,Uncaria tomentosa,5
pmid:27139188,27139188,10.1371/journal.pone.0153980,pubmed,2016,PloS one,Solanum tuberosum,5
pmid:27141658,27141658,,pubmed,2015,Zhongguo Zhong yao za zhi = Zhongguo zhongyao zazhi = China journal of Chinese materia medica,Lepidium meyenii,3
pmid:27142444,27142444,10.1039/c6fo00326e,pubmed,2016,Food & function,Solanum tuberosum,5
pmid:27152917,27152917,10.1089/acm.2015.0122,pubmed,2016,"Journal of alternative and complementary medicine (New York, N.Y.)",Aloe vera,7
pmid:27169179,27169179,,pubmed,2016,Natural product communications,Croton lechleri; Dracontium loretense; Lepidium meyenii; Maytenus macrocarpa; Minthostachys mollis; Physalis peruviana; Plukenetia volubilis; Smallanthus sonchifolius; Uncaria tomentosa,3
pmid:27169180,27169180,,pubmed,2016,Natural product communications,Argemone mexicana,6
pmid:27174404,27174404,10.1016/j.molp.2016.04.016,pubmed,2016,Molecular plant,Lepidium meyenii,5
pmid:27178264,27178264,10.1007/s00210-016-1256-0,pubmed,2016,Naunyn-Schmiedeberg's archives of pharmacology,Rosmarinus officinalis,3
pmid:27180878,27180878,10.1016/j.jep.2016.05.026,pubmed,2016,Journal of ethnopharmacology,Uncaria tomentosa,9
pmid:27181135,27181135,10.1080/13880209.2016.1178309,pubmed,2016,Pharmaceutical biology,Psidium guajava,5
pmid:27186389,27186389,10.5812/ircmj.22361,europe_pmc,2016,,Malva sylvestris,5
pmid:27193404,27193404,10.1007/s13744-013-0172-y,pubmed,2014,Neotropical entomology,Eucalyptus globulus,5
pmid:27193817,27193817,10.1007/s13744-014-0207-z,pubmed,2014,Neotropical entomology,Myrciaria dubia,4
pmid:27195983,27195983,10.1371/journal.pone.0156029,europe_pmc,2016,,Schinus molle,6
pmid:27209430,27209430,10.1186/s13075-016-1013-2,pubmed,2016,Arthritis research & therapy,Amaranthus caudatus,7
pmid:27210437,27210437,10.1016/j.bmcl.2016.04.077,pubmed,2016,Bioorganic & medicinal chemistry letters,Physalis peruviana,3
pmid:27217089,27217089,10.1177/1534734616645031,pubmed,2016,The international journal of lower extremity wounds,Aloe vera,5
pmid:27222755,27222755,10.1016/j.jare.2015.11.002,pubmed,2016,Journal of advanced research,Bixa orellana,5
pmid:27237214,27237214,10.4103/0970-9290.183135,pubmed,2016,Indian journal of dental research : official publication of Indian Society for Dental Research,Plantago major,6
pmid:27240356,27240356,10.3390/ijms17060835,pubmed,2016,International journal of molecular sciences,Solanum tuberosum,4
pmid:27242815,27242815,10.3389/fpls.2016.00608,europe_pmc,2016,,Chenopodium quinoa,5
pmid:27242826,27242826,10.3389/fpls.2016.00622,pubmed,2016,Frontiers in plant science,Chenopodium quinoa,4
pmid:27246698,27246698,10.1080/10408398.2016.1176009,pubmed,2018,Critical reviews in food science and nutrition,Carica papaya; Passiflora edulis,4
pmid:27247570,27247570,10.1155/2016/9130979,pubmed,2016,Advances in pharmacological sciences,Rosmarinus officinalis,3
pmid:27249525,27249525,10.3855/jidc.7610,pubmed,2016,Journal of infection in developing countries,Punica granatum; Rosmarinus officinalis,7
pmid:27253407,27253407,10.1038/cddis.2016.134,pubmed,2016,Cell death & disease,Caesalpinia spinosa,5
pmid:27255767,27255767,10.1007/s13744-016-0409-7,pubmed,2016,Neotropical entomology,Piper aduncum,3
pmid:27261850,27261850,10.1016/j.apjtm.2016.03.033,pubmed,2016,Asian Pacific journal of tropical medicine,Smallanthus sonchifolius,6
pmid:27262333,27262333,10.2174/1381612822666160531163144,pubmed,2016,Current pharmaceutical design,Annona muricata,6
pmid:27268043,27268043,10.1186/s12917-016-0714-8,pubmed,2016,BMC veterinary research,Origanum vulgare,8
pmid:27268266,27268266,10.1080/01480545.2016.1188397,pubmed,2017,Drug and chemical toxicology,Psidium guajava,3
pmid:27269391,27269391,10.1016/j.jep.2016.06.002,pubmed,2016,Journal of ethnopharmacology,Calendula officinalis,6
pmid:27281159,27281159,10.1371/journal.pone.0150210,pubmed,2016,PloS one,Amaranthus caudatus,6
pmid:27286337,27286337,10.1055/s-0042-108737,pubmed,2016,Planta medica,Piper aduncum,1
pmid:27294181,27294181,10.1016/j.dib.2016.05.032,europe_pmc,2016,,Malva sylvestris,3
pmid:27307258,27307258,10.1104/pp.16.00137,pubmed,2016,Plant physiology,Solanum tuberosum,4
pmid:27313228,27313228,10.1177/2156587216653660,europe_pmc,2017,,Morinda citrifolia,3
pmid:27328771,27328771,10.1016/j.niox.2016.06.004,pubmed,2016,Nitric oxide : biology and chemistry,Morinda citrifolia,5
pmid:27339751,27339751,10.1080/13880209.2016.1195848,pubmed,2016,Pharmaceutical biology,Calendula officinalis,7
pmid:27347994,27347994,10.3390/nu8070388,pubmed,2016,Nutrients,Aloe vera,5
pmid:27348403,27348403,10.1080/14786419.2016.1201672,europe_pmc,2017,,Tagetes minuta,3
pmid:27350966,27350966,10.1155/2014/130342,pubmed,2014,International scholarly research notices,Passiflora ligularis,4
pmid:27377797,27377797,10.1002/dta.1989,pubmed,2017,Drug testing and analysis,Banisteriopsis caapi,5
pmid:27392595,27392595,10.1016/j.jep.2016.07.008,pubmed,2016,Journal of ethnopharmacology,Senecio nutans,5
pmid:27397554,27397554,10.1002/ptr.5675,pubmed,2016,Phytotherapy research : PTR,Punica granatum,4
pmid:27400061,27400061,10.1016/j.ecoenv.2016.06.036,pubmed,2016,Ecotoxicology and environmental safety,Chenopodium quinoa,5
pmid:27429983,27429983,10.1155/2016/8503426,pubmed,2016,BioMed research international,Origanum vulgare,5
pmid:27436918,27436918,10.1007/s12298-016-0354-2,pubmed,2016,Physiology and molecular biology of plants : an international journal of functional plant biology,Origanum vulgare,4
pmid:2743711,2743711,,pubmed,1989,"Diabetes research (Edinburgh, Scotland)",Ilex guayusa; Taraxacum officinale,6
pmid:27444693,27444693,10.1016/j.jep.2016.07.050,pubmed,2016,Journal of ethnopharmacology,Psidium guajava,8
pmid:27446101,27446101,10.3389/fpls.2016.00850,europe_pmc,2016,,Chenopodium quinoa,6
pmid:27449700,27449700,10.1016/j.etp.2016.07.003,pubmed,2016,Experimental and toxicologic pathology : official journal of the Gesellschaft fur Toxikologische Pathologie,Rosmarinus officinalis,6
pmid:27451258,27451258,10.1016/j.jep.2016.07.038,pubmed,2016,Journal of ethnopharmacology,Morinda citrifolia,6
pmid:27455312,27455312,10.3390/nu8070436,pubmed,2016,Nutrients,Smallanthus sonchifolius,3
pmid:27470342,27470342,10.1016/j.biopha.2016.04.062,pubmed,2016,Biomedicine & pharmacotherapy = Biomedecine & pharmacotherapie,Origanum vulgare,5
pmid:27482352,27482352,,pubmed,2016,Veterinary research forum : an international quarterly journal,Taraxacum officinale,5
pmid:2748730,2748730,10.1055/s-2006-961907,pubmed,1989,Planta medica,Croton lechleri,4
pmid:27510042,27510042,10.3892/mmr.2016.5595,pubmed,2016,Molecular medicine reports,Solanum tuberosum,5
pmid:27513212,27513212,10.1016/j.biopha.2016.08.002,pubmed,2016,Biomedicine & pharmacotherapy = Biomedecine & pharmacotherapie,Taraxacum officinale,6
pmid:27514442,27514442,10.1016/j.ijbiomac.2016.08.015,pubmed,2016,International journal of biological macromolecules,Theobroma cacao,3
pmid:27514764,27514764,,pubmed,2016,Iranian journal of kidney diseases,Plantago major,5
pmid:27514886,27514886,10.1016/j.vetpar.2016.06.030,pubmed,2016,Veterinary parasitology,Opuntia ficus-indica,4
pmid:27516989,27516989,,pubmed,2016,Avicenna journal of phytomedicine,Argemone mexicana,6
pmid:27529077,27529077,10.1155/2016/9734181,pubmed,2016,TheScientificWorldJournal,Mauritia flexuosa,5
pmid:27539187,27539187,10.1002/ptr.5698,pubmed,2016,Phytotherapy research : PTR,Smallanthus sonchifolius,5
pmid:27539316,27539316,10.2174/1871520616666160817111242,pubmed,2017,Anti-cancer agents in medicinal chemistry,Uncaria tomentosa,6
pmid:27540349,27540349,10.17179/excli2016-267,pubmed,2016,EXCLI journal,Taraxacum officinale,5
pmid:27543880,27543880,10.1016/j.ejmech.2016.08.011,pubmed,2016,European journal of medicinal chemistry,Uncaria tomentosa,5
pmid:27548190,27548190,10.3390/ph9030049,pubmed,2016,"Pharmaceuticals (Basel, Switzerland)",Lepidium meyenii,6
pmid:27558166,27558166,10.1186/s12906-016-1290-y,pubmed,2016,BMC complementary and alternative medicine,Annona muricata,8
pmid:27558224,27558224,10.1007/s11046-016-0047-y,pubmed,2016,Mycopathologia,Origanum vulgare; Rosmarinus officinalis,3
pmid:27565479,27565479,10.1007/s00299-016-2045-4,pubmed,2016,Plant cell reports,Solanum tuberosum,5
pmid:27566199,27566199,10.1016/j.jep.2016.08.043,pubmed,2016,Journal of ethnopharmacology,Rosmarinus officinalis,7
pmid:27578489,27578489,10.1111/hel.12350,pubmed,2017,Helicobacter,Origanum vulgare,6
pmid:27582753,27582753,10.3389/fpls.2016.01222,europe_pmc,2016,,Chenopodium quinoa,7
pmid:27586821,27586821,10.1016/j.jep.2016.08.050,pubmed,2016,Journal of ethnopharmacology,Physalis peruviana,12
pmid:27590731,27590731,10.1016/j.jep.2016.08.051,pubmed,2016,Journal of ethnopharmacology,Uncaria tomentosa,9
pmid:27596387,27596387,10.1016/j.foodchem.2016.07.141,pubmed,2017,Food chemistry,Theobroma cacao,4
pmid:27603914,27603914,10.1002/cbdv.201600133,pubmed,2016,Chemistry & biodiversity,Piper aduncum,3
pmid:27605980,27605980,10.4314/ahs.v16i2.33,pubmed,2016,African health sciences,Psidium guajava,5
pmid:27610150,27610150,,europe_pmc,2016,,Malva sylvestris,5
pmid:27618035,27618035,10.3390/ijms17091521,pubmed,2016,International journal of molecular sciences,Lepidium meyenii,5
pmid:27620560,27620560,10.1093/jisesa/iew063,pubmed,2016,Journal of insect science (Online),Prosopis pallida,6
pmid:27621241,27621241,10.1016/j.maturitas.2016.07.013,pubmed,2016,Maturitas,Lepidium meyenii,4
pmid:27621688,27621688,10.5851/kosfa.2016.36.4.476,europe_pmc,2016,,Bixa orellana,5
pmid:27638916,27638916,10.3732/ajb.1600171,pubmed,2016,American journal of botany,Lupinus mutabilis,5
pmid:27643502,27643502,10.1371/journal.pone.0162728,europe_pmc,2016,,Malva sylvestris,6
pmid:27648102,27648102,10.1155/2016/4394261,pubmed,2016,Evidence-based complementary and alternative medicine : eCAM,Lepidium meyenii,4
pmid:27653470,27653470,10.1021/acs.jafc.6b03279,pubmed,2016,Journal of agricultural and food chemistry,Solanum tuberosum,4
pmid:27659082,27659082,10.5005/jp-journals-10024-1906,pubmed,2016,The journal of contemporary dental practice,Annona muricata,5
pmid:27680049,27680049,10.1590/S0080-623420160000500013,pubmed,2016,Revista da Escola de Enfermagem da U S P,Calendula officinalis,8
pmid:27681648,27681648,10.1111/and.12679,pubmed,2016,Andrologia,Lepidium meyenii,4
pmid:27681650,27681650,10.1111/and.12682,pubmed,2016,Andrologia,Lepidium meyenii,5
pmid:27681723,27681723,10.3390/ijms17101616,europe_pmc,2016,,Passiflora edulis,4
pmid:27692565,27692565,10.1016/j.clbc.2016.08.005,pubmed,2017,Clinical breast cancer,Croton lechleri,6
pmid:27693740,27693740,10.1016/j.fitote.2016.09.013,pubmed,2016,Fitoterapia,Passiflora edulis,3
pmid:27706074,27706074,10.3390/nu8100611,pubmed,2016,Nutrients,Punica granatum,6
pmid:27708658,27708658,10.3389/fpls.2016.01406,europe_pmc,2016,,Bixa orellana,5
pmid:27719949,27719949,10.1016/j.foodchem.2016.08.123,pubmed,2017,Food chemistry,Lepidium meyenii,4
pmid:27719960,27719960,10.1016/j.foodchem.2016.09.063,pubmed,2017,Food chemistry,Rosmarinus officinalis,3
pmid:27723643,27723643,10.4103/0970-9290.191895,pubmed,2016,Indian journal of dental research : official publication of Indian Society for Dental Research,Plantago major,5
pmid:27748175,27748175,10.2174/1574884711666161010143649,pubmed,2016,Current clinical pharmacology,Argemone mexicana,6
pmid:27748197,27748197,10.2174/1381612822666161010103339,pubmed,2017,Current pharmaceutical design,Punica granatum,6
pmid:27765051,27765051,10.1186/s13002-016-0122-y,pubmed,2016,Journal of ethnobiology and ethnomedicine,Origanum vulgare,8
pmid:27769412,27769412,10.1016/j.talanta.2016.08.022,pubmed,2016,Talanta,Theobroma cacao,5
pmid:27776356,27776356,10.1038/nature19824,pubmed,2016,Nature,Morinda citrifolia,5
pmid:27780138,27780138,10.1016/j.biopha.2016.10.026,europe_pmc,2016,,Malva sylvestris,5
pmid:27784221,27784221,10.2174/1389201017666161026093716,pubmed,2016,Current pharmaceutical biotechnology,Argemone mexicana,6
pmid:27794507,27794507,10.1016/j.jep.2016.10.068,pubmed,2016,Journal of ethnopharmacology,Tagetes minuta; Taraxacum officinale,12
pmid:27795930,27795930,10.1186/s40064-016-3469-6,europe_pmc,2016,,Senecio nutans,6
pmid:27797217,27797217,,pubmed,2016,Asian Pacific journal of cancer prevention : APJCP,Psidium guajava,4
pmid:27812653,27812653,10.1590/0037-8682-0227-2016,pubmed,2016,Revista da Sociedade Brasileira de Medicina Tropical,Myrciaria dubia,6
pmid:27831606,27831606,10.17843/rpmesp.2016.333.2329,pubmed,2016,Revista peruana de medicina experimental y salud publica,Piper aduncum,6
pmid:27840217,27840217,10.1016/j.ijbiomac.2016.11.031,pubmed,2017,International journal of biological macromolecules,Lepidium meyenii,1
pmid:27845266,27845266,10.1016/j.jep.2016.11.017,pubmed,2016,Journal of ethnopharmacology,Psidium guajava,8
pmid:27845613,27845613,10.1080/0886022X.2016.1244070,pubmed,2017,Renal failure,Taraxacum officinale,1
pmid:27849582,27849582,10.1073/pnas.1604265113,europe_pmc,2016,,Solanum tuberosum,5
pmid:27852125,27852125,10.1142/S0192415X16500956,pubmed,2016,The American journal of Chinese medicine,Caesalpinia spinosa,5
pmid:27869665,27869665,10.3390/nu8110731,pubmed,2016,Nutrients,Rosmarinus officinalis,4
pmid:27869784,27869784,10.3390/molecules21111576,pubmed,2016,"Molecules (Basel, Switzerland)",Rosmarinus officinalis,1
pmid:27871867,27871867,10.1016/j.yrtph.2016.11.022,pubmed,2017,Regulatory toxicology and pharmacology : RTP,Morinda citrifolia,5
pmid:27875075,27875075,10.1139/cjpp-2016-0189,pubmed,2017,Canadian journal of physiology and pharmacology,Matricaria chamomilla; Origanum vulgare,4
pmid:27880086,27880086,10.1080/03630242.2016.1263272,pubmed,2017,Women & health,Calendula officinalis,4
pmid:27885940,27885940,10.1080/09168451.2016.1234930,pubmed,2017,"Bioscience, biotechnology, and biochemistry",Opuntia ficus-indica,2
pmid:27896660,27896660,10.1007/s13181-016-0593-1,pubmed,2017,Journal of medical toxicology : official journal of the American College of Medical Toxicology,Banisteriopsis caapi; Psychotria viridis,9
pmid:27912875,27912875,10.1016/j.phymed.2016.10.012,pubmed,2016,Phytomedicine : international journal of phytotherapy and phytopharmacology,Matricaria chamomilla,7
pmid:27917678,27917678,10.1080/14786419.2016.1263853,pubmed,2017,Natural product research,Rosmarinus officinalis,4
pmid:27918874,27918874,10.1080/02791072.2016.1260189,pubmed,2017,Journal of psychoactive drugs,Banisteriopsis caapi,6
pmid:27920947,27920947,,pubmed,2016,Hawai'i journal of medicine & public health : a journal of Asia Pacific Medicine & Public Health,Physalis peruviana,10
pmid:27925067,27925067,10.1590/S1984-29612016073,pubmed,2016,Revista brasileira de parasitologia veterinaria = Brazilian journal of veterinary parasitology : Orgao Oficial do Colegio Brasileiro de Parasitologia Veterinaria,Piper aduncum,4
pmid:27931150,27931150,10.1080/13880209.2016.1242631,europe_pmc,2017,,Uncaria tomentosa,7
pmid:27941667,27941667,10.3390/nu8120800,pubmed,2016,Nutrients,Opuntia ficus-indica,1
pmid:27943550,27943550,10.1002/cbdv.201600382,pubmed,2017,Chemistry & biodiversity,Baccharis latifolia; Minthostachys mollis; Schinus molle,6
pmid:27951419,27951419,10.1016/j.biopha.2016.12.004,europe_pmc,2017,,Malva sylvestris,4
pmid:27956357,27956357,10.1016/j.jep.2016.11.033,pubmed,2017,Journal of ethnopharmacology,Plantago major,8
pmid:27960552,27960552,10.1080/13813455.2016.1255899,pubmed,2017,Archives of physiology and biochemistry,Urtica urens,4
pmid:27964835,27964835,10.1016/j.phytochem.2016.12.003,pubmed,2017,Phytochemistry,Solanum tuberosum,5
pmid:27974009,27974009,10.12968/jowc.2016.25.12.732,pubmed,2016,Journal of wound care,Calendula officinalis,6
pmid:2799830,2799830,10.1016/0300-483x(89)90142-x,pubmed,1989,Toxicology,Argemone mexicana,5
pmid:28001217,28001217,10.1590/0037-8682-0452-2016,europe_pmc,2016,,Tagetes minuta,6
pmid:28003130,28003130,10.1016/j.jep.2016.12.017,pubmed,2017,Journal of ethnopharmacology,Rosmarinus officinalis,7
pmid:28007001,28007001,10.1080/15376516.2016.1275908,pubmed,2017,Toxicology mechanisms and methods,Lepidium meyenii,5
pmid:28012278,28012278,10.1900/RDS.2016.13.113,pubmed,2016,The review of diabetic studies : RDS,Taraxacum officinale,6
pmid:28012923,28012923,10.1016/j.biopha.2016.12.049,pubmed,2017,Biomedicine & pharmacotherapy = Biomedecine & pharmacotherapie,Rosmarinus officinalis,7
pmid:28013171,28013171,10.1016/j.jplph.2016.10.016,pubmed,2017,Journal of plant physiology,Lupinus mutabilis,5
pmid:28019043,28019043,10.1111/mec.13974,pubmed,2017,Molecular ecology,Amaranthus caudatus,5
pmid:28050493,28050493,10.7860/jcdr/2016/18329.8762,europe_pmc,2016,,Annona muricata,7
pmid:28069126,28069126,10.1016/j.foodchem.2016.12.019,pubmed,2017,Food chemistry,Smallanthus sonchifolius,3
pmid:28071000,28071000,10.1631/jzus.B1600377,pubmed,,Journal of Zhejiang University. Science. B,Origanum vulgare,4
pmid:28077102,28077102,10.1186/s12906-016-1520-3,pubmed,2017,BMC complementary and alternative medicine,Taraxacum officinale,5
pmid:28083783,28083783,10.1007/s10265-017-0904-x,pubmed,2017,Journal of plant research,Smallanthus sonchifolius,4
pmid:28084125,28084125,10.1080/13880209.2016.1275025,pubmed,2017,Pharmaceutical biology,Urtica urens,5
pmid:28087472,28087472,10.1016/j.jep.2017.01.011,pubmed,2017,Journal of ethnopharmacology,Clinopodium bolivianum,7
pmid:28088220,28088220,10.1186/s12906-017-1555-0,pubmed,2017,BMC complementary and alternative medicine,Punica granatum,5
pmid:28088871,28088871,10.1177/1534735416681642,pubmed,2018,Integrative cancer therapies,Aloe vera; Morinda citrifolia,8
pmid:28093669,28093669,10.1007/s10709-016-9947-5,pubmed,2017,Genetica,Psidium guajava,5
pmid:28106756,28106756,10.3390/molecules22010110,pubmed,2017,"Molecules (Basel, Switzerland)",Rosmarinus officinalis,1
pmid:28111215,28111215,10.1016/j.jep.2017.01.034,pubmed,2017,Journal of ethnopharmacology,Morinda citrifolia,7
pmid:28114838,28114838,10.1080/14786419.2017.1278597,pubmed,2017,Natural product research,Amaranthus caudatus,2
pmid:28122144,28122144,10.1002/cbdv.201600464,pubmed,2017,Chemistry & biodiversity,Schinus molle,5
pmid:28130741,28130741,10.1007/s10886-016-0805-9,pubmed,2017,Journal of chemical ecology,Solanum tuberosum,5
pmid:28161878,28161878,10.1007/s11130-017-0600-y,pubmed,2017,"Plant foods for human nutrition (Dordrecht, Netherlands)",Smallanthus sonchifolius,4
pmid:28165396,28165396,10.3390/antiox6010012,pubmed,2017,"Antioxidants (Basel, Switzerland)",Uncaria tomentosa,1
pmid:28173798,28173798,10.1186/s12906-017-1616-4,pubmed,2017,BMC complementary and alternative medicine,Punica granatum,7
pmid:28173866,28173866,10.1186/s12944-016-0397-y,pubmed,2017,Lipids in health and disease,Opuntia ficus-indica,7
pmid:28176363,28176363,10.1002/ddr.21378,pubmed,2017,Drug development research,Annona muricata,4
pmid:28176439,28176439,10.1111/jam.13413,pubmed,2017,Journal of applied microbiology,Origanum vulgare,5
pmid:28177047,28177047,10.1590/0074-02760160361,pubmed,2017,Memorias do Instituto Oswaldo Cruz,Piper aduncum,6
pmid:28185340,28185340,10.1002/ptr.5784,pubmed,2017,Phytotherapy research : PTR,Punica granatum,5
pmid:28188617,28188617,10.1002/jsfa.8255,pubmed,2017,Journal of the science of food and agriculture,Ilex guayusa,5
pmid:28189317,28189317,10.3168/jds.2016-12139,pubmed,2017,Journal of dairy science,Croton lechleri,8
pmid:28192466,28192466,10.1371/journal.pone.0171896,europe_pmc,2017,,Punica granatum,9
pmid:28202077,28202077,10.1186/s13104-017-2396-0,europe_pmc,2017,,Tagetes minuta,7
pmid:28212012,28212012,10.1021/acs.jafc.6b05805,europe_pmc,2017,,Lepidium meyenii,4
pmid:28214685,28214685,10.1016/j.biopha.2017.02.020,europe_pmc,2017,,Malva sylvestris,6
pmid:28215068,28215068,10.1021/acs.jafc.6b05179,pubmed,2017,Journal of agricultural and food chemistry,Solanum tuberosum,3
pmid:28215156,28215156,10.2174/1381612823666170215104101,pubmed,2017,Current pharmaceutical design,Punica granatum,5
pmid:28216559,28216559,10.3390/jfb8010006,pubmed,2017,Journal of functional biomaterials,Aloe vera,1
pmid:28218804,28218804,10.1002/jsfa.8278,pubmed,2017,Journal of the science of food and agriculture,Chenopodium quinoa,3
pmid:28229941,28229941,10.1016/j.fitote.2017.02.002,pubmed,2017,Fitoterapia,Solanum americanum,5
pmid:28231793,28231793,10.1186/s13002-017-0144-0,pubmed,2017,Journal of ethnobiology and ethnomedicine,Matricaria chamomilla,6
pmid:28239982,28239982,10.1002/mnfr.201600767,pubmed,2017,Molecular nutrition & food research,Chenopodium quinoa,4
pmid:28273864,28273864,10.3390/molecules22030402,europe_pmc,2017,,Taraxacum officinale,6
pmid:28274868,28274868,10.1016/j.ijbiomac.2017.03.019,pubmed,2017,International journal of biological macromolecules,Chenopodium quinoa,3
pmid:28278495,28278495,10.1159/000468988,pubmed,2017,"Medical principles and practice : international journal of the Kuwait University, Health Science Centre",Matricaria chamomilla,6
pmid:28286043,28286043,10.1016/j.jep.2017.03.004,pubmed,2017,Journal of ethnopharmacology,Psidium guajava,5
pmid:28292028,28292028,10.1016/j.biopha.2017.02.052,europe_pmc,2017,,Bixa orellana,5
pmid:28304399,28304399,10.1038/srep44660,europe_pmc,2017,,Lepidium meyenii,4
pmid:28328276,28328276,10.12968/bjon.2017.26.5.S12,pubmed,2017,British journal of nursing (Mark Allen Publishing),Aloe vera,3
pmid:28329408,28329408,10.1111/1750-3841.13668,pubmed,2017,Journal of food science,Myrciaria dubia,4
pmid:28335791,28335791,10.1186/s13002-017-0149-8,pubmed,2017,Journal of ethnobiology and ethnomedicine,Calendula officinalis,7
pmid:28343257,28343257,10.1007/s00709-017-1103-2,pubmed,2017,Protoplasma,Schinus molle,1
pmid:28361401,28361401,10.1007/s11356-017-8848-1,pubmed,2017,Environmental science and pollution research international,Rosmarinus officinalis,1
pmid:28364786,28364786,10.14715/cmb/2017.63.2.10,pubmed,2017,"Cellular and molecular biology (Noisy-le-Grand, France)",Taraxacum officinale,5
pmid:28370005,28370005,10.1002/jsfa.8343,pubmed,2017,Journal of the science of food and agriculture,Solanum tuberosum,6
pmid:28370071,28370071,10.1002/jsfa.8344,pubmed,2017,Journal of the science of food and agriculture,Passiflora edulis,6
pmid:28372151,28372151,10.1016/j.foodchem.2017.02.049,pubmed,2017,Food chemistry,Passiflora edulis,2
pmid:28372251,28372251,10.1016/j.foodchem.2017.02.150,pubmed,2017,Food chemistry,Solanum tuberosum,4
pmid:28412913,28412913,10.2174/1570163814666170413121732,pubmed,2018,Current drug discovery technologies,Rosmarinus officinalis,4
pmid:28417940,28417940,10.3390/molecules22040620,pubmed,2017,"Molecules (Basel, Switzerland)",Uncaria tomentosa,1
pmid:28427461,28427461,10.1186/s12906-017-1735-y,pubmed,2017,BMC complementary and alternative medicine,Argemone mexicana,8
pmid:28437889,28437889,10.1016/j.biopha.2017.04.046,pubmed,2017,Biomedicine & pharmacotherapy = Biomedecine & pharmacotherapie,Physalis peruviana,4
pmid:28438040,28438040,10.1080/14786419.2017.1320793,pubmed,2018,Natural product research,Bixa orellana,2
pmid:28441777,28441777,10.3390/ijms18040897,pubmed,2017,International journal of molecular sciences,Psidium guajava,1
pmid:28450692,28450692,10.1538/expanim.16-0105,europe_pmc,2017,,Morinda citrifolia,5
pmid:28468660,28468660,10.1186/s12906-017-1766-4,pubmed,2017,BMC complementary and alternative medicine,Punica granatum,6
pmid:28472063,28472063,10.1371/journal.pone.0176571,europe_pmc,2017,,Carica papaya; Lepidium meyenii,5
pmid:28475419,28475419,10.1080/09168451.2017.1320517,pubmed,2017,"Bioscience, biotechnology, and biochemistry",Myrciaria dubia,4
pmid:28475604,28475604,10.1371/journal.pone.0177103,pubmed,2017,PloS one,Uncaria tomentosa,6
pmid:28478546,28478546,10.1007/s10886-017-0849-5,pubmed,2017,Journal of chemical ecology,Eucalyptus globulus,5
pmid:28482898,28482898,10.1186/s12906-017-1758-4,europe_pmc,2017,,Punica granatum,8
pmid:28482935,28482935,10.1017/S0031182017000452,pubmed,2017,Parasitology,Piper aduncum,4
pmid:28494850,28494850,10.1016/s2095-4964(17)60333-9,europe_pmc,2017,,Malva sylvestris,7
pmid:28524250,28524250,10.1002/ptr.5817,pubmed,2017,Phytotherapy research : PTR,Morinda citrifolia,5
pmid:28524381,28524381,10.1002/ptr.5823,pubmed,2017,Phytotherapy research : PTR,Punica granatum,5
pmid:28528547,28528547,10.1021/acs.jafc.7b00480,pubmed,2017,Journal of agricultural and food chemistry,Schinus molle,4
pmid:28531918,28531918,10.1016/j.biopha.2017.05.023,pubmed,2017,Biomedicine & pharmacotherapy = Biomedecine & pharmacotherapie,Urtica urens,6
pmid:28539610,28539610,10.1038/s41598-017-02314-x,pubmed,2017,Scientific reports,Solanum tuberosum,4
pmid:28551238,28551238,10.1016/j.foodchem.2017.04.187,pubmed,2017,Food chemistry,Chenopodium quinoa,4
pmid:28560642,28560642,10.1007/s13205-017-0734-5,pubmed,2017,3 Biotech,Lepidium meyenii,4
pmid:28577982,28577982,10.1016/j.ijbiomac.2017.05.165,pubmed,2017,International journal of biological macromolecules,Lepidium meyenii,2
pmid:28578091,28578091,10.1016/j.micpath.2017.05.048,pubmed,2017,Microbial pathogenesis,Argemone mexicana; Taraxacum officinale,3
pmid:28587078,28587078,10.3390/nu9060540,pubmed,2017,Nutrients,Morinda citrifolia,3
pmid:28587480,28587480,10.1080/14786419.2017.1335726,pubmed,2018,Natural product research,Senecio nutans,2
pmid:28591379,28591379,10.1590/1414-431X20176036,pubmed,2017,Brazilian journal of medical and biological research = Revista brasileira de pesquisas medicas e biologicas,Banisteriopsis caapi; Psychotria viridis,5
pmid:28591380,28591380,10.1590/1414-431x20176037,europe_pmc,2017,,Banisteriopsis caapi; Psychotria viridis,5
pmid:28591408,28591408,10.1590/0074-02760160323,pubmed,2017,Memorias do Instituto Oswaldo Cruz,Uncaria guianensis,5
pmid:28593166,28593166,10.1016/j.prnil.2017.01.005,europe_pmc,2017,,Chuquiraga spinosa,4
pmid:28603126,28603126,,pubmed,2017,Pakistan journal of pharmaceutical sciences,Punica granatum,4
pmid:28605765,28605765,10.1093/database/bax008,pubmed,2017,Database : the journal of biological databases and curation,Physalis peruviana,6
pmid:28617598,28617598,10.1021/acs.jnatprod.6b01129,pubmed,2017,Journal of natural products,Physalis peruviana,5
pmid:28625668,28625668,10.1016/j.virusres.2017.06.011,pubmed,2017,Virus research,Solanum americanum,6
pmid:28629407,28629407,10.1186/s12906-017-1802-4,pubmed,2017,BMC complementary and alternative medicine,Psidium guajava,8
pmid:28631306,28631306,10.1002/jsfa.8493,pubmed,2017,Journal of the science of food and agriculture,Opuntia ficus-indica,3
pmid:28635053,28635053,10.1002/ptr.5838,europe_pmc,2017,,Lepidium meyenii,5
pmid:28637361,28637361,10.1080/14786419.2017.1343324,pubmed,2018,Natural product research,Eucalyptus globulus,4
pmid:28639683,28639683,10.61872/sdj-2017-06-05,pubmed,2017,Swiss dental journal,Aloe vera,3
pmid:28640347,28640347,10.1590/0001-3765201720160411,pubmed,2017,Anais da Academia Brasileira de Ciencias,Psychotria viridis,6
pmid:28643853,28643853,10.1002/pca.2695,pubmed,2017,Phytochemical analysis : PCA,Punica granatum,7
pmid:28658316,28658316,10.1371/journal.pone.0179886,pubmed,2017,PloS one,Myrciaria dubia,6
pmid:28664422,28664422,10.1007/s00425-017-2718-4,pubmed,2017,Planta,Solanum tuberosum,8
pmid:28667644,28667644,10.1007/s13205-017-0844-0,pubmed,2017,3 Biotech,Psidium guajava,4
pmid:28676058,28676058,10.1186/s12906-017-1861-6,europe_pmc,2017,,Tagetes minuta,5
pmid:28683423,28683423,10.1016/j.scitotenv.2017.06.122,pubmed,2017,The Science of the total environment,Theobroma cacao,5
pmid:28699009,28699009,10.1007/s11356-017-9581-5,pubmed,2018,Environmental science and pollution research international,Taraxacum officinale,5
pmid:28701621,28701621,10.1538/expanim.17-0050,pubmed,2017,Experimental animals,Morinda citrifolia,4
pmid:28704184,28704184,10.1515/folmed-2017-0023,pubmed,2017,Folia medica,Plantago major,7
pmid:28704790,28704790,10.1016/j.jphotobiol.2017.06.031,pubmed,2017,"Journal of photochemistry and photobiology. B, Biology",Matricaria chamomilla,5
pmid:28706205,28706205,10.1038/s41598-017-05407-9,pubmed,2017,Scientific reports,Banisteriopsis caapi,4
pmid:28712058,28712058,10.1007/s10552-017-0924-9,pubmed,2017,Cancer causes & control : CCC,Annona muricata,6
pmid:28716028,28716028,10.1186/s12906-017-1883-0,europe_pmc,2017,,Aloe vera,9
pmid:28717307,28717307,10.14202/vetworld.2017.580-592,europe_pmc,2017,,Carica papaya,5
pmid:28719984,28719984,10.1177/2156587217718751,pubmed,2017,Journal of evidence-based complementary & alternative medicine,Physalis peruviana,4
pmid:28732469,28732469,10.1186/s12864-017-3881-5,europe_pmc,2017,,Passiflora edulis,6
pmid:28756155,28756155,10.1016/j.jphotobiol.2017.07.024,pubmed,2017,"Journal of photochemistry and photobiology. B, Biology",Matricaria chamomilla,2
pmid:28758918,28758918,10.3390/foods6080060,pubmed,2017,"Foods (Basel, Switzerland)",Physalis peruviana,1
pmid:28762033,28762033,10.1007/s10529-017-2404-4,pubmed,2017,Biotechnology letters,Theobroma cacao,5
pmid:28767066,28767066,10.3390/ijms18081685,europe_pmc,2017,,Calendula officinalis,6
pmid:28776721,28776721,10.1002/ddr.21401,pubmed,2017,Drug development research,Matricaria chamomilla,4
pmid:28779122,28779122,10.1038/s41598-017-07472-6,pubmed,2017,Scientific reports,Physalis peruviana,5
pmid:28784509,28784509,10.1016/j.foodres.2017.06.008,pubmed,2017,"Food research international (Ottawa, Ont.)",Urtica urens,1
pmid:28786312,28786312,10.1094/MPMI-02-17-0033-R,pubmed,2017,Molecular plant-microbe interactions : MPMI,Solanum tuberosum,5
pmid:28788071,28788071,10.3390/antiox6030060,pubmed,2017,"Antioxidants (Basel, Switzerland)",Uncaria tomentosa,1
pmid:28796595,28796595,10.1080/02791072.2017.1357862,pubmed,2017,Journal of psychoactive drugs,Psychotria viridis,1
pmid:28805459,28805459,10.1080/14786419.2017.1365073,pubmed,2018,Natural product research,Opuntia ficus-indica,3
pmid:28807852,28807852,10.1016/j.jep.2017.08.010,pubmed,2018,Journal of ethnopharmacology,Croton lechleri; Uncaria tomentosa,6
pmid:28808475,28808475,10.1155/2017/6418048,europe_pmc,2017,,Smallanthus sonchifolius,4
pmid:28811221,28811221,10.1016/j.jep.2017.08.003,pubmed,2018,Journal of ethnopharmacology,Lepidium meyenii,11
pmid:28821164,28821164,10.1016/j.biopha.2017.08.014,pubmed,2017,Biomedicine & pharmacotherapy = Biomedecine & pharmacotherapie,Physalis peruviana,6
pmid:28822987,28822987,10.1515/znc-2016-0251,pubmed,2017,"Zeitschrift fur Naturforschung. C, Journal of biosciences",Lepidium meyenii,5
pmid:28829233,28829233,10.1080/10520295.2017.1308013,pubmed,2017,Biotechnic & histochemistry : official publication of the Biological Stain Commission,Psidium guajava,4
pmid:28846044,28846044,10.1089/ham.2017.0038,pubmed,2017,High altitude medicine & biology,Lepidium meyenii,5
pmid:28857481,28857481,10.1002/jssc.201700477,pubmed,2017,Journal of separation science,Psidium guajava,4
pmid:28861473,28861473,10.1089/can.2015.29002.edi,semantic_scholar,2016,Cannabis and Cannabinoid Research,Erythroxylum coca,10
pmid:28867100,28867100,10.1016/j.foodchem.2016.12.074,pubmed,2018,Food chemistry,Solanum tuberosum,4
pmid:28870149,28870149,10.1186/s12864-017-4093-8,pubmed,2017,BMC genomics,Chenopodium quinoa,6
pmid:28872719,28872719,10.1002/ptr.5910,pubmed,2017,Phytotherapy research : PTR,Uncaria guianensis,5
pmid:28875834,28875834,10.2174/1871525715666170830130155,pubmed,2017,Cardiovascular & hematological agents in medicinal chemistry,Argemone mexicana,7
pmid:28876077,28876077,10.1021/acs.orglett.7b02433,pubmed,2017,Organic letters,Lepidium meyenii,3
pmid:28876400,28876400,10.1590/0001-3765201720170194,pubmed,2017,Anais da Academia Brasileira de Ciencias,Piper aduncum,4
pmid:28893593,28893593,10.1016/j.neulet.2017.09.010,pubmed,2017,Neuroscience letters,Passiflora edulis,4
pmid:28902635,28902635,10.1515/znc-2017-0107,pubmed,2018,"Zeitschrift fur Naturforschung. C, Journal of biosciences",Taraxacum officinale,4
pmid:28906554,28906554,10.1002/jsfa.8675,pubmed,2018,Journal of the science of food and agriculture,Ilex guayusa,4
pmid:28910307,28910307,10.1371/journal.pone.0184259,pubmed,2017,PloS one,Plukenetia volubilis,6
pmid:28911648,28911648,10.1016/j.jfda.2016.10.005,pubmed,2017,Journal of food and drug analysis,Smallanthus sonchifolius,1
pmid:28916319,28916319,10.1016/j.micpath.2017.09.019,pubmed,2017,Microbial pathogenesis,Eucalyptus globulus,5
pmid:28930138,28930138,10.3390/medicines3040028,pubmed,2016,"Medicines (Basel, Switzerland)",Argemone mexicana,1
pmid:28930264,28930264,10.3390/medicines4030049,pubmed,2017,"Medicines (Basel, Switzerland)",Piper aduncum,1
pmid:28942136,28942136,10.1016/j.jep.2017.09.018,pubmed,2018,Journal of ethnopharmacology,Calendula officinalis; Plantago major,8
pmid:28946708,28946708,10.3390/molecules22101606,pubmed,2017,"Molecules (Basel, Switzerland)",Punica granatum,1
pmid:28949372,28949372,10.3892/ijmm.2017.3139,pubmed,2017,International journal of molecular medicine,Physalis peruviana,5
pmid:28964869,28964869,10.1016/j.jep.2017.09.031,pubmed,2018,Journal of ethnopharmacology,Uncaria tomentosa,5
pmid:28973761,28973761,10.4238/gmr16039782,pubmed,2017,Genetics and molecular research : GMR,Uncaria tomentosa,6
pmid:28981578,28981578,10.1093/aob/mcx081,pubmed,2017,Annals of botany,Amaranthus caudatus,6
pmid:28996514,28996514,,pubmed,1866,The Indian medical gazette,Argemone mexicana,1
pmid:29028587,29028587,10.1016/j.biopha.2017.09.152,pubmed,2017,Biomedicine & pharmacotherapy = Biomedecine & pharmacotherapie,Plantago major,4
pmid:29031657,29031657,10.1016/j.jtv.2017.09.005,pubmed,2017,Journal of tissue viability,Achyrocline alata,5
pmid:29050447,29050447,10.23736/S0392-0488.17.05712-1,pubmed,2017,"Giornale italiano di dermatologia e venereologia : organo ufficiale, Societa italiana di dermatologia e sifilografia",Uncaria tomentosa,3
pmid:29053738,29053738,10.1371/journal.pone.0187019,pubmed,2017,PloS one,Mauritia flexuosa,5
pmid:29062852,29062852,,europe_pmc,2017,,Matricaria chamomilla,6
pmid:29080611,29080611,10.1016/j.apjtm.2017.08.009,pubmed,2017,Asian Pacific journal of tropical medicine,Annona muricata,6
pmid:29080620,29080620,10.1016/j.apjtm.2017.08.016,pubmed,2017,Asian Pacific journal of tropical medicine,Opuntia ficus-indica,7
pmid:29086851,29086851,10.1186/s13065-017-0308-y,pubmed,2017,Chemistry Central journal,Matricaria chamomilla,4
pmid:29088304,29088304,10.1371/journal.pone.0187380,pubmed,2017,PloS one,Copaifera paupera,5
pmid:29091903,29091903,10.1016/j.biopha.2017.10.150,pubmed,2018,Biomedicine & pharmacotherapy = Biomedecine & pharmacotherapie,Urtica urens,2
pmid:29099738,29099738,10.3390/molecules22111883,europe_pmc,2017,,Malva sylvestris,5
pmid:29107540,29107540,10.1016/j.bmcl.2017.10.043,pubmed,2017,Bioorganic & medicinal chemistry letters,Opuntia ficus-indica,4
pmid:29109376,29109376,10.3390/foods6110094,europe_pmc,2017,,Bixa orellana,4
pmid:29116302,29116302,10.1590/1516-3180.2016.0157220517,pubmed,2018,Sao Paulo medical journal = Revista paulista de medicina,Lupinus mutabilis,4
pmid:29120759,29120759,10.1016/j.foodchem.2017.10.026,pubmed,2018,Food chemistry,Physalis peruviana,4
pmid:29124622,29124622,10.1007/s11239-017-1580-3,pubmed,2018,Journal of thrombosis and thrombolysis,Matricaria chamomilla; Rosmarinus officinalis,5
pmid:29126366,29126366,10.1080/14786419.2017.1399381,pubmed,2019,Natural product research,Theobroma cacao,4
pmid:29126938,29126938,10.1016/j.ijbiomac.2017.11.034,pubmed,2018,International journal of biological macromolecules,Smallanthus sonchifolius,4
pmid:29132413,29132413,10.1186/s13071-017-2509-6,pubmed,2017,Parasites & vectors,Smallanthus sonchifolius,6
pmid:29134218,29134218,10.1039/c7fo01067b,pubmed,2017,Food & function,Ilex guayusa,4
pmid:29154781,29154781,10.1016/j.abb.2017.11.007,pubmed,2018,Archives of biochemistry and biophysics,Eucalyptus globulus,4
pmid:29155898,29155898,10.1371/journal.pone.0188270,europe_pmc,2017,,Malva sylvestris,5
pmid:29157827,29157827,10.1016/j.phymed.2017.09.011,pubmed,2017,Phytomedicine : international journal of phytotherapy and phytopharmacology,Bixa orellana,4
pmid:29160562,29160562,10.1111/and.12929,pubmed,2018,Andrologia,Lepidium meyenii,5
pmid:29166193,29166193,10.1080/24694193.2017.1386980,pubmed,2017,Comprehensive child and adolescent nursing,Psidium guajava,4
pmid:29168734,29168734,10.3390/molecules22122043,pubmed,2017,"Molecules (Basel, Switzerland)",Smallanthus sonchifolius,1
pmid:29184225,29184225,10.1007/s13197-017-2887-y,europe_pmc,2017,,Smallanthus sonchifolius,4
pmid:29197060,29197060,10.1007/s11356-017-0363-x,pubmed,2018,Environmental science and pollution research international,Eucalyptus globulus,3
pmid:29199463,29199463,10.1080/14786419.2017.1410809,pubmed,2018,Natural product research,Passiflora edulis,3
pmid:29204721,29204721,10.1007/s10495-017-1434-7,pubmed,2018,Apoptosis : an international journal on programmed cell death,Annona muricata,5
pmid:29209353,29209353,10.3389/fpls.2017.01994,europe_pmc,2017,,Theobroma cacao,7
pmid:29210302,29210302,10.1080/10286020.2017.1411346,pubmed,2018,Journal of Asian natural products research,Smallanthus sonchifolius,3
pmid:29220089,29220089,10.1002/jsfa.8819,pubmed,2018,Journal of the science of food and agriculture,Solanum tuberosum,2
pmid:29232416,29232416,10.18388/abp.2017_1621,pubmed,2017,Acta biochimica Polonica,Argemone mexicana,4
pmid:29232875,29232875,10.3390/molecules22122196,europe_pmc,2017,,Lepidium meyenii,4
pmid:29236800,29236800,10.1590/s0102-865020170110000007,pubmed,2017,Acta cirurgica brasileira,Mauritia flexuosa,5
pmid:29239176,29239176,10.1021/acs.jafc.7b04642,pubmed,2018,Journal of agricultural and food chemistry,Chenopodium quinoa,4
pmid:29253612,29253612,10.1016/j.jep.2017.12.014,pubmed,2018,Journal of ethnopharmacology,Rosmarinus officinalis,10
pmid:29254644,29254644,10.1016/j.bmcl.2017.12.014,pubmed,2018,Bioorganic & medicinal chemistry letters,Taraxacum officinale,1
pmid:29274417,29274417,10.1016/j.ijbiomac.2017.12.098,pubmed,2018,International journal of biological macromolecules,Psidium guajava,4
pmid:29275214,29275214,10.1016/j.jplph.2017.12.006,pubmed,2018,Journal of plant physiology,Plukenetia volubilis,6
pmid:29276216,29276216,10.12659/msm.905429,europe_pmc,2017,,Malva sylvestris,5
pmid:29280146,29280146,10.1002/jsfa.8850,pubmed,2018,Journal of the science of food and agriculture,Morinda citrifolia,5
pmid:29288400,29288400,10.1007/s00784-017-2308-7,pubmed,2018,Clinical oral investigations,Calendula officinalis,8
pmid:29289576,29289576,10.1016/j.phrs.2017.12.029,pubmed,2018,Pharmacological research,Theobroma cacao,6
pmid:29313251,29313251,10.1007/s13181-017-0649-x,europe_pmc,2018,,Lepidium meyenii,4
pmid:29336271,29336271,10.2174/1872213X12666180115153635,pubmed,2018,Recent patents on inflammation & allergy drug discovery,Rosmarinus officinalis; Uncaria tomentosa,10
pmid:29341924,29341924,10.1016/j.ijbiomac.2018.01.059,pubmed,2018,International journal of biological macromolecules,Lepidium meyenii,3
pmid:29342984,29342984,10.3390/nu10010094,pubmed,2018,Nutrients,Amaranthus caudatus,1
pmid:29348107,29348107,,pubmed,2018,Pakistan journal of pharmaceutical sciences,Rosmarinus officinalis,5
pmid:29353155,29353155,10.1016/j.phytochem.2018.01.006,pubmed,2018,Phytochemistry,Lepidium meyenii,1
pmid:29353631,29353631,10.1016/j.ejon.2017.11.006,pubmed,2018,European journal of oncology nursing : the official journal of European Oncology Nursing Society,Plantago major,6
pmid:29356155,29356155,10.1002/pca.2745,europe_pmc,2018,,Mauritia flexuosa,6
pmid:29359412,29359412,10.1111/andr.12463,pubmed,2018,Andrology,Lepidium meyenii,5
pmid:29366418,29366418,10.2174/1570159X16666180125095902,pubmed,2019,Current neuropharmacology,Banisteriopsis caapi; Psychotria viridis,7
pmid:29368409,29368409,10.1002/ptr.6017,pubmed,2018,Phytotherapy research : PTR,Banisteriopsis caapi,5
pmid:29369521,29369521,10.1111/bcpt.12972,pubmed,2018,Basic & clinical pharmacology & toxicology,Aloe vera; Rosmarinus officinalis,6
pmid:29382176,29382176,10.3390/molecules23020278,pubmed,2018,"Molecules (Basel, Switzerland)",Smallanthus sonchifolius,1
pmid:29385612,29385612,10.1093/jxb/ery021,pubmed,2018,Journal of experimental botany,Solanum tuberosum,4
pmid:29389474,29389474,10.1016/j.ctcp.2017.11.004,pubmed,2018,Complementary therapies in clinical practice,Rosmarinus officinalis,4
pmid:29412224,29412224,10.1590/1807-3107bor-2018.vol32.0004,pubmed,2018,Brazilian oral research,Aloe vera,5
pmid:29412248,29412248,10.1590/1519-6984.172401,pubmed,2018,Brazilian journal of biology = Revista brasleira de biologia,Solanum tuberosum,5
pmid:29425747,29425747,10.1016/j.biopha.2018.01.172,pubmed,2018,Biomedicine & pharmacotherapy = Biomedecine & pharmacotherapie,Annona muricata,3
pmid:29427722,29427722,10.1016/j.fsi.2018.02.011,pubmed,2018,Fish & shellfish immunology,Argemone mexicana,3
pmid:29428670,29428670,10.1016/j.biopha.2017.12.110,pubmed,2018,Biomedicine & pharmacotherapy = Biomedecine & pharmacotherapie,Punica granatum,5
pmid:29432856,29432856,10.1016/j.jep.2018.02.013,pubmed,2018,Journal of ethnopharmacology,Uncaria tomentosa,6
pmid:29433229,29433229,10.1016/j.foodres.2017.11.036,pubmed,2018,"Food research international (Ottawa, Ont.)",Chenopodium quinoa,4
pmid:29433250,29433250,10.1016/j.foodres.2017.11.014,pubmed,2018,"Food research international (Ottawa, Ont.)",Calendula officinalis,5
pmid:29433388,29433388,10.1142/S0192415X18500210,pubmed,2018,The American journal of Chinese medicine,Eucalyptus globulus,4
pmid:29438430,29438430,10.1371/journal.pone.0192872,pubmed,2018,PloS one,Eucalyptus globulus,7
pmid:29442306,29442306,10.1007/s11356-018-1350-6,pubmed,2018,Environmental science and pollution research international,Uncaria tomentosa,4
pmid:29452197,29452197,10.1016/j.micpath.2018.02.026,pubmed,2018,Microbial pathogenesis,Origanum vulgare,5
pmid:29453524,29453524,10.1007/s13555-018-0223-8,pubmed,2018,Dermatology and therapy,Aloe vera; Croton lechleri,5
pmid:29462271,29462271,10.1093/carcin/bgy024,pubmed,2018,Carcinogenesis,Annona muricata,5
pmid:29463028,29463028,10.3390/foods7020024,pubmed,2018,"Foods (Basel, Switzerland)",Opuntia ficus-indica,1
pmid:29468962,29468962,10.2174/1389200219666180220095236,pubmed,2018,Current drug metabolism,Rosmarinus officinalis,7
pmid:29473478,29473478,10.1080/21505594.2018.1440171,pubmed,2018,Virulence,Solanum tuberosum,3
pmid:29473532,29473532,10.2174/1872213X12666180221154713,pubmed,2018,Recent patents on inflammation & allergy drug discovery,Punica granatum,9
pmid:29484986,29484986,10.2174/1389201019666180226151910,pubmed,2017,Current pharmaceutical biotechnology,Calendula officinalis,6
pmid:29495514,29495514,10.3390/antiox7030034,pubmed,2018,"Antioxidants (Basel, Switzerland)",Psidium guajava,1
pmid:29495576,29495576,10.3390/ijms19030678,pubmed,2018,International journal of molecular sciences,Solanum tuberosum,3
pmid:29507272,29507272,,pubmed,2018,Iranian journal of kidney diseases,Plantago major,6
pmid:29512202,29512202,10.1111/jdv.14912,pubmed,2018,Journal of the European Academy of Dermatology and Venereology : JEADV,Erythroxylum coca,6
pmid:29512451,29512451,10.2174/1389200219666180305144841,pubmed,2018,Current drug metabolism,Argemone mexicana,5
pmid:29524221,29524221,10.1111/1750-3841.14083,pubmed,2018,Journal of food science,Lepidium meyenii,3
pmid:29526242,29526242,10.1016/j.joim.2018.01.002,pubmed,2018,Journal of integrative medicine,Aloe vera,4
pmid:29548293,29548293,10.1186/s12906-018-2163-3,pubmed,2018,BMC complementary and alternative medicine,Taraxacum officinale,5
pmid:29549750,29549750,10.1016/j.carres.2018.03.003,pubmed,2018,Carbohydrate research,Physalis peruviana,4
pmid:29555255,29555255,10.1016/j.jaim.2017.09.006,pubmed,2020,Journal of Ayurveda and integrative medicine,Punica granatum,7
pmid:29567246,29567246,10.1016/j.jfda.2017.10.005,pubmed,2018,Journal of food and drug analysis,Solanum americanum,5
pmid:29568754,29568754,10.1155/2018/4810394,europe_pmc,2018,,Lepidium meyenii,5
pmid:29578518,29578518,10.3791/57134,pubmed,2018,Journal of visualized experiments : JoVE,Solanum tuberosum,5
pmid:29603306,29603306,10.1002/jat.3619,pubmed,2018,Journal of applied toxicology : JAT,Argemone mexicana,4
pmid:29604421,29604421,10.1016/j.micpath.2018.03.052,pubmed,2018,Microbial pathogenesis,Punica granatum,4
pmid:29605773,29605773,10.1016/j.biopha.2018.03.137,pubmed,2018,Biomedicine & pharmacotherapy = Biomedecine & pharmacotherapie,Passiflora edulis,6
pmid:29621584,29621584,10.1016/j.jep.2018.04.003,pubmed,2018,Journal of ethnopharmacology,Amaranthus caudatus,6
pmid:29625852,29625852,10.1016/j.joim.2018.03.004,pubmed,2018,Journal of integrative medicine,Erythroxylum coca,11
pmid:29629064,29629064,10.19082/6390,pubmed,2018,Electronic physician,Plantago major,5
pmid:29631104,29631104,10.1016/j.phytochem.2018.03.008,pubmed,2018,Phytochemistry,Uncaria tomentosa,4
pmid:29633892,29633892,10.1080/13543776.2018.1459570,pubmed,2018,Expert opinion on therapeutic patents,Rosmarinus officinalis,5
pmid:29634097,29634097,,pubmed,2016,Acta poloniae pharmaceutica,Plantago major,4
pmid:29636694,29636694,10.3389/fphar.2018.00287,europe_pmc,2018,,Bixa orellana,5
pmid:29639223,29639223,,pubmed,1872,Edinburgh medical journal,Eucalyptus globulus,1
pmid:29655691,29655691,10.1016/j.phymed.2018.03.053,pubmed,2018,Phytomedicine : international journal of phytotherapy and phytopharmacology,Annona muricata,5
pmid:29656575,29656575,10.1002/ptr.6086,pubmed,2018,Phytotherapy research : PTR,Matricaria chamomilla,5
pmid:29670846,29670846,10.15171/apb.2018.014,europe_pmc,2018,,Tagetes minuta,5
pmid:29674281,29674281,10.1016/j.biopha.2018.04.083,pubmed,2018,Biomedicine & pharmacotherapy = Biomedecine & pharmacotherapie,Bixa orellana,9
pmid:29688623,29688623,10.1002/mnfr.201701012,pubmed,2018,Molecular nutrition & food research,Psidium guajava,6
pmid:29692000,29692000,10.1002/cbdv.201800052,pubmed,2018,Chemistry & biodiversity,Eucalyptus globulus,3
pmid:29699576,29699576,10.1186/s13002-018-0230-y,pubmed,2018,Journal of ethnobiology and ethnomedicine,Opuntia ficus-indica,7
pmid:29706525,29706525,10.1016/j.bmc.2018.04.044,pubmed,2018,Bioorganic & medicinal chemistry,Theobroma cacao,4
pmid:29709646,29709646,10.1016/j.jep.2018.04.036,pubmed,2018,Journal of ethnopharmacology,Psidium guajava,5
pmid:29717519,29717519,10.1111/nmo.13364,pubmed,2018,Neurogastroenterology and motility,Punica granatum,6
pmid:29727984,29727984,10.1016/j.scitotenv.2018.03.137,pubmed,2018,The Science of the total environment,Solanum tuberosum,10
pmid:29729421,29729421,10.1016/j.phrs.2018.04.021,pubmed,2018,Pharmacological research,Punica granatum,4
pmid:29733944,29733944,10.1016/j.jep.2018.04.050,pubmed,2018,Journal of ethnopharmacology,Theobroma cacao,7
pmid:29734437,29734437,,pubmed,2017,Cryo letters,Ullucus tuberosus,6
pmid:29735062,29735062,10.1016/j.foodres.2018.03.062,pubmed,2018,"Food research international (Ottawa, Ont.)",Opuntia ficus-indica,2
pmid:29737895,29737895,10.1080/09546634.2018.1473554,pubmed,2019,The Journal of dermatological treatment,Aloe vera,5
pmid:29744941,29744941,10.1002/ptr.6103,pubmed,2018,Phytotherapy research : PTR,Origanum vulgare,4
pmid:29747673,29747673,10.1186/s13002-018-0235-6,pubmed,2018,Journal of ethnobiology and ethnomedicine,Carica papaya; Eucalyptus globulus,9
pmid:29748818,29748818,10.1007/s00425-018-2909-7,pubmed,2018,Planta,Bixa orellana,4
pmid:29751305,29751305,10.1016/j.scitotenv.2018.05.029,pubmed,2018,The Science of the total environment,Chenopodium quinoa,5
pmid:29751684,29751684,10.3390/antiox7050065,europe_pmc,2018,,Uncaria tomentosa,7
pmid:29751927,29751927,10.1016/j.foodchem.2018.04.032,pubmed,2018,Food chemistry,Physalis peruviana,4
pmid:29767736,29767736,10.1093/jee/toy133,pubmed,2018,Journal of economic entomology,Passiflora ligularis,6
pmid:29786161,29786161,10.1111/mpp.12700,europe_pmc,2018,,Physalis peruviana,5
pmid:29802721,29802721,10.1111/1750-3841.14169,pubmed,2018,Journal of food science,Taraxacum officinale,6
pmid:29803439,29803439,10.1016/j.foodres.2018.03.073,pubmed,2018,"Food research international (Ottawa, Ont.)",Oxalis tuberosa; Ullucus tuberosus,5
pmid:29808331,29808331,10.1007/s10072-018-3415-1,pubmed,2018,Neurological sciences : official journal of the Italian Neurological Society and of the Italian Society of Clinical Neurophysiology,Matricaria chamomilla,5
pmid:29853398,29853398,10.1016/j.foodchem.2018.05.021,pubmed,2018,Food chemistry,Amaranthus caudatus,4
pmid:29874280,29874280,10.1371/journal.pone.0198593,europe_pmc,2018,,Bixa orellana,5
pmid:29875856,29875856,10.3889/oamjms.2018.106,pubmed,2018,Open access Macedonian journal of medical sciences,Aloe vera,6
pmid:29878016,29878016,10.1039/c8fo00405f,pubmed,2018,Food & function,Lepidium meyenii,4
pmid:29884388,29884388,10.1016/j.foodchem.2018.05.055,pubmed,2018,Food chemistry,Plukenetia volubilis,3
pmid:29908576,29908576,10.1016/j.clindermatol.2018.03.008,pubmed,2018,Clinics in dermatology,Calendula officinalis; Matricaria chamomilla,4
pmid:29909120,29909120,10.1016/j.jep.2018.06.009,pubmed,2018,Journal of ethnopharmacology,Annona muricata,8
pmid:29913321,29913321,10.1016/j.phytochem.2018.06.006,pubmed,2018,Phytochemistry,Psidium guajava,7
pmid:29914183,29914183,10.3390/ijms19061791,pubmed,2018,International journal of molecular sciences,Annona muricata,1
pmid:29952005,29952005,10.1002/jsfa.9224,pubmed,2019,Journal of the science of food and agriculture,Myrciaria dubia,4
pmid:29954417,29954417,10.1186/s13002-018-0240-9,pubmed,2018,Journal of ethnobiology and ethnomedicine,Aloe vera; Solanum americanum,9
pmid:29970867,29970867,10.3390/genes9070335,europe_pmc,2018,,Lepidium meyenii,5
pmid:29971785,29971785,10.1002/jsfa.9233,pubmed,2019,Journal of the science of food and agriculture,Piper aduncum,4
pmid:29975387,29975387,10.1039/c8fo00790j,pubmed,2018,Food & function,Psidium guajava,5
pmid:29983801,29983801,10.3889/oamjms.2018.135,pubmed,2018,Open access Macedonian journal of medical sciences,Aloe vera,5
pmid:29990585,29990585,10.1016/j.bone.2018.07.003,pubmed,2018,Bone,Bixa orellana,5
pmid:29993148,29993148,10.1002/ptr.6151,pubmed,2018,Phytotherapy research : PTR,Morinda citrifolia,6
pmid:30005652,30005652,10.1186/s12906-018-2262-1,europe_pmc,2018,,Origanum vulgare,5
pmid:30006087,30006087,10.1016/j.phytochem.2018.06.015,pubmed,2018,Phytochemistry,Opuntia ficus-indica,3
pmid:30007642,30007642,10.1016/j.carbpol.2018.06.042,pubmed,2018,Carbohydrate polymers,Morinda citrifolia,4
pmid:30007683,30007683,10.1016/j.foodres.2018.05.034,pubmed,2018,"Food research international (Ottawa, Ont.)",Taraxacum officinale,4
pmid:30011628,30011628,10.1016/j.foodres.2014.05.074,pubmed,2014,"Food research international (Ottawa, Ont.)",Myrciaria dubia,4
pmid:30021621,30021621,10.1186/s13104-018-3555-7,pubmed,2018,BMC research notes,Morinda citrifolia,4
pmid:30030079,30030079,10.1016/j.jtbi.2018.07.017,pubmed,2018,Journal of theoretical biology,Opuntia ficus-indica,4
pmid:30030460,30030460,10.1038/s41598-018-29044-y,pubmed,2018,Scientific reports,Uncaria tomentosa,4
pmid:30031073,30031073,10.1016/j.ijbiomac.2018.07.046,pubmed,2018,International journal of biological macromolecules,Plukenetia volubilis,3
pmid:30055315,30055315,10.1016/j.fct.2018.07.043,pubmed,2018,Food and chemical toxicology : an international journal published for the British Industrial Biological Research Association,Myrciaria dubia,3
pmid:30066387,30066387,10.1002/jsfa.9294,pubmed,2019,Journal of the science of food and agriculture,Amaranthus caudatus,5
pmid:30075180,30075180,10.1016/j.yrtph.2018.07.027,pubmed,2018,Regulatory toxicology and pharmacology : RTP,Calendula officinalis,5
pmid:30086244,30086244,10.1139/apnm-2018-0184,pubmed,2019,"Applied physiology, nutrition, and metabolism = Physiologie appliquee, nutrition et metabolisme",Opuntia ficus-indica,5
pmid:30086270,30086270,10.1016/j.cbi.2018.08.001,pubmed,2018,Chemico-biological interactions,Banisteriopsis caapi; Psychotria viridis,3
pmid:30094666,30094666,10.1007/s11356-018-2903-4,pubmed,2018,Environmental science and pollution research international,Taraxacum officinale,1
pmid:30117391,30117391,10.2174/1389201019666180817141512,pubmed,2018,Current pharmaceutical biotechnology,Rosmarinus officinalis,6
pmid:30119252,30119252,10.1016/j.biopha.2018.07.115,europe_pmc,2018,,Malva sylvestris,5
pmid:30124345,30124345,10.1080/14786419.2018.1499633,europe_pmc,2019,,Lepidium meyenii,3
pmid:30131151,30131151,10.1016/j.foodres.2018.06.060,pubmed,2018,"Food research international (Ottawa, Ont.)",Solanum tuberosum,4
pmid:30136365,30136365,10.1002/ps.5180,pubmed,2019,Pest management science,Solanum tuberosum,5
pmid:30139965,30139965,10.1038/s41598-018-31127-9,pubmed,2018,Scientific reports,Annona muricata,4
pmid:30144879,30144879,10.1016/j.clnesp.2018.06.001,pubmed,2018,Clinical nutrition ESPEN,Theobroma cacao,1
pmid:30149424,30149424,10.20463/jenb.2018.0014,europe_pmc,2018,,Smallanthus sonchifolius,5
pmid:30151716,30151716,10.1007/s13659-018-0185-7,pubmed,2018,Natural products and bioprospecting,Lepidium meyenii,3
pmid:30156931,30156931,10.1080/13697137.2018.1472566,europe_pmc,2018,,Lepidium meyenii,6
pmid:30158558,30158558,10.1038/s41598-018-31330-8,europe_pmc,2018,,Passiflora edulis,5
pmid:30166095,30166095,10.1016/j.phymed.2018.04.049,pubmed,2018,Phytomedicine : international journal of phytotherapy and phytopharmacology,Matricaria chamomilla,7
pmid:30172848,30172848,10.1016/j.fct.2018.08.068,pubmed,2018,Food and chemical toxicology : an international journal published for the British Industrial Biological Research Association,Mauritia flexuosa,4
pmid:30183917,30183917,10.17843/rpmesp.2018.352.3140,pubmed,2018,Revista peruana de medicina experimental y salud publica,Tessaria integrifolia,6
pmid:30195454,30195454,10.1016/j.rmr.2018.08.001,pubmed,2018,Revue des maladies respiratoires,Annona muricata,5
pmid:30200527,30200527,10.3390/plants7030069,europe_pmc,2018,,Amaranthus caudatus,4
pmid:30203194,30203194,10.1186/s13568-018-0675-3,pubmed,2018,AMB Express,Chenopodium quinoa,4
pmid:30219442,30219442,10.1016/j.ctim.2018.03.005,pubmed,2018,Complementary therapies in medicine,Taraxacum officinale,5
pmid:30223811,30223811,10.1186/s12906-018-2322-6,pubmed,2018,BMC complementary and alternative medicine,Calendula officinalis,5
pmid:30228983,30228983,10.1155/2018/2730713,europe_pmc,2018,,Malva sylvestris,4
pmid:30230926,30230926,10.1089/fpd.2018.2478,pubmed,2018,Foodborne pathogens and disease,Copaifera paupera,5
pmid:30236684,30236684,10.1016/j.foodchem.2018.07.154,pubmed,2019,Food chemistry,Matricaria chamomilla,3
pmid:30239790,30239790,10.1093/jme/tjy159,pubmed,2019,Journal of medical entomology,Argemone mexicana,5
pmid:30240016,30240016,10.1111/1750-3841.13529,pubmed,2016,Journal of food science,Mauritia flexuosa,4
pmid:30249328,30249328,10.1016/j.jfda.2018.05.010,pubmed,2018,Journal of food and drug analysis,Eucalyptus globulus,3
pmid:30263685,30263685,10.1007/s10068-017-0229-5,europe_pmc,2017,,Malva sylvestris,4
pmid:30266015,30266015,10.1016/j.jphotobiol.2018.08.004,pubmed,2018,"Journal of photochemistry and photobiology. B, Biology",Physalis peruviana,2
pmid:30280335,30280335,10.1007/s11356-018-3325-z,pubmed,2018,Environmental science and pollution research international,Achyrocline alata; Werneria nubigena,7
pmid:30287195,30287195,10.1016/j.jep.2018.09.038,pubmed,2019,Journal of ethnopharmacology,Rosmarinus officinalis,8
pmid:30287897,30287897,10.1038/s41598-018-32967-1,pubmed,2018,Scientific reports,Plantago major,4
pmid:30289008,30289008,10.1177/1534735418803766,pubmed,2018,Integrative cancer therapies,Calendula officinalis,5
pmid:30304214,30304214,10.1590/0001-3765201820180033,pubmed,2018,Anais da Academia Brasileira de Ciencias,Piper aduncum,4
pmid:30304581,30304581,10.1002/btpr.2728,pubmed,2019,Biotechnology progress,Mauritia flexuosa,4
pmid:30315529,30315529,10.1007/s11356-018-3268-4,pubmed,2018,Environmental science and pollution research international,Solanum tuberosum,1
pmid:30315579,30315579,10.1002/jsfa.9413,pubmed,2019,Journal of the science of food and agriculture,Physalis peruviana,5
pmid:30318154,30318154,10.1016/j.phymed.2018.04.061,pubmed,2019,Phytomedicine : international journal of phytotherapy and phytopharmacology,Lepidium meyenii,7
pmid:30324543,30324543,10.1007/s11130-018-0694-x,pubmed,2019,"Plant foods for human nutrition (Dordrecht, Netherlands)",Theobroma cacao,4
pmid:30326562,30326562,10.3390/molecules23102641,europe_pmc,2018,,Croton lechleri,4
pmid:30328397,30328397,10.2174/157488711304180911095818,pubmed,2018,Reviews on recent clinical trials,Rosmarinus officinalis,3
pmid:30329174,30329174,10.1111/jop.12789,pubmed,2019,Journal of oral pathology & medicine : official publication of the International Association of Oral Pathologists and the American Academy of Oral Pathology,Aloe vera,4
pmid:30339215,30339215,10.1093/database/bay113,pubmed,2018,Database : the journal of biological databases and curation,Lepidium meyenii,4
pmid:30355948,30355948,10.1159/000494546,pubmed,2018,"Cellular physiology and biochemistry : international journal of experimental cellular physiology, biochemistry, and pharmacology",Amaranthus caudatus,8
pmid:30356383,30356383,10.1155/2018/4147383,europe_pmc,2018,,Ilex guayusa,7
pmid:30365495,30365495,10.1371/journal.pone.0205667,pubmed,2018,PloS one,Uncaria guianensis,5
pmid:30369954,30369954,10.1155/2018/6091934,europe_pmc,2018,,Bixa orellana,5
pmid:30372889,30372889,10.1016/j.biopha.2018.10.028,pubmed,2018,Biomedicine & pharmacotherapy = Biomedecine & pharmacotherapie,Origanum vulgare,5
pmid:30372897,30372897,10.1016/j.biopha.2018.09.081,pubmed,2018,Biomedicine & pharmacotherapy = Biomedecine & pharmacotherapie,Oenothera rosea,5
pmid:30373650,30373650,10.1186/s13063-018-2913-z,pubmed,2018,Trials,Bixa orellana,7
pmid:30381501,30381501,10.4103/1319-2442.243960,pubmed,2018,"Saudi journal of kidney diseases and transplantation : an official publication of the Saudi Center for Organ Transplantation, Saudi Arabia",Plantago major,1
pmid:30382859,30382859,10.1186/s12985-018-1084-6,pubmed,2018,Virology journal,Passiflora edulis,7
pmid:30387063,30387063,10.1007/s11356-018-3615-5,pubmed,2019,Environmental science and pollution research international,Uncaria tomentosa,1
pmid:30389531,30389531,10.1016/j.exppara.2018.10.009,europe_pmc,2018,,Malva sylvestris; Rosmarinus officinalis,6
pmid:30391901,30391901,10.1016/j.chemosphere.2018.10.174,pubmed,2019,Chemosphere,Psidium guajava,5
pmid:30411070,30411070,10.1021/acsomega.8b00410,europe_pmc,2018,,Schinus molle,5
pmid:30412453,30412453,10.1089/jmf.2018.0061,pubmed,2019,Journal of medicinal food,Annona muricata; Morinda citrifolia,2
pmid:30412749,30412749,10.1016/j.jep.2018.11.006,pubmed,2019,Journal of ethnopharmacology,Psidium guajava,7
pmid:30412750,30412750,10.1016/j.jep.2018.10.029,pubmed,2019,Journal of ethnopharmacology,Krameria lappacea,4
pmid:30417583,30417583,10.1002/ptr.6211,pubmed,2019,Phytotherapy research : PTR,Punica granatum,5
pmid:30431699,30431699,10.1111/jam.14157,pubmed,2019,Journal of applied microbiology,Schinus molle,4
pmid:30451369,30451369,10.1111/pbi.13032,pubmed,2019,Plant biotechnology journal,Chenopodium quinoa,6
pmid:30453683,30453683,10.3390/molecules23113015,europe_pmc,2018,,Mauritia flexuosa,4
pmid:30458833,30458833,10.1186/s13002-018-0268-x,pubmed,2018,Journal of ethnobiology and ethnomedicine,Calendula officinalis,6
pmid:30466997,30466997,10.1016/j.phymed.2018.09.226,pubmed,2018,Phytomedicine : international journal of phytotherapy and phytopharmacology,Xenophyllum poposum,5
pmid:30467980,30467980,10.1111/pbi.13042,pubmed,2019,Plant biotechnology journal,Solanum tuberosum,6
pmid:30471071,30471071,10.1007/s11130-018-0702-1,pubmed,2019,"Plant foods for human nutrition (Dordrecht, Netherlands)",Physalis peruviana,3
pmid:30475838,30475838,10.1371/journal.pone.0207666,pubmed,2018,PloS one,Theobroma cacao,5
pmid:30481640,30481640,10.1016/j.jpba.2018.11.041,pubmed,2019,Journal of pharmaceutical and biomedical analysis,Lepidium meyenii,4
pmid:30488498,30488498,10.1002/em.22263,pubmed,2019,Environmental and molecular mutagenesis,Banisteriopsis caapi; Psychotria viridis,5
pmid:30508363,30508363,,pubmed,2016,Natural product communications,Piper aduncum,4
pmid:30508364,30508364,,pubmed,2016,Natural product communications,Vallea stipularis,4
pmid:30510798,30510798,10.1155/2018/5341384,europe_pmc,2018,,Smallanthus sonchifolius,7
pmid:30512932,30512932,10.1021/acs.est.8b04191,pubmed,2019,Environmental science & technology,Taraxacum officinale,3
pmid:30537597,30537597,10.1016/j.jplph.2018.10.027,pubmed,2019,Journal of plant physiology,Solanum tuberosum,5
pmid:30537923,30537923,10.1186/s12864-018-5192-x,pubmed,2018,BMC genomics,Solanum tuberosum,5
pmid:30543429,30543429,10.1021/acs.jnatprod.8b00430,pubmed,2018,Journal of natural products,Eucalyptus globulus,3
pmid:30553502,30553502,10.1016/j.chroma.2018.11.055,pubmed,2019,Journal of chromatography. A,Physalis peruviana,5
pmid:30555015,30555015,10.1016/j.joim.2018.12.001,pubmed,2019,Journal of integrative medicine,Psidium guajava,7
pmid:30556246,30556246,10.1111/dth.12786,pubmed,2019,Dermatologic therapy,Croton lechleri,3
pmid:30557639,30557639,10.1016/j.ijbiomac.2018.12.120,pubmed,2019,International journal of biological macromolecules,Amaranthus caudatus; Chenopodium quinoa; Lepidium meyenii,1
pmid:30557647,30557647,10.1016/j.ijbiomac.2018.12.111,pubmed,2019,International journal of biological macromolecules,Oxalis tuberosa,4
pmid:30568689,30568689,,europe_pmc,2018,,Annona muricata,5
pmid:30572090,30572090,10.1016/j.jep.2018.12.022,pubmed,2019,Journal of ethnopharmacology,Calendula officinalis,12
pmid:30576967,30576967,10.1016/j.phytochem.2018.11.007,pubmed,2019,Phytochemistry,Bixa orellana,3
pmid:30582439,30582439,10.1080/02791072.2018.1557355,pubmed,2019,Journal of psychoactive drugs,Banisteriopsis caapi; Psychotria viridis,5
pmid:30585511,30585511,10.1080/15569527.2018.1561711,pubmed,2019,Cutaneous and ocular toxicology,Malva sylvestris; Plantago major,6
pmid:30586439,30586439,10.1371/journal.pone.0209047,pubmed,2018,PloS one,Origanum vulgare,5
pmid:30594779,30594779,10.1016/j.biopha.2018.12.038,pubmed,2019,Biomedicine & pharmacotherapy = Biomedecine & pharmacotherapie,Annona muricata,5
pmid:30597309,30597309,10.1016/j.biopha.2018.12.075,pubmed,2019,Biomedicine & pharmacotherapy = Biomedecine & pharmacotherapie,Argemone mexicana,5
pmid:30599971,30599971,10.1016/j.foodres.2018.10.005,pubmed,2019,"Food research international (Ottawa, Ont.)",Ilex guayusa,4
pmid:30600029,30600029,10.1016/j.carbpol.2018.12.003,pubmed,2019,Carbohydrate polymers,Aloe vera,1
pmid:30602280,30602280,,pubmed,2018,"Epidemiologie, mikrobiologie, imunologie : casopis Spolecnosti pro epidemiologii a mikrobiologii Ceske lekarske spolecnosti J.E. Purkyne",Rosmarinus officinalis,8
pmid:30602711,30602711,10.3390/molecules24010137,europe_pmc,2018,,Uncaria tomentosa,4
pmid:30621719,30621719,10.1186/s12929-019-0499-8,pubmed,2019,Journal of biomedical science,Rosmarinus officinalis,3
pmid:30632216,30632216,10.1002/ptr.6256,pubmed,2019,Phytotherapy research : PTR,Morinda citrifolia,4
pmid:30636097,30636097,10.1002/cbdv.201800485,pubmed,2019,Chemistry & biodiversity,Bixa orellana,5
pmid:30636257,30636257,10.12659/MSM.912922,pubmed,2019,Medical science monitor : international medical journal of experimental and clinical research,Taraxacum officinale,5
pmid:30642475,30642475,10.1016/j.foodchem.2018.12.068,pubmed,2019,Food chemistry,Chenopodium quinoa,4
pmid:30642491,30642491,10.1016/j.foodchem.2018.12.072,pubmed,2019,Food chemistry,Theobroma cacao,2
pmid:30646730,30646730,,pubmed,2018,Ceska a Slovenska farmacie : casopis Ceske farmaceuticke spolecnosti a Slovenske farmaceuticke spolecnosti,Smallanthus sonchifolius,3
pmid:30647537,30647537,10.1155/2018/8982756,pubmed,2018,Mediators of inflammation,Lepidium meyenii,3
pmid:30649869,30649869,10.1021/acs.jnatprod.8b00861,pubmed,2019,Journal of natural products,Physalis peruviana,4
pmid:30663566,30663566,10.2174/1389557519666190121124317,pubmed,2019,Mini reviews in medicinal chemistry,Origanum vulgare,6
pmid:30682527,30682527,10.1016/j.micpath.2019.01.030,pubmed,2019,Microbial pathogenesis,Morinda citrifolia,6
pmid:30691267,30691267,10.1021/acssynbio.8b00483,pubmed,2019,ACS synthetic biology,Erythroxylum coca,5
pmid:30693502,30693502,10.1002/jcp.28221,pubmed,2019,Journal of cellular physiology,Rosmarinus officinalis,4
pmid:30703993,30703993,10.1094/PDIS-06-14-0616-PDN,pubmed,2014,Plant disease,Smallanthus sonchifolius,8
pmid:30708582,30708582,10.1094/PDIS-03-13-0241-PDN,pubmed,2014,Plant disease,Plukenetia volubilis,4
pmid:30717548,30717548,10.19540/j.cnki.cjcmm.2018.0122,pubmed,2018,Zhongguo Zhong yao za zhi = Zhongguo zhongyao zazhi = China journal of Chinese materia medica,Lepidium meyenii,5
pmid:30721666,30721666,10.1016/j.exppara.2019.01.013,europe_pmc,2019,,Tagetes minuta,5
pmid:30727348,30727348,10.1094/PDIS-07-11-0573,pubmed,2012,Plant disease,Solanum tuberosum,1
pmid:30728442,30728442,10.1038/s41598-019-38645-0,pubmed,2019,Scientific reports,Uncaria tomentosa,8
pmid:30738118,30738118,10.1016/j.jep.2019.02.010,pubmed,2019,Journal of ethnopharmacology,Annona muricata,4
pmid:30738990,30738990,10.1016/j.fct.2019.02.013,pubmed,2019,Food and chemical toxicology : an international journal published for the British Industrial Biological Research Association,Bixa orellana,5
pmid:30743511,30743511,10.1094/PDIS-09-10-0624,pubmed,2011,Plant disease,Solanum tuberosum,9
pmid:30753883,30753883,10.1016/j.jep.2019.02.015,pubmed,2019,Journal of ethnopharmacology,Tropaeolum tuberosum,4
pmid:30756335,30756335,10.1007/s11033-019-04678-x,pubmed,2019,Molecular biology reports,Origanum vulgare,4
pmid:30757900,30757900,10.1021/acs.jafc.8b06480,pubmed,2019,Journal of agricultural and food chemistry,Opuntia ficus-indica,3
pmid:30768427,30768427,10.1515/revneuro-2018-0097,pubmed,2019,Reviews in the neurosciences,Matricaria chamomilla,6
pmid:30768733,30768733,10.1002/ptr.6301,pubmed,2019,Phytotherapy research : PTR,Lepidium meyenii,5
pmid:30772483,30772483,10.1016/j.jep.2019.02.030,pubmed,2019,Journal of ethnopharmacology,Aloe vera; Calendula officinalis; Plantago major; Taraxacum officinale,12
pmid:30773822,30773822,10.1111/cbdd.13500,pubmed,2019,Chemical biology & drug design,Matricaria chamomilla,4
pmid:30780668,30780668,10.1094/PDIS-91-9-1200B,pubmed,2007,Plant disease,Solanum americanum,9
pmid:30781009,30781009,10.1094/PDIS-91-2-0226A,pubmed,2007,Plant disease,Prosopis pallida,3
pmid:30781206,30781206,10.1094/PDIS-91-4-0464B,pubmed,2007,Plant disease,Physalis peruviana,6
pmid:30790614,30790614,10.1016/j.jep.2019.02.033,europe_pmc,2019,,Lepidium meyenii,8
pmid:30797873,30797873,10.1016/j.fct.2019.02.017,pubmed,2019,Food and chemical toxicology : an international journal published for the British Industrial Biological Research Association,Taraxacum officinale,3
pmid:30806846,30806846,10.1186/s13568-019-0756-y,europe_pmc,2019,,Piper aduncum,4
pmid:30807045,30807045,,pubmed,2016,Natural product communications,Eucalyptus globulus,4
pmid:30816433,30816433,10.3892/ijmm.2019.4110,pubmed,2019,International journal of molecular medicine,Physalis peruviana,5
pmid:30820881,30820881,10.2478/s11686-019-00036-w,pubmed,2019,Acta parasitologica,Annona muricata; Punica granatum,5
pmid:30828080,30828080,10.1248/bpb.b18-00480,europe_pmc,2019,,Morinda citrifolia,4
pmid:30830417,30830417,10.1007/s11306-018-1428-7,pubmed,2018,Metabolomics : Official journal of the Metabolomic Society,Solanum tuberosum,8
pmid:30830942,30830942,10.1371/journal.pone.0213150,pubmed,2019,PloS one,Origanum vulgare,5
pmid:30830977,30830977,10.1002/bem.22174,pubmed,2019,Bioelectromagnetics,Myrciaria dubia,5
pmid:30831819,30831819,10.1094/PDIS.2001.85.12.1292C,pubmed,2001,Plant disease,Solanum tuberosum,6
pmid:30832100,30832100,10.1094/PDIS.2000.84.7.736,pubmed,2000,Plant disease,Oxalis tuberosa; Solanum tuberosum; Tropaeolum tuberosum; Ullucus tuberosus,3
pmid:30845537,30845537,10.1094/PDIS.1999.83.5.451,pubmed,1999,Plant disease,Erythroxylum coca,6
pmid:30848923,30848923,10.1021/acs.jnatprod.8b00920,pubmed,2019,Journal of natural products,Eucalyptus globulus,2
pmid:30852764,30852764,10.1007/s40199-019-00255-6,pubmed,2019,"Daru : journal of Faculty of Pharmacy, Tehran University of Medical Sciences",Matricaria chamomilla,8
pmid:30853648,30853648,10.1016/j.jep.2019.03.003,pubmed,2019,Journal of ethnopharmacology,Annona muricata,8
pmid:30857072,30857072,10.1094/PDIS.1998.82.1.69,pubmed,1998,Plant disease,Tropaeolum tuberosum,6
pmid:30857678,30857678,10.1016/j.foodchem.2019.02.061,pubmed,2019,Food chemistry,Chenopodium quinoa,3
pmid:30884663,30884663,10.1016/j.foodres.2019.01.058,pubmed,2019,"Food research international (Ottawa, Ont.)",Passiflora edulis,4
pmid:30884726,30884726,10.1016/j.foodres.2018.10.069,pubmed,2019,"Food research international (Ottawa, Ont.)",Taraxacum officinale,5
pmid:30891764,30891764,10.1002/jcp.28466,pubmed,2019,Journal of cellular physiology,Aloe vera,5
pmid:30898358,30898358,10.1016/j.foodres.2018.02.027,pubmed,2019,"Food research international (Ottawa, Ont.)",Theobroma cacao,5
pmid:30902313,30902313,10.1016/j.foodchem.2019.02.071,pubmed,2019,Food chemistry,Lepidium meyenii,4
pmid:30906054,30906054,10.1007/s13197-018-03563-y,europe_pmc,2019,,Physalis peruviana,5
pmid:30907039,30907039,10.1002/ptr.6345,pubmed,2019,Phytotherapy research : PTR,Opuntia ficus-indica,3
pmid:30909287,30909287,10.1371/journal.pone.0214165,pubmed,2019,PloS one,Solanum tuberosum,4
pmid:30915590,30915590,10.1186/s13568-019-0764-y,pubmed,2019,AMB Express,Origanum vulgare,5
pmid:30928880,30928880,10.1016/j.bioorg.2019.03.051,pubmed,2019,Bioorganic chemistry,Physalis peruviana,3
pmid:30942656,30942656,10.1089/jmf.2018.0145,europe_pmc,2019,,Aloe vera; Malva sylvestris,5
pmid:30944740,30944740,10.1155/2019/9407069,europe_pmc,2019,,Bixa orellana,5
pmid:30963968,30963968,10.2174/1389201020666190409104910,pubmed,2019,Current pharmaceutical biotechnology,Psidium guajava,6
pmid:30980598,30980598,10.1111/jocd.12930,pubmed,2019,Journal of cosmetic dermatology,Rosmarinus officinalis,5
pmid:30980874,30980874,10.1016/j.ijbiomac.2019.04.052,pubmed,2019,International journal of biological macromolecules,Bixa orellana,5
pmid:30993155,30993155,10.1016/j.dib.2019.103849,europe_pmc,2019,,Physalis peruviana,3
pmid:30994444,30994444,10.1051/parasite/2019024,pubmed,2019,"Parasite (Paris, France)",Piper aduncum,4
pmid:31016180,31016180,10.4103/abr.abr_205_18,europe_pmc,2019,,Malva sylvestris,5
pmid:31028856,31028856,10.1016/j.jep.2019.111906,pubmed,2019,Journal of ethnopharmacology,Verbena litoralis,7
pmid:31042034,31042034,10.1021/acs.jafc.8b07168,pubmed,2019,Journal of agricultural and food chemistry,Ilex guayusa,4
pmid:31052535,31052535,10.3390/antiox8050117,europe_pmc,2019,,Opuntia ficus-indica,5
pmid:31053763,31053763,10.1038/s41598-019-43374-5,pubmed,2019,Scientific reports,Physalis peruviana,5
pmid:31060504,31060504,10.1186/s12870-019-1797-8,pubmed,2019,BMC plant biology,Passiflora edulis,6
pmid:31062439,31062439,10.1002/jmr.2786,pubmed,2019,Journal of molecular recognition : JMR,Aloe vera,4
pmid:31064341,31064341,10.1186/s12870-019-1755-5,europe_pmc,2019,,Lepidium meyenii,5
pmid:31081770,31081770,,pubmed,2019,Pakistan journal of pharmaceutical sciences,Taraxacum officinale,5
pmid:31089370,31089370,,europe_pmc,2019,,Punica granatum,7
pmid:31126296,31126296,10.1186/s13002-019-0302-7,pubmed,2019,Journal of ethnobiology and ethnomedicine,Eucalyptus globulus,7
pmid:31129307,31129307,10.1016/j.jep.2019.111968,europe_pmc,2019,,Malva sylvestris,9
pmid:31133058,31133058,10.1186/s12917-019-1854-4,pubmed,2019,BMC veterinary research,Calendula officinalis; Matricaria chamomilla,7
pmid:31134518,31134518,10.1007/s13659-019-0210-5,pubmed,2019,Natural products and bioprospecting,Banisteriopsis caapi; Psychotria viridis,4
pmid:31144014,31144014,10.1007/s00253-019-09887-9,pubmed,2019,Applied microbiology and biotechnology,Solanum tuberosum,5
pmid:31145533,31145533,10.1111/wrr.12737,pubmed,2019,Wound repair and regeneration : official publication of the Wound Healing Society [and] the European Tissue Repair Society,Calendula officinalis,6
pmid:31160545,31160545,,pubmed,2019,Alternative therapies in health and medicine,Aloe vera,5
pmid:31165800,31165800,10.1039/c8fo02466a,pubmed,2019,Food & function,Eucalyptus globulus,6
pmid:31174035,31174035,10.1016/j.plaphy.2019.05.020,pubmed,2019,Plant physiology and biochemistry : PPB,Smallanthus sonchifolius,4
pmid:31177603,31177603,10.1002/pca.2845,pubmed,2019,Phytochemical analysis : PCA,Taraxacum officinale,6
pmid:31184123,31184123,10.1021/acs.jafc.9b02716,pubmed,2019,Journal of agricultural and food chemistry,Morinda citrifolia,4
pmid:31200591,31200591,10.3390/ani9060352,europe_pmc,2019,,Origanum vulgare,5
pmid:31206893,31206893,10.1002/biof.1516,pubmed,2019,"BioFactors (Oxford, England)",Malva sylvestris; Rosmarinus officinalis,5
pmid:31209702,31209702,10.1007/s11130-019-00744-8,pubmed,2019,"Plant foods for human nutrition (Dordrecht, Netherlands)",Lupinus mutabilis; Psidium guajava; Smallanthus sonchifolius,5
pmid:31209704,31209704,10.1007/s11130-019-00747-5,pubmed,2019,"Plant foods for human nutrition (Dordrecht, Netherlands)",Aloe vera,3
pmid:31212099,31212099,10.1016/j.jplph.2019.05.014,pubmed,2019,Journal of plant physiology,Passiflora ligularis,6
pmid:31212778,31212778,10.3390/antiox8060173,europe_pmc,2019,,Amaranthus caudatus,4
pmid:31215433,31215433,10.1186/s12906-019-2542-4,europe_pmc,2019,,Lepidium meyenii,6
pmid:31235779,31235779,10.1038/s41598-019-45738-3,pubmed,2019,Scientific reports,Calendula officinalis,4
pmid:31240483,31240483,10.1007/s00894-019-4083-7,pubmed,2019,Journal of molecular modeling,Annona muricata,3
pmid:31254243,31254243,10.1007/s11033-019-04939-9,pubmed,2019,Molecular biology reports,Taraxacum officinale,6
pmid:31258077,31258077,10.2174/1389201020666190620113129,pubmed,2019,Current pharmaceutical biotechnology,Opuntia ficus-indica,6
pmid:31259740,31259740,10.2478/acph-2019-0027,pubmed,2019,"Acta pharmaceutica (Zagreb, Croatia)",Aloe vera,5
pmid:31261002,31261002,10.1016/j.foodchem.2019.125045,pubmed,2019,Food chemistry,Plukenetia volubilis,4
pmid:31267584,31267584,10.1002/elps.201900152,pubmed,2020,Electrophoresis,Rosmarinus officinalis,5
pmid:31269881,31269881,10.2174/1381612825666190703154244,pubmed,2019,Current pharmaceutical design,Aloe vera,5
pmid:31272819,31272819,10.1016/j.phymed.2019.152996,pubmed,2019,Phytomedicine : international journal of phytotherapy and phytopharmacology,Aloe vera,6
pmid:31275409,31275409,10.1155/2019/3190670,semantic_scholar,2019,Evidence-based Complementary and Alternative Medicine : eCAM,Aloe vera,8
pmid:31284085,31284085,10.1016/j.ejmech.2019.07.006,pubmed,2019,European journal of medicinal chemistry,Opuntia ficus-indica,4
pmid:31291739,31291739,10.20960/nh.02590,pubmed,2019,Nutricion hospitalaria,Lupinus mutabilis,4
pmid:31298147,31298147,10.2174/1381612825666190708183941,pubmed,2019,Current pharmaceutical design,Punica granatum,4
pmid:31309269,31309269,10.1007/s00253-019-10004-z,pubmed,2019,Applied microbiology and biotechnology,Rosmarinus officinalis,4
pmid:31310605,31310605,10.1371/journal.pone.0213818,europe_pmc,2019,,Solanum tuberosum,4
pmid:31311592,31311592,10.1186/s13104-019-4469-8,pubmed,2019,BMC research notes,Passiflora edulis,5
pmid:31321504,31321504,10.1007/s00403-019-01951-8,pubmed,2019,Archives of dermatological research,Aloe vera,5
pmid:31323003,31323003,10.1515/jcim-2019-0032,europe_pmc,2019,,Malva sylvestris; Plantago major,6
pmid:31353545,31353545,10.1111/jfbc.12747,pubmed,2019,Journal of food biochemistry,Bixa orellana,6
pmid:31353568,31353568,10.1111/jfbc.12755,pubmed,2019,Journal of food biochemistry,Morinda citrifolia,6
pmid:31353596,31353596,10.1111/jfbc.12767,pubmed,2019,Journal of food biochemistry,Theobroma cacao,6
pmid:31353737,31353737,10.1111/jfbc.12868,pubmed,2019,Journal of food biochemistry,Morinda citrifolia,6
pmid:31353739,31353739,10.1111/jfbc.12879,pubmed,2019,Journal of food biochemistry,Passiflora edulis,4
pmid:31366118,31366118,10.3390/plants8080257,europe_pmc,2019,,Chenopodium quinoa,6
pmid:31367977,31367977,10.1007/s10493-019-00406-z,pubmed,2019,Experimental & applied acarology,Taraxacum officinale,5
pmid:31381209,31381209,10.1002/pca.2880,europe_pmc,2020,,Morinda citrifolia,6
pmid:31383908,31383908,10.1038/s41598-019-47706-3,pubmed,2019,Scientific reports,Uncaria guianensis; Uncaria tomentosa,4
pmid:31385192,31385192,10.1007/s12010-019-03103-0,pubmed,2020,Applied biochemistry and biotechnology,Solanum tuberosum,5
pmid:31394333,31394333,10.1016/j.foodchem.2019.125268,pubmed,2019,Food chemistry,Tropaeolum tuberosum; Ullucus tuberosus,3
pmid:31419932,31419932,10.1186/s12864-019-6027-0,pubmed,2019,BMC genomics,Chenopodium quinoa,7
pmid:31421183,31421183,10.1016/j.jep.2019.112152,pubmed,2020,Journal of ethnopharmacology,Tropaeolum tuberosum,10
pmid:31429300,31429300,10.1080/14786419.2019.1619720,europe_pmc,2021,,Malva sylvestris,5
pmid:31434913,31434913,10.1038/s41598-019-47571-0,pubmed,2019,Scientific reports,Lepidium meyenii,4
pmid:31456283,31456283,10.1002/ptr.6465,pubmed,2019,Phytotherapy research : PTR,Aloe vera,4
pmid:31465817,31465817,10.1016/j.jep.2019.112184,pubmed,2020,Journal of ethnopharmacology,Calendula officinalis; Matricaria chamomilla,11
pmid:31466652,31466652,10.1016/j.foodres.2018.09.039,pubmed,2019,"Food research international (Ottawa, Ont.)",Annona muricata,6
pmid:31468525,31468525,10.1111/jphp.13156,pubmed,2019,The Journal of pharmacy and pharmacology,Punica granatum,5
pmid:31469171,31469171,10.1111/ics.12577,pubmed,2019,International journal of cosmetic science,Caesalpinia spinosa,6
pmid:31470079,31470079,10.1016/j.phrs.2019.104416,pubmed,2019,Pharmacological research,Aloe vera,4
pmid:31470082,31470082,10.1016/j.ygeno.2019.08.024,europe_pmc,2020,,Physalis peruviana,4
pmid:31470868,31470868,10.1186/s13002-019-0323-2,pubmed,2019,Journal of ethnobiology and ethnomedicine,Taraxacum officinale,6
pmid:31473430,31473430,10.1016/j.jphotobiol.2019.111604,pubmed,2019,"Journal of photochemistry and photobiology. B, Biology",Piper aduncum,6
pmid:31475446,31475446,10.1002/cbdv.201900388,pubmed,2019,Chemistry & biodiversity,Schinus molle,3
pmid:31483032,31483032,10.1590/S1984-29612019060,pubmed,2019,Revista brasileira de parasitologia veterinaria = Brazilian journal of veterinary parasitology : Orgao Oficial do Colegio Brasileiro de Parasitologia Veterinaria,Rosmarinus officinalis,5
pmid:31486747,31486747,10.2174/1389450120666190429120314,pubmed,2019,Current drug targets,Psidium guajava,5
pmid:31494202,31494202,10.1016/j.jep.2019.112218,pubmed,2020,Journal of ethnopharmacology,Lepidium meyenii,11
pmid:31501667,31501667,10.3762/bjoc.15.196,europe_pmc,2019,,Physalis peruviana,3
pmid:31502078,31502078,10.1007/s00705-019-04395-7,pubmed,2019,Archives of virology,Oxalis tuberosa,4
pmid:31506442,31506442,10.1038/s41598-019-49276-w,pubmed,2019,Scientific reports,Amaranthus caudatus,5
pmid:31510078,31510078,10.3390/molecules24183299,europe_pmc,2019,,Uncaria tomentosa,5
pmid:31511527,31511527,10.1038/s41598-019-49246-2,pubmed,2019,Scientific reports,Smallanthus sonchifolius,4
pmid:31511801,31511801,10.4172/2167-0412.1000292,pubmed,2017,Medicinal & aromatic plants,Plantago major,3
pmid:31515641,31515641,10.1007/s10142-019-00711-1,pubmed,2020,Functional & integrative genomics,Chenopodium quinoa,5
pmid:31522126,31522126,10.1016/j.foodchem.2019.125485,pubmed,2020,Food chemistry,Tropaeolum tuberosum,4
pmid:31546267,31546267,10.1055/a-1008-1238,pubmed,2019,Planta medica,Bixa orellana,1
pmid:31553784,31553784,10.1371/journal.pone.0222976,pubmed,2019,PloS one,Solanum tuberosum,5
pmid:31554128,31554128,10.1016/j.foodres.2019.108551,pubmed,2019,"Food research international (Ottawa, Ont.)",Myrciaria dubia,2
pmid:31554140,31554140,10.1016/j.foodres.2019.108615,pubmed,2019,"Food research international (Ottawa, Ont.)",Lepidium meyenii,4
pmid:31565436,31565436,10.1155/2019/4164576,europe_pmc,2019,,Annona muricata,5
pmid:31565850,31565850,10.1111/jcmm.14686,pubmed,2019,Journal of cellular and molecular medicine,Taraxacum officinale,5
pmid:31570063,31570063,10.1080/15287394.2019.1671279,pubmed,2019,Journal of toxicology and environmental health. Part A,Myrciaria dubia,1
pmid:31577095,31577095,10.4081/aiua.2019.3.139,pubmed,2019,"Archivio italiano di urologia, andrologia : organo ufficiale [di] Societa italiana di ecografia urologica e nefrologica",Punica granatum,11
pmid:31605258,31605258,10.1007/s11011-019-00494-1,pubmed,2020,Metabolic brain disease,Solanum americanum,6
pmid:31614204,31614204,10.1016/j.jep.2019.112303,pubmed,2020,Journal of ethnopharmacology,Morinda citrifolia,7
pmid:31616164,31616164,10.2147/ott.s211642,europe_pmc,2019,,Chuquiraga spinosa,7
pmid:31616827,31616827,10.1021/acsomega.9b02128,europe_pmc,2019,,Lepidium meyenii,4
pmid:31639083,31639083,10.2478/acph-2019-0050,pubmed,2019,"Acta pharmaceutica (Zagreb, Croatia)",Origanum vulgare; Rosmarinus officinalis,5
pmid:31639095,31639095,10.2478/acph-2019-0045,pubmed,2019,"Acta pharmaceutica (Zagreb, Croatia)",Aloe vera; Rosmarinus officinalis,4
pmid:31643869,31643869,,europe_pmc,2012,,Lepidium meyenii,1
pmid:31645529,31645529,10.1248/bpb.b18-00952,pubmed,2020,Biological & pharmaceutical bulletin,Passiflora edulis,5
pmid:31648076,31648076,10.1016/j.ecoenv.2019.109814,pubmed,2020,Ecotoxicology and environmental safety,Chenopodium quinoa,3
pmid:31650134,31650134,10.1039/c9fo01677e,pubmed,2019,Food & function,Rosmarinus officinalis,5
pmid:31659754,31659754,10.1111/jphp.13182,pubmed,2020,The Journal of pharmacy and pharmacology,Annona muricata,5
pmid:31673872,31673872,10.1186/s13568-019-0893-3,pubmed,2019,AMB Express,Origanum vulgare,4
pmid:31680350,31680350,10.1002/ptr.6532,pubmed,2020,Phytotherapy research : PTR,Aloe vera,4
pmid:31682997,31682997,10.1016/j.micpath.2019.103828,pubmed,2020,Microbial pathogenesis,Passiflora edulis,3
pmid:31694638,31694638,10.1186/s12906-019-2695-1,pubmed,2019,BMC complementary and alternative medicine,Psidium guajava,7
pmid:31704262,31704262,10.1016/j.fitote.2019.104418,pubmed,2019,Fitoterapia,Eucalyptus globulus,3
pmid:31707047,31707047,10.1016/j.jep.2019.112378,pubmed,2020,Journal of ethnopharmacology,Matricaria chamomilla,6
pmid:31732901,31732901,10.1134/S0012496619050077,pubmed,2019,"Doklady biological sciences : proceedings of the Academy of Sciences of the USSR, Biological sciences sections",Solanum tuberosum,4
pmid:31735704,31735704,10.16288/j.yczz.19-177,pubmed,2019,Yi chuan = Hereditas,Chenopodium quinoa,4
pmid:31738133,31738133,10.2174/1389201020666191019124630,pubmed,2020,Current pharmaceutical biotechnology,Rosmarinus officinalis,6
pmid:31738145,31738145,10.2174/1573399815666191026125941,pubmed,2020,Current diabetes reviews,Passiflora edulis,6
pmid:31741191,31741191,10.1007/s10886-019-01118-9,pubmed,2019,Journal of chemical ecology,Theobroma cacao,5
pmid:31744166,31744166,10.3390/antiox8110565,europe_pmc,2019,,Chenopodium quinoa,5
pmid:31747098,31747098,10.1002/jbm.a.36845,pubmed,2020,Journal of biomedical materials research. Part A,Passiflora edulis,4
pmid:31751651,31751651,10.1016/j.jep.2019.112411,pubmed,2020,Journal of ethnopharmacology,Copaifera paupera; Myrciaria dubia,10
pmid:31759605,31759605,10.3168/jds.2019-17173,pubmed,2020,Journal of dairy science,Myrciaria dubia,3
pmid:3176059,3176059,10.1016/0378-4274(88)90115-4,pubmed,1988,Toxicology letters,Argemone mexicana,5
pmid:31780035,31780035,10.1016/j.ctim.2019.102206,pubmed,2019,Complementary therapies in medicine,Morinda citrifolia,3
pmid:31782531,31782531,10.1111/1750-3841.14957,pubmed,2019,Journal of food science,Parastrephia lucida,6
pmid:31798745,31798745,10.26574/maedica.2019.14.3.274,pubmed,2019,Maedica,Lepidium meyenii,1
pmid:31800542,31800542,10.14309/ctg.0000000000000110,pubmed,2019,Clinical and translational gastroenterology,Croton lechleri,6
pmid:31813768,31813768,10.1016/j.joim.2019.11.004,pubmed,2020,Journal of integrative medicine,Punica granatum,6
pmid:31813882,31813882,,pubmed,2019,Pakistan journal of pharmaceutical sciences,Morinda citrifolia,4
pmid:31816536,31816536,10.1016/j.foodchem.2019.125909,pubmed,2020,Food chemistry,Myrciaria dubia,4
pmid:31825527,31825527,10.1002/jsfa.10197,pubmed,2020,Journal of the science of food and agriculture,Passiflora edulis,5
pmid:31827717,31827717,10.1155/2019/9714302,europe_pmc,2019,,Morinda citrifolia,6
pmid:31830356,31830356,10.1111/dth.13186,pubmed,2020,Dermatologic therapy,Rosmarinus officinalis,7
pmid:31840355,31840355,10.1002/ptr.6579,pubmed,2020,Phytotherapy research : PTR,Morinda citrifolia,5
pmid:31845400,31845400,10.1111/tpj.14649,pubmed,2020,The Plant journal : for cell and molecular biology,Solanum tuberosum,7
pmid:31858602,31858602,10.1002/jsfa.10222,pubmed,2020,Journal of the science of food and agriculture,Chenopodium quinoa,3
pmid:31866512,31866512,10.1016/j.jep.2019.112482,pubmed,2020,Journal of ethnopharmacology,Passiflora edulis,6
pmid:31872691,31872691,10.19540/j.cnki.cjcmm.20190419.202,pubmed,2019,Zhongguo Zhong yao za zhi = Zhongguo zhongyao zazhi = China journal of Chinese materia medica,Lepidium meyenii,3
pmid:31881347,31881347,10.1016/j.jprot.2019.103625,pubmed,2020,Journal of proteomics,Origanum vulgare,7
pmid:31882084,31882084,10.1016/j.foodres.2019.108735,pubmed,2020,"Food research international (Ottawa, Ont.)",Chenopodium quinoa,3
pmid:31884522,31884522,10.1186/s13568-019-0935-x,pubmed,2019,AMB Express,Psidium guajava,4
pmid:31886360,31886360,10.1016/j.dib.2019.104929,europe_pmc,2020,,Malva sylvestris,4
pmid:31893289,31893289,10.1007/s00122-019-03519-6,pubmed,2020,TAG. Theoretical and applied genetics. Theoretische und angewandte Genetik,Solanum tuberosum,6
pmid:31903489,31903489,10.1093/aob/mcz212,europe_pmc,2020,,Solanum tuberosum,5
pmid:31907610,31907610,10.1007/s00497-019-00382-9,pubmed,2020,Plant reproduction,Plukenetia volubilis,6
pmid:31909247,31909247,10.1016/j.heliyon.2019.e03043,europe_pmc,2020,,Ilex guayusa,5
pmid:31917280,31917280,10.1016/j.jep.2019.112415,pubmed,2020,Journal of ethnopharmacology,Carica papaya; Psidium guajava,11
pmid:31917463,31917463,10.1002/jsfa.10252,pubmed,2020,Journal of the science of food and agriculture,Origanum vulgare,4
pmid:31930838,31930838,10.3923/pjbs.2019.486.493,pubmed,2019,Pakistan journal of biological sciences : PJBS,Morinda citrifolia,5
pmid:31930863,31930863,10.3923/pjbs.2019.206.213,pubmed,2019,Pakistan journal of biological sciences : PJBS,Solanum tuberosum,9
pmid:31934236,31934236,10.11604/pamj.2019.34.93.19112,pubmed,2019,The Pan African medical journal,Eucalyptus globulus,6
pmid:31936132,31936132,10.3390/molecules25020245,europe_pmc,2020,,Physalis peruviana,4
pmid:31940726,31940726,10.1016/j.scitotenv.2019.135714,pubmed,2020,The Science of the total environment,Plantago major,6
pmid:31951246,31951246,10.1039/c9fo02732g,pubmed,2020,Food & function,Lepidium meyenii,3
pmid:31955287,31955287,10.1007/s00432-020-03124-x,pubmed,2020,Journal of cancer research and clinical oncology,Calendula officinalis,7
pmid:31962215,31962215,10.1016/j.ecoenv.2020.110218,pubmed,2020,Ecotoxicology and environmental safety,Chenopodium quinoa,2
pmid:31967248,31967248,10.17843/rpmesp.2019.364.4270,pubmed,2019,Revista peruana de medicina experimental y salud publica,Myrciaria dubia,4
pmid:31967262,31967262,10.17843/rpmesp.2019.360.4238,pubmed,2019,Revista peruana de medicina experimental y salud publica,Solanum tuberosum,3
pmid:31982557,31982557,10.1016/j.ijpharm.2020.119052,pubmed,2020,International journal of pharmaceutics,Origanum vulgare,7
pmid:31989693,31989693,10.1111/and.13509,pubmed,2020,Andrologia,Lepidium meyenii,6
pmid:32006573,32006573,10.1016/j.ijbiomac.2019.12.157,pubmed,2020,International journal of biological macromolecules,Morinda citrifolia,4
pmid:32009208,32009208,10.1007/s11130-020-00799-y,pubmed,2020,"Plant foods for human nutrition (Dordrecht, Netherlands)",Lupinus mutabilis,4
pmid:32013192,32013192,10.3390/ani10020219,europe_pmc,2020,,Malva sylvestris,4
pmid:32013832,32013832,10.2174/1570163817666200203110803,pubmed,2021,Current drug discovery technologies,Malva sylvestris; Punica granatum,6
pmid:32033839,32033839,10.1016/j.nutres.2019.08.007,pubmed,2020,"Nutrition research (New York, N.Y.)",Passiflora edulis,5
pmid:32036934,32036934,10.1016/j.foodres.2019.108884,pubmed,2020,"Food research international (Ottawa, Ont.)",Chenopodium quinoa,3
pmid:32047089,32047089,10.1136/bcr-2019-233509,europe_pmc,2020,,Annona muricata,3
pmid:32060345,32060345,10.1038/s41598-020-59638-4,pubmed,2020,Scientific reports,Lepidium meyenii,6
pmid:32061191,32061191,10.1002/rcm.8757,europe_pmc,2020,,Passiflora edulis,7
pmid:32064656,32064656,10.1111/1440-1681.13282,europe_pmc,2020,,Carica papaya,6
pmid:32071543,32071543,10.1186/s41182-019-0187-0,europe_pmc,2020,,Carica papaya,5
pmid:32085476,32085476,10.3390/plants9020264,europe_pmc,2020,,Rosmarinus officinalis,5
pmid:32086676,32086676,10.1007/s11130-019-00786-y,pubmed,2020,"Plant foods for human nutrition (Dordrecht, Netherlands)",Chenopodium quinoa,4
pmid:32086980,32086980,10.1002/ptr.6648,pubmed,2020,Phytotherapy research : PTR,Rosmarinus officinalis,5
pmid:32092578,32092578,10.1016/j.ecoenv.2020.110345,pubmed,2020,Ecotoxicology and environmental safety,Chenopodium quinoa,3
pmid:32092695,32092695,10.1016/j.ultsonch.2020.104999,pubmed,2020,Ultrasonics sonochemistry,Passiflora edulis,5
pmid:32092899,32092899,10.3390/foods9020216,europe_pmc,2020,,Chenopodium quinoa,5
pmid:32095203,32095203,10.18502/jovr.v15i1.5932,pubmed,2020,Journal of ophthalmic & vision research,Aloe vera,5
pmid:32097698,32097698,10.1016/j.jep.2020.112711,pubmed,2020,Journal of ethnopharmacology,Oenothera rosea,7
pmid:32097870,32097870,10.1016/j.ultsonch.2020.105017,pubmed,2020,Ultrasonics sonochemistry,Myrciaria dubia,6
pmid:32116374,32116374,10.1007/s13197-019-04097-7,europe_pmc,2020,,Mauritia flexuosa,5
pmid:32128582,32128582,10.1093/jee/toaa026,pubmed,2020,Journal of economic entomology,Passiflora ligularis,5
pmid:32145229,32145229,10.1016/j.ijbiomac.2020.03.022,pubmed,2020,International journal of biological macromolecules,Solanum tuberosum,4
pmid:32151878,32151878,10.1016/j.nutres.2020.02.008,pubmed,2020,"Nutrition research (New York, N.Y.)",Aloe vera,8
pmid:32154254,32154254,10.3389/fmed.2020.00006,europe_pmc,2020,,Uncaria tomentosa,7
pmid:32157694,32157694,10.1111/1750-3841.15097,pubmed,2020,Journal of food science,Taraxacum officinale,7
pmid:32162346,32162346,10.1111/jphp.13248,pubmed,2020,The Journal of pharmacy and pharmacology,Physalis peruviana,4
pmid:32171895,32171895,10.1016/j.jep.2020.112743,pubmed,2020,Journal of ethnopharmacology,Banisteriopsis caapi; Psychotria viridis,12
pmid:32174958,32174958,10.3389/fgene.2020.00049,europe_pmc,2020,,Chenopodium quinoa,8
pmid:32178613,32178613,10.2174/1570163817666200316105658,pubmed,2021,Current drug discovery technologies,Matricaria chamomilla,5
pmid:32185506,32185506,10.1007/s00425-020-03377-3,pubmed,2020,Planta,Plukenetia volubilis,6
pmid:32188958,32188958,10.5507/bp.2020.010,pubmed,2020,"Biomedical papers of the Medical Faculty of the University Palacky, Olomouc, Czechoslovakia",Aloe vera; Morinda citrifolia; Opuntia ficus-indica; Punica granatum; Theobroma cacao,6
pmid:32204715,32204715,10.1186/s13002-020-00364-6,pubmed,2020,Journal of ethnobiology and ethnomedicine,Matricaria chamomilla; Plantago major,6
pmid:32209036,32209036,10.2174/1381612826666200325094422,pubmed,2020,Current pharmaceutical design,Annona muricata,4
pmid:32215779,32215779,10.1007/s11033-020-05385-8,pubmed,2020,Molecular biology reports,Passiflora edulis,6
pmid:32222379,32222379,10.1016/j.virusres.2020.197944,pubmed,2020,Virus research,Smallanthus sonchifolius; Solanum tuberosum,8
pmid:32227510,32227510,10.1111/jfbc.13211,pubmed,2020,Journal of food biochemistry,Annona muricata,1
pmid:32229665,32229665,10.1515/jcim-2019-0143,pubmed,2020,Journal of complementary & integrative medicine,Matricaria chamomilla,5
pmid:32229691,32229691,10.1515/jcim-2018-0189,pubmed,2020,Journal of complementary & integrative medicine,Rosmarinus officinalis,4
pmid:32230839,32230839,10.3390/molecules25071525,semantic_scholar,2020,Molecules,Psidium guajava,5
pmid:32232271,32232271,10.1039/d0fo00055h,pubmed,2020,Food & function,Chenopodium quinoa,4
pmid:32234219,32234219,10.1016/j.plantsci.2020.110463,pubmed,2020,Plant science : an international journal of experimental plant biology,Matricaria chamomilla,5
pmid:32237436,32237436,10.19540/j.cnki.cjcmm.20191230.403,pubmed,2020,Zhongguo Zhong yao za zhi = Zhongguo zhongyao zazhi = China journal of Chinese materia medica,Morinda citrifolia,8
pmid:32237439,32237439,10.19540/j.cnki.cjcmm.20190916.401,pubmed,2020,Zhongguo Zhong yao za zhi = Zhongguo zhongyao zazhi = China journal of Chinese materia medica,Lepidium meyenii,6
pmid:32239630,32239630,10.1002/mnfr.201900706,pubmed,2020,Molecular nutrition & food research,Lepidium meyenii,5
pmid:32239926,32239926,10.1021/acs.jnatprod.9b01209,europe_pmc,2020,,Annona muricata,4
pmid:32276384,32276384,10.3390/nu12041020,europe_pmc,2020,,Chenopodium quinoa,5
pmid:32294559,32294559,10.1016/j.pdpdt.2020.101751,pubmed,2020,Photodiagnosis and photodynamic therapy,Bixa orellana,5
pmid:32301751,32301751,10.1515/jcim-2019-0087,europe_pmc,2020,,Opuntia ficus-indica,6
pmid:32321026,32321026,10.1590/0001-3765202020190336,pubmed,2020,Anais da Academia Brasileira de Ciencias,Uncaria tomentosa,5
pmid:32325177,32325177,10.1016/j.jep.2020.112854,pubmed,2020,Journal of ethnopharmacology,Smallanthus sonchifolius,7
pmid:32340366,32340366,10.3390/ma13081977,europe_pmc,2020,,Mauritia flexuosa,5
pmid:32351184,32351184,10.2174/1570163817666200430001822,pubmed,2021,Current drug discovery technologies,Punica granatum,5
pmid:32360201,32360201,10.1016/j.ijbiomac.2020.04.217,pubmed,2020,International journal of biological macromolecules,Solanum tuberosum,3
pmid:32362311,32362311,10.14712/fb2019065050275,pubmed,2019,Folia biologica,Annona muricata,6
pmid:32363830,32363830,10.3923/pjbs.2020.439.453,europe_pmc,2020,,Chenopodium quinoa,6
pmid:32370008,32370008,10.3390/ani10050786,europe_pmc,2020,,Tagetes minuta,5
pmid:32378560,32378560,10.1248/bpb.b19-01044,pubmed,2020,Biological & pharmaceutical bulletin,Opuntia ficus-indica,5
pmid:32387463,32387463,10.1016/j.jep.2020.112838,pubmed,2020,Journal of ethnopharmacology,Psidium guajava,7
pmid:32388313,32388313,10.1016/j.ultsonch.2020.105148,pubmed,2020,Ultrasonics sonochemistry,Mauritia flexuosa,1
pmid:32388391,32388391,10.1016/j.colsurfb.2020.111057,pubmed,2020,"Colloids and surfaces. B, Biointerfaces",Passiflora edulis,4
pmid:32418382,32418382,10.3347/kjp.2020.58.2.135,pubmed,2020,The Korean journal of parasitology,Argemone mexicana,3
pmid:32420297,32420297,10.1007/s40200-020-00491-7,europe_pmc,2020,,Annona muricata,5
pmid:32434255,32434255,10.1055/a-1161-0372,pubmed,2020,Planta medica,Lepidium meyenii,1
pmid:32458916,32458916,10.1039/d0fo00817f,pubmed,2020,Food & function,Opuntia ficus-indica,5
pmid:32460510,32460510,,pubmed,2020,Ceska a Slovenska farmacie : casopis Ceske farmaceuticke spolecnosti a Slovenske farmaceuticke spolecnosti,Smallanthus sonchifolius,4
pmid:32466748,32466748,10.1186/s12870-020-02429-w,europe_pmc,2020,,Physalis peruviana,6
pmid:32466926,32466926,10.1016/j.foodres.2020.109162,pubmed,2020,"Food research international (Ottawa, Ont.)",Passiflora edulis,3
pmid:32469389,32469389,10.1042/BSR20200992,pubmed,2020,Bioscience reports,Rosmarinus officinalis,4
pmid:32474229,32474229,10.1016/j.ijfoodmicro.2020.108664,pubmed,2020,International journal of food microbiology,Origanum vulgare,5
pmid:32476176,32476176,10.1111/jdv.16428,pubmed,2020,Journal of the European Academy of Dermatology and Venereology : JEADV,Uncaria tomentosa,8
pmid:32485523,32485523,10.1016/j.jplph.2020.153196,pubmed,2020,Journal of plant physiology,Opuntia ficus-indica,5
pmid:32488098,32488098,10.1038/s41598-020-65528-6,europe_pmc,2020,,Morinda citrifolia,5
pmid:32495026,32495026,10.1007/s10653-020-00603-5,pubmed,2020,Environmental geochemistry and health,Argemone mexicana,5
pmid:32495729,32495729,10.1017/S1431927620001543,pubmed,2020,"Microscopy and microanalysis : the official journal of Microscopy Society of America, Microbeam Analysis Society, Microscopical Society of Canada",Mauritia flexuosa,4
pmid:32503734,32503734,10.1016/S1875-5364(20)30050-9,pubmed,2020,Chinese journal of natural medicines,Aloe vera,4
pmid:32507421,32507421,10.1016/j.ctim.2020.102397,pubmed,2020,Complementary therapies in medicine,Plantago major,4
pmid:32525777,32525777,10.2174/1570163817666200611132831,pubmed,2021,Current drug discovery technologies,Solanum tuberosum,6
pmid:32534512,32534512,10.18502/ijaai.v19i(s1.r1).2862,pubmed,2020,"Iranian journal of allergy, asthma, and immunology",Matricaria chamomilla,6
pmid:32535456,32535456,10.1016/j.mehy.2020.109905,pubmed,2020,Medical hypotheses,Argemone mexicana,2
pmid:32541669,32541669,10.1038/s41598-020-66357-3,pubmed,2020,Scientific reports,Plantago major,2
pmid:32544554,32544554,10.1016/j.fsi.2020.05.051,pubmed,2020,Fish & shellfish immunology,Psidium guajava,7
pmid:32549800,32549800,10.1155/2020/6326452,europe_pmc,2020,,Chenopodium quinoa,6
pmid:32550197,32550197,10.1007/s40200-020-00530-3,pubmed,2020,Journal of diabetes and metabolic disorders,Matricaria chamomilla,7
pmid:32562919,32562919,10.1016/j.phytochem.2020.112435,pubmed,2020,Phytochemistry,Tropaeolum tuberosum,3
pmid:32565299,32565299,10.1016/j.ijbiomac.2020.06.150,pubmed,2020,International journal of biological macromolecules,Plukenetia volubilis,4
pmid:32567114,32567114,10.1002/jsfa.10600,europe_pmc,2020,,Annona muricata,5
pmid:32567501,32567501,10.1080/07391102.2020.1778538,europe_pmc,2021,,Mauritia flexuosa,5
pmid:32574178,32574178,10.1371/journal.pone.0235072,europe_pmc,2020,,Malva sylvestris; Rosmarinus officinalis,6
pmid:32579242,32579242,10.1111/tpj.14892,pubmed,2020,The Plant journal : for cell and molecular biology,Solanum tuberosum,5
pmid:32592827,32592827,10.1016/j.jdent.2020.103415,pubmed,2020,Journal of dentistry,Malva sylvestris; Matricaria chamomilla,7
pmid:32593919,32593919,10.1016/j.ijfoodmicro.2020.108765,pubmed,2020,International journal of food microbiology,Eucalyptus globulus,5
pmid:32597512,32597512,10.1002/jsfa.10529,pubmed,2020,Journal of the science of food and agriculture,Chenopodium quinoa,7
pmid:32607277,32607277,10.7717/peerj.9169,europe_pmc,2020,,Plukenetia volubilis,5
pmid:32613817,32613817,10.4081/ejh.2020.3141,pubmed,2020,European journal of histochemistry : EJH,Amaranthus caudatus,6
pmid:32615219,32615219,10.1016/j.ijbiomac.2020.06.241,pubmed,2020,International journal of biological macromolecules,Chenopodium quinoa,3
pmid:32626161,32626161,10.2903/j.efsa.2019.5860,europe_pmc,2019,,Lupinus mutabilis,6
pmid:32628974,32628974,10.1016/j.exger.2020.111016,pubmed,2020,Experimental gerontology,Uncaria tomentosa,5
pmid:32637711,32637711,10.1016/j.heliyon.2020.e04337,europe_pmc,2020,,Morinda citrifolia,5
pmid:32645216,32645216,10.1111/1750-3841.15327,pubmed,2020,Journal of food science,Myrciaria dubia,3
pmid:32647944,32647944,10.1007/s10787-020-00735-1,europe_pmc,2021,,Annona muricata,5
pmid:32651964,32651964,10.2174/1389201021666200711151925,europe_pmc,2020,,Morinda citrifolia,6
pmid:32654242,32654242,10.1111/and.13755,pubmed,2020,Andrologia,Lepidium meyenii,4
pmid:32666336,32666336,10.1007/s11130-020-00837-9,pubmed,2020,"Plant foods for human nutrition (Dordrecht, Netherlands)",Ullucus tuberosus,5
pmid:32692981,32692981,10.1016/j.cbi.2020.109198,pubmed,2020,Chemico-biological interactions,Passiflora ligularis,4
pmid:32696851,32696851,10.1590/1519-6984.223687,pubmed,2021,Brazilian journal of biology = Revista brasleira de biologia,Theobroma cacao,4
pmid:32706966,32706966,10.1021/acs.jafc.0c03674,europe_pmc,2020,,Bixa orellana,5
pmid:32713694,32713694,10.3168/jds.2020-18182,pubmed,2020,Journal of dairy science,Caesalpinia spinosa; Punica granatum,6
pmid:32725282,32725282,10.1007/s00210-020-01935-w,pubmed,2020,Naunyn-Schmiedeberg's archives of pharmacology,Rosmarinus officinalis,4
pmid:32730888,32730888,10.1016/j.jep.2020.113186,pubmed,2020,Journal of ethnopharmacology,Matricaria chamomilla,10
pmid:32735060,32735060,10.1111/dth.14105,pubmed,2020,Dermatologic therapy,Aloe vera,6
pmid:32738703,32738703,10.1016/j.plaphy.2020.07.022,pubmed,2020,Plant physiology and biochemistry : PPB,Chenopodium quinoa,1
pmid:32741424,32741424,10.1017/S0031182020001304,pubmed,2020,Parasitology,Bixa orellana,5
pmid:32762642,32762642,10.1186/s12864-020-06916-0,pubmed,2020,BMC genomics,Bixa orellana,6
pmid:32764294,32764294,10.3390/medicina56080389,europe_pmc,2020,,Morinda citrifolia,6
pmid:32779305,32779305,10.1002/ptr.6796,pubmed,2020,Phytotherapy research : PTR,Solanum tuberosum,4
pmid:32781958,32781958,10.2174/1389557520666200811102622,europe_pmc,2021,,Carica papaya,3
pmid:32846532,32846532,10.1016/j.foodres.2020.109334,pubmed,2020,"Food research international (Ottawa, Ont.)",Myrciaria dubia,4
pmid:32846619,32846619,10.1016/j.foodres.2020.109594,pubmed,2020,"Food research international (Ottawa, Ont.)",Theobroma cacao,4
pmid:32848820,32848820,10.3389/fphys.2020.00826,europe_pmc,2020,,Bixa orellana,7
pmid:32853741,32853741,10.1016/j.jep.2020.113230,pubmed,2021,Journal of ethnopharmacology,Psidium guajava,11
pmid:3286692,3286692,10.1016/s0190-9622(88)70095-x,pubmed,1988,Journal of the American Academy of Dermatology,Aloe vera,3
pmid:32871537,32871537,10.1016/j.phytochem.2020.112502,pubmed,2020,Phytochemistry,Lepidium meyenii,6
pmid:32872100,32872100,10.3390/jof6030153,europe_pmc,2020,,Copaifera paupera,5
pmid:32876175,32876175,10.1590/1519-6984.230533,pubmed,2021,Brazilian journal of biology = Revista brasleira de biologia,Psidium guajava,6
pmid:32878595,32878595,10.1080/13510002.2020.1804711,europe_pmc,2020,,Annona muricata,4
pmid:32882361,32882361,10.1016/j.jep.2020.113319,pubmed,2021,Journal of ethnopharmacology,Origanum vulgare,9
pmid:32885425,32885425,10.1111/1750-3841.15379,pubmed,2020,Journal of food science,Matricaria chamomilla,3
pmid:32885758,32885758,10.2174/1573406416666200904110828,pubmed,2021,Medicinal chemistry (Shariqah (United Arab Emirates)),Origanum vulgare,5
pmid:32887385,32887385,10.3390/polym12091995,europe_pmc,2020,,Plukenetia volubilis,4
pmid:32890859,32890859,10.1016/j.foodchem.2020.127942,pubmed,2021,Food chemistry,Plukenetia volubilis,3
pmid:32903386,32903386,10.3389/fnut.2020.00126,europe_pmc,2020,,Chenopodium quinoa,6
pmid:32914123,32914123,10.1016/j.crfs.2020.03.002,europe_pmc,2020,,Physalis peruviana,4
pmid:32920290,32920290,10.1016/j.phymed.2020.153327,pubmed,2020,Phytomedicine : international journal of phytotherapy and phytopharmacology,Uncaria tomentosa,8
pmid:32924222,32924222,10.1002/ptr.6833,pubmed,2021,Phytotherapy research : PTR,Aloe vera,4
pmid:32927742,32927742,10.3390/molecules25184144,europe_pmc,2020,,Malva sylvestris,5
pmid:32932847,32932847,10.3390/plants9091181,europe_pmc,2020,,Solanum tuberosum,6
pmid:32935904,32935904,10.1111/nmo.13986,europe_pmc,2021,,Opuntia ficus-indica,6
pmid:32937663,32937663,10.1055/a-1232-5705,pubmed,2020,Planta medica,Punica granatum,3
pmid:32938390,32938390,10.1186/s12870-020-02645-4,europe_pmc,2020,,Lepidium meyenii,5
pmid:32940189,32940189,10.2174/1871525718999200917114954,pubmed,2022,Cardiovascular & hematological agents in medicinal chemistry,Theobroma cacao,6
pmid:32941903,32941903,10.1016/j.ijbiomac.2020.09.075,pubmed,2020,International journal of biological macromolecules,Eucalyptus globulus; Schinus molle,4
pmid:32949077,32949077,10.1111/gcb.15354,pubmed,2020,Global change biology,Mauritia flexuosa,1
pmid:32950525,32950525,10.1016/j.ijbiomac.2020.09.062,pubmed,2020,International journal of biological macromolecules,Punica granatum,5
pmid:32951586,32951586,10.2174/1871520620666200918101448,europe_pmc,2021,,Annona muricata,10
pmid:32954451,32954451,10.1007/s11356-020-10774-4,pubmed,2021,Environmental science and pollution research international,Plantago major,2
pmid:32954489,32954489,10.1111/ijd.15178,pubmed,2020,International journal of dermatology,Passiflora edulis,5
pmid:32955007,32955007,10.2174/1871530320666200821155005,pubmed,2021,"Endocrine, metabolic & immune disorders drug targets",Lepidium meyenii,6
pmid:32957146,32957146,10.1055/a-1257-0887,europe_pmc,2021,,Tagetes minuta,6
pmid:32965339,32965339,10.1590/1519-6984.232270,pubmed,2021,Brazilian journal of biology = Revista brasleira de biologia,Chenopodium quinoa,4
pmid:32966695,32966695,10.1111/and.13823,pubmed,2020,Andrologia,Origanum vulgare,2
pmid:32971340,32971340,10.1016/j.phytochem.2020.112520,pubmed,2020,Phytochemistry,Eucalyptus globulus,3
pmid:32979264,32979264,10.1093/sysbio/syaa074,pubmed,2021,Systematic biology,Erythroxylum coca,6
pmid:32994001,32994001,10.1016/j.msec.2020.111024,pubmed,2020,"Materials science & engineering. C, Materials for biological applications",Morinda citrifolia,5
pmid:32994743,32994743,10.1016/j.sjbs.2020.07.003,europe_pmc,2020,,Opuntia ficus-indica,6
pmid:33006504,33006504,10.1089/jmf.2019.4678,europe_pmc,2020,,Opuntia ficus-indica,4
pmid:33007786,33007786,10.1055/a-1264-0572,pubmed,2021,Planta medica,Tropaeolum tuberosum,1
pmid:33011892,33011892,10.1007/s11033-020-05864-y,pubmed,2020,Molecular biology reports,Rosmarinus officinalis,3
pmid:33020355,33020355,10.5005/jp-journals-10024-2893,europe_pmc,2020,,Psidium guajava,6
pmid:33032250,33032250,10.1016/j.foodchem.2020.128247,pubmed,2021,Food chemistry,Bixa orellana; Psidium guajava,3
pmid:33034100,33034100,10.1002/ptr.6900,pubmed,2021,Phytotherapy research : PTR,Psidium guajava,3
pmid:33040298,33040298,10.1007/s11130-020-00863-7,pubmed,2020,"Plant foods for human nutrition (Dordrecht, Netherlands)",Punica granatum,4
pmid:33049342,33049342,10.1016/j.jep.2020.113464,pubmed,2021,Journal of ethnopharmacology,Plantago major,8
pmid:33049880,33049880,10.1016/j.carbpol.2020.116904,pubmed,2020,Carbohydrate polymers,Lepidium meyenii,5
pmid:33066751,33066751,10.1186/s12896-020-00649-4,pubmed,2020,BMC biotechnology,Mauritia flexuosa,5
pmid:33076047,33076047,10.1016/j.talanta.2020.121311,pubmed,2021,Talanta,Passiflora edulis,4
pmid:33076155,33076155,10.1016/j.talanta.2020.121635,pubmed,2021,Talanta,Lepidium meyenii,5
pmid:33081089,33081089,10.3390/foods9101476,europe_pmc,2020,,Sambucus peruviana,5
pmid:33084806,33084806,10.1590/0034-7167-2019-0815,pubmed,2020,Revista brasileira de enfermagem,Calendula officinalis,4
pmid:33088337,33088337,10.1186/s13007-020-00684-4,europe_pmc,2020,,Passiflora edulis,8
pmid:33091497,33091497,10.1016/j.jep.2020.113494,pubmed,2021,Journal of ethnopharmacology,Uncaria tomentosa,5
pmid:33096174,33096174,10.1016/j.ijbiomac.2020.10.123,pubmed,2020,International journal of biological macromolecules,Schinus molle,3
pmid:33098334,33098334,10.1111/pbi.13498,europe_pmc,2021,,Psidium guajava,4
pmid:33100212,33100212,10.2174/1871530320666201023125411,europe_pmc,2021,,Malva sylvestris,5
pmid:33101012,33101012,10.3389/fphar.2020.520486,europe_pmc,2020,,Malva sylvestris,5
pmid:33105821,33105821,10.3390/plants9111413,europe_pmc,2020,,Solanum tuberosum,6
pmid:33109243,33109243,10.1186/s13002-020-00417-w,pubmed,2020,Journal of ethnobiology and ethnomedicine,Punica granatum,6
pmid:33110367,33110367,10.3906/biy-2002-69,pubmed,2020,Turkish journal of biology = Turk biyoloji dergisi,Physalis peruviana,1
pmid:33119972,33119972,10.1002/dta.2955,pubmed,2021,Drug testing and analysis,Banisteriopsis caapi; Psychotria viridis,3
pmid:33121420,33121420,10.2174/1871520620666201029120147,pubmed,2022,Anti-cancer agents in medicinal chemistry,Origanum vulgare; Rosmarinus officinalis,7
pmid:33124008,33124008,10.1055/a-1266-6674,pubmed,2021,Planta medica,Bixa orellana,2
pmid:33125402,33125402,10.1371/journal.pone.0240889,pubmed,2020,PloS one,Chenopodium quinoa,5
pmid:33134128,33134128,10.1016/j.jtcme.2019.11.002,pubmed,2020,Journal of traditional and complementary medicine,Eucalyptus globulus,1
pmid:33156457,33156457,10.1007/s10495-020-01643-z,pubmed,2020,Apoptosis : an international journal on programmed cell death,Caesalpinia spinosa,4
pmid:33162346,33162346,10.1016/j.intimp.2020.107117,europe_pmc,2021,,Bixa orellana,4
pmid:33164294,33164294,10.1002/ptr.6935,pubmed,2021,Phytotherapy research : PTR,Aloe vera,8
pmid:33181163,33181163,10.1016/j.toxicon.2020.10.028,pubmed,2021,Toxicon : official journal of the International Society on Toxinology,Rosmarinus officinalis,4
pmid:33182564,33182564,10.3390/nu12113439,europe_pmc,2020,,Morinda citrifolia,6
pmid:33195844,33195844,10.1016/j.heliyon.2020.e05413,europe_pmc,2020,,Annona muricata,5
pmid:33197440,33197440,10.1016/j.exppara.2020.108043,pubmed,2021,Experimental parasitology,Argemone mexicana,3
pmid:33200287,33200287,10.1007/s11418-020-01458-x,pubmed,2021,Journal of natural medicines,Physalis peruviana,4
pmid:33212200,33212200,10.1016/j.micpath.2020.104620,pubmed,2021,Microbial pathogenesis,Rosmarinus officinalis,8
pmid:33213344,33213344,10.2174/1389557520666201119122608,pubmed,2021,Mini reviews in medicinal chemistry,Aloe vera,5
pmid:33225956,33225956,10.1186/s13002-020-00415-y,pubmed,2020,Journal of ethnobiology and ethnomedicine,Origanum vulgare; Plantago major,10
pmid:33231270,33231270,10.1055/a-1298-4706,pubmed,2021,Planta medica,Perezia multiflora,1
pmid:33233181,33233181,10.1016/j.foodres.2020.109563,pubmed,2020,"Food research international (Ottawa, Ont.)",Myrciaria dubia,6
pmid:33233186,33233186,10.1016/j.foodres.2020.109574,pubmed,2020,"Food research international (Ottawa, Ont.)",Chenopodium quinoa,4
pmid:33233209,33233209,10.1016/j.foodres.2020.109621,pubmed,2020,"Food research international (Ottawa, Ont.)",Prosopis pallida,4
pmid:33233279,33233279,10.1016/j.foodres.2020.109705,pubmed,2020,"Food research international (Ottawa, Ont.)",Smallanthus sonchifolius,5
pmid:33235240,33235240,10.1038/s41598-020-77177-w,europe_pmc,2020,,Plukenetia volubilis,5
pmid:33237148,33237148,10.1590/0001-3765202020200562,pubmed,2020,Anais da Academia Brasileira de Ciencias,Schinus molle,5
pmid:33242619,33242619,10.1016/j.jep.2020.113603,europe_pmc,2021,,Tagetes minuta,7
pmid:33248183,33248183,10.1016/j.jep.2020.113626,pubmed,2021,Journal of ethnopharmacology,Matricaria chamomilla; Punica granatum,9
pmid:33273600,33273600,10.1038/s41598-020-78237-x,pubmed,2020,Scientific reports,Solanum tuberosum,5
pmid:33277212,33277212,10.1016/j.sxmr.2020.10.005,pubmed,2021,Sexual medicine reviews,Lepidium meyenii,7
pmid:33282247,33282247,10.1002/fsn3.1880,europe_pmc,2020,,Smallanthus sonchifolius,4
pmid:33288191,33288191,10.1016/j.foodres.2020.109819,pubmed,2020,"Food research international (Ottawa, Ont.)",Lepidium meyenii,3
pmid:33295549,33295549,10.17843/rpmesp.2020.373.5157,pubmed,2020,Revista peruana de medicina experimental y salud publica,Piper aduncum,5
pmid:33295550,33295550,10.17843/rpmesp.2020.373.5275,pubmed,2020,Revista peruana de medicina experimental y salud publica,Smallanthus sonchifolius,6
pmid:33302945,33302945,10.1186/s12906-020-03130-z,pubmed,2020,BMC complementary medicine and therapies,Annona muricata,7
pmid:33304106,33304106,10.2147/cmar.s278647,europe_pmc,2020,,Annona muricata,6
pmid:33308280,33308280,10.1186/s13065-020-00726-x,pubmed,2020,BMC chemistry,Plantago major,4
pmid:33314357,33314357,10.1002/pca.3018,pubmed,2021,Phytochemical analysis : PCA,Matricaria chamomilla,8
pmid:33336991,33336991,10.1111/1541-4337.12456,pubmed,2019,Comprehensive reviews in food science and food safety,Morinda citrifolia,5
pmid:33340139,33340139,10.1111/jfbc.13583,pubmed,2021,Journal of food biochemistry,Mauritia flexuosa,4
pmid:33342779,33342779,10.4103/jcrt.JCRT_494_19,pubmed,2020,Journal of cancer research and therapeutics,Annona muricata,6
pmid:33344682,33344682,10.30476/DENTJODS.2020.83660.1056,pubmed,2020,"Journal of dentistry (Shiraz, Iran)",Calendula officinalis,3
pmid:33347638,33347638,10.1002/pros.24094,pubmed,2021,The Prostate,Amaranthus caudatus,9
pmid:33350269,33350269,10.19540/j.cnki.cjcmm.20200617.201,pubmed,2020,Zhongguo Zhong yao za zhi = Zhongguo zhongyao zazhi = China journal of Chinese materia medica,Lepidium meyenii,6
pmid:33356839,33356839,10.1080/15592324.2020.1865687,europe_pmc,2021,,Morinda citrifolia,6
pmid:3335942,3335942,10.1093/jn/118.1.78,pubmed,1988,The Journal of nutrition,Amaranthus caudatus,5
pmid:33366564,33366564,10.1080/23802359.2019.1703586,europe_pmc,2020,,Morinda citrifolia,3
pmid:33374575,33374575,10.3390/molecules26010024,europe_pmc,2020,,Calendula officinalis,5
pmid:33380281,33380281,10.1080/19932820.2020.1846862,europe_pmc,2021,,Annona muricata,9
pmid:33383112,33383112,10.1016/j.jep.2020.113760,pubmed,2021,Journal of ethnopharmacology,Aloe vera,5
pmid:33389348,33389348,10.1007/s10493-020-00578-z,pubmed,2021,Experimental & applied acarology,Eucalyptus globulus,5
pmid:33390130,33390130,10.2174/1389450121999201230204526,pubmed,2021,Current drug targets,Aloe vera; Annona muricata,6
pmid:33394514,33394514,10.1111/mve.12507,pubmed,2021,Medical and veterinary entomology,Mauritia flexuosa,4
pmid:33396926,33396926,10.3390/biom11010042,europe_pmc,2020,,Carica papaya,4
pmid:33400153,33400153,10.1007/s12011-020-02555-4,europe_pmc,2021,,Opuntia ficus-indica,5
pmid:33405109,33405109,10.1007/s11356-020-11800-1,pubmed,2021,Environmental science and pollution research international,Physalis peruviana,6
pmid:33413514,33413514,10.1186/s13002-020-00430-z,pubmed,2021,Journal of ethnobiology and ethnomedicine,Mauritia flexuosa,8
pmid:33419990,33419990,10.1038/s41438-020-00455-1,europe_pmc,2021,,Passiflora edulis,6
pmid:33420740,33420740,10.1002/jsfa.11057,pubmed,2021,Journal of the science of food and agriculture,Bixa orellana; Psidium guajava,4
pmid:33421604,33421604,10.1016/j.jep.2021.113795,pubmed,2021,Journal of ethnopharmacology,Taraxacum officinale,10
pmid:33425263,33425263,10.22088/cjim.11.0.466,pubmed,2020,Caspian journal of internal medicine,Punica granatum,6
pmid:33430757,33430757,10.2174/1874467214999210111222233,pubmed,2021,Current molecular pharmacology,Chenopodium quinoa,5
pmid:33430841,33430841,10.1186/s12887-020-02490-2,europe_pmc,2021,,Malva sylvestris; Plantago major,5
pmid:33434853,33434853,10.1016/j.biopha.2021.111230,pubmed,2021,Biomedicine & pharmacotherapy = Biomedecine & pharmacotherapie,Matricaria chamomilla,6
pmid:33435419,33435419,10.3390/molecules26020317,europe_pmc,2021,,Punica granatum,6
pmid:33438805,33438805,10.1002/bab.2106,pubmed,2022,Biotechnology and applied biochemistry,Matricaria chamomilla,3
pmid:33440883,33440883,10.3390/plants10010135,europe_pmc,2021,,Malva sylvestris,7
pmid:33443619,33443619,10.1186/s43141-020-00113-y,pubmed,2021,"Journal, genetic engineering & biotechnology",Argemone mexicana,5
pmid:33444719,33444719,10.1016/j.jep.2021.113813,europe_pmc,2021,,Annona muricata,7
pmid:33448940,33448940,,pubmed,2021,Wound management & prevention,Plantago major,7
pmid:33449516,33449516,10.17306/j.afs.0859,europe_pmc,2021,,Chenopodium quinoa,7
pmid:33456002,33456002,10.5650/jos.ess20157,pubmed,2021,Journal of oleo science,Amaranthus caudatus,4
pmid:33457167,33457167,10.1007/s13205-020-02566-x,europe_pmc,2021,,Bixa orellana,4
pmid:33458156,33458156,10.1080/23802359.2020.1820394,europe_pmc,2020,,Annona muricata,4
pmid:33460757,33460757,10.1016/j.jep.2021.113841,pubmed,2021,Journal of ethnopharmacology,Rosmarinus officinalis,8
pmid:33463105,33463105,10.18502/ijaai.v19i4.4113,pubmed,2020,"Iranian journal of allergy, asthma, and immunology",Plantago major,5
pmid:33465843,33465843,10.29252/ibj.25.2.106,pubmed,2021,Iranian biomedical journal,Plantago major,6
pmid:33473318,33473318,10.1002/fsn3.2027,europe_pmc,2021,,Chenopodium quinoa,5
pmid:33475054,33475054,10.2174/0929867328666210121123037,pubmed,2021,Current medicinal chemistry,Aloe vera,8
pmid:33477455,33477455,10.3390/antibiotics10010086,europe_pmc,2021,,Morinda citrifolia,4
pmid:33485984,33485984,10.1016/j.jep.2021.113872,pubmed,2021,Journal of ethnopharmacology,Lepidium meyenii,8
pmid:33486566,33486566,10.1007/s00109-021-02041-x,pubmed,2021,"Journal of molecular medicine (Berlin, Germany)",Uncaria tomentosa,5
pmid:33488751,33488751,10.1155/2020/8833828,europe_pmc,2020,,Annona muricata,6
pmid:33503488,33503488,10.1016/j.semcancer.2021.01.006,pubmed,2021,Seminars in cancer biology,Punica granatum,7
pmid:33508264,33508264,10.1016/j.cryobiol.2021.01.016,pubmed,2021,Cryobiology,Aloe vera,3
pmid:33509446,33509446,10.1016/j.foodres.2020.109796,pubmed,2021,"Food research international (Ottawa, Ont.)",Passiflora edulis,6
pmid:33509454,33509454,10.1016/j.foodres.2020.109815,pubmed,2021,"Food research international (Ottawa, Ont.)",Rosmarinus officinalis,5
pmid:33510593,33510593,10.17179/excli2020-3011,pubmed,2021,EXCLI journal,Punica granatum,1
pmid:33511200,33511200,10.1155/2021/8871301,europe_pmc,2021,,Passiflora edulis; Passiflora ligularis,4
pmid:33515685,33515685,10.1016/j.jep.2021.113877,pubmed,2021,Journal of ethnopharmacology,Punica granatum,7
pmid:33521261,33521261,10.1080/23802359.2020.1845107,europe_pmc,2021,,Chenopodium quinoa,4
pmid:33523360,33523360,10.1007/s11130-021-00880-0,pubmed,2021,"Plant foods for human nutrition (Dordrecht, Netherlands)",Lupinus mutabilis,5
pmid:33527713,33527713,10.1002/cbdv.202000790,pubmed,2021,Chemistry & biodiversity,Argemone mexicana,5
pmid:33537009,33537009,10.3389/fmicb.2020.593915,europe_pmc,2020,,Physalis peruviana,6
pmid:33537051,33537051,10.3389/fpls.2020.621740,europe_pmc,2020,,Physalis peruviana,6
pmid:33546151,33546151,10.3390/nano11020384,europe_pmc,2021,,Annona muricata,6
pmid:33548748,33548748,10.1016/j.ctcp.2021.101325,pubmed,2021,Complementary therapies in clinical practice,Plantago major,4
pmid:33556790,33556790,10.1016/j.jenvrad.2021.106544,pubmed,2021,Journal of environmental radioactivity,Plantago major,7
pmid:33556811,33556811,10.1016/j.ecoenv.2021.112009,pubmed,2021,Ecotoxicology and environmental safety,Tessaria integrifolia,2
pmid:33563356,33563356,10.1017/S0967199420000751,pubmed,2021,"Zygote (Cambridge, England)",Lepidium meyenii,4
pmid:33567756,33567756,10.3390/ijms22041708,pubmed,2021,International journal of molecular sciences,Aloe vera,4
pmid:33569882,33569882,10.1111/1755-0998.13353,europe_pmc,2021,,Annona muricata,6
pmid:33572477,33572477,10.3390/ani11020462,europe_pmc,2021,,Malva sylvestris,4
pmid:33589649,33589649,10.1038/s41598-020-79275-1,europe_pmc,2021,,Uncaria tomentosa,18
pmid:33597473,33597473,,pubmed,2019,Tropical biomedicine,Amaranthus caudatus,4
pmid:33625626,33625626,10.1007/s10493-021-00601-x,pubmed,2021,Experimental & applied acarology,Schinus molle,5
pmid:33629672,33629672,10.1039/d0fo03166f,pubmed,2021,Food & function,Origanum vulgare,5
pmid:33633307,33633307,10.1038/s41598-021-84207-8,pubmed,2021,Scientific reports,Physalis peruviana,4
pmid:33635473,33635473,10.1007/s10787-021-00791-1,pubmed,2021,Inflammopharmacology,Schinus molle,3
pmid:33646462,33646462,10.1186/s13568-021-01194-9,pubmed,2021,AMB Express,Psidium guajava,5
pmid:33660226,33660226,10.1007/s12029-021-00601-5,pubmed,2022,Journal of gastrointestinal cancer,Eucalyptus globulus,5
pmid:33670538,33670538,10.3390/nano11020514,pubmed,2021,"Nanomaterials (Basel, Switzerland)",Aloe vera,3
pmid:33671458,33671458,10.3390/ma14040950,europe_pmc,2021,,Calendula officinalis,5
pmid:33671519,33671519,10.3390/plants10020407,europe_pmc,2021,,Chenopodium quinoa,4
pmid:33672994,33672994,10.3390/plants10020368,europe_pmc,2021,,Opuntia ficus-indica,5
pmid:33683253,33683253,10.1039/d0fo03433a,pubmed,2021,Food & function,Calendula officinalis; Taraxacum officinale,4
pmid:33709442,33709442,10.1002/jsfa.11214,pubmed,2022,Journal of the science of food and agriculture,Chenopodium quinoa,7
pmid:33709449,33709449,10.1111/jfbc.13684,pubmed,2021,Journal of food biochemistry,Punica granatum,6
pmid:33713760,33713760,10.1016/j.ijpharm.2021.120444,pubmed,2021,International journal of pharmaceutics,Passiflora edulis,5
pmid:33716084,33716084,10.1016/j.jep.2021.114019,europe_pmc,2021,,Annona muricata,9
pmid:33729250,33729250,10.1039/d1fo00383f,europe_pmc,2021,,Lepidium meyenii,5
pmid:33732682,33732682,10.3389/fchem.2020.624716,europe_pmc,2020,,Annona muricata,5
pmid:33734250,33734250,10.1039/d0fo03402a,europe_pmc,2021,,Morinda citrifolia,6
pmid:33735184,33735184,10.1371/journal.pone.0248787,pubmed,2021,PloS one,Solanum tuberosum,6
pmid:33737146,33737146,10.1016/j.ctim.2021.102711,pubmed,2021,Complementary therapies in medicine,Aloe vera,6
pmid:33742040,33742040,10.1038/s41598-021-85609-4,pubmed,2021,Scientific reports,Bixa orellana; Tagetes minuta,4
pmid:33743449,33743449,10.1016/j.foodchem.2021.129473,europe_pmc,2021,,Chenopodium quinoa,4
pmid:33743778,33743778,10.1186/s13002-021-00435-2,pubmed,2021,Journal of ethnobiology and ethnomedicine,Punica granatum; Taraxacum officinale,7
pmid:33746411,33746411,10.1007/s12639-020-01302-9,europe_pmc,2021,,Tagetes minuta,5
pmid:3375337,3375337,10.1055/s-2006-962334,pubmed,1988,Planta medica,Mutisia acuminata,1
pmid:33756739,33756739,10.11646/zootaxa.4926.3.3,pubmed,2021,Zootaxa,Minthostachys mollis,4
pmid:33767686,33767686,10.3389/fmicb.2021.647920,europe_pmc,2021,,Schinus molle,6
pmid:33772554,33772554,10.1093/jpp/rgab046,pubmed,2021,The Journal of pharmacy and pharmacology,Passiflora edulis,7
pmid:33792719,33792719,10.1093/plcell/koab100,pubmed,2021,The Plant cell,Solanum tuberosum,4
pmid:33799191,33799191,10.1016/j.phytochem.2021.112746,pubmed,2021,Phytochemistry,Psidium guajava,3
pmid:33803330,33803330,10.3390/molecules26051489,europe_pmc,2021,,Carica papaya,5
pmid:33808595,33808595,10.3390/foods10030651,europe_pmc,2021,,Chenopodium quinoa,5
pmid:33809556,33809556,10.3390/ph14030269,europe_pmc,2021,,Punica granatum,5
pmid:33818024,33818024,10.1515/jcim-2019-0091,europe_pmc,2021,,Annona muricata,4
pmid:33818718,33818718,10.1007/s11686-021-00354-y,pubmed,2021,Acta parasitologica,Theobroma cacao,4
pmid:33820524,33820524,10.2174/1871520621666210405093236,pubmed,2022,Anti-cancer agents in medicinal chemistry,Aloe vera; Calendula officinalis; Matricaria chamomilla,10
pmid:33825089,33825089,10.1007/s11130-021-00891-x,pubmed,2021,"Plant foods for human nutrition (Dordrecht, Netherlands)",Passiflora edulis,4
pmid:33826680,33826680,10.1371/journal.pone.0249704,pubmed,2021,PloS one,Argemone mexicana,6
pmid:33826743,33826743,10.1093/plphys/kiab158,pubmed,2021,Plant physiology,Chenopodium quinoa,5
pmid:33839199,33839199,10.1016/j.jep.2021.114108,pubmed,2021,Journal of ethnopharmacology,Aloe vera,9
pmid:33843009,33843009,10.1007/s10561-021-09923-x,pubmed,2022,Cell and tissue banking,Psidium guajava,5
pmid:33848547,33848547,10.1016/j.ijbiomac.2021.04.039,pubmed,2021,International journal of biological macromolecules,Oxalis tuberosa; Tropaeolum tuberosum; Ullucus tuberosus,4
pmid:33860262,33860262,10.21307/jofnem-2021-041,europe_pmc,2021,,Calendula officinalis,3
pmid:33863613,33863613,10.1016/j.wem.2021.01.003,pubmed,2021,Wilderness & environmental medicine,Lupinus mutabilis,3
pmid:33865080,33865080,10.1016/j.ctcp.2021.101391,pubmed,2021,Complementary therapies in clinical practice,Rosmarinus officinalis,5
pmid:33876796,33876796,10.1039/d0fo02965c,pubmed,2021,Food & function,Passiflora edulis,4
pmid:33879441,33879441,,pubmed,2020,Pakistan journal of pharmaceutical sciences,Matricaria chamomilla,5
pmid:33888947,33888947,10.4103/jisp.jisp_58_20,europe_pmc,2021,,Morinda citrifolia,5
pmid:33895929,33895929,10.1134/S1607672921020162,pubmed,2021,Doklady. Biochemistry and biophysics,Punica granatum,4
pmid:33908983,33908983,10.1039/d1fo00509j,pubmed,2021,Food & function,Annona muricata,5
pmid:33910616,33910616,10.1186/s13002-021-00438-z,pubmed,2021,Journal of ethnobiology and ethnomedicine,Calendula officinalis,10
pmid:33916998,33916998,10.3390/plants10040714,europe_pmc,2021,,Chenopodium quinoa,6
pmid:33921404,33921404,10.3390/pharmaceutics13040535,europe_pmc,2021,,Physalis peruviana,4
pmid:33935566,33935566,10.1016/j.sjbs.2021.01.014,europe_pmc,2021,,Annona muricata,4
pmid:33944775,33944775,10.1051/parasite/2021040,pubmed,2021,"Parasite (Paris, France)",Piper aduncum,4
pmid:33945874,33945874,10.1016/j.fitote.2021.104916,pubmed,2021,Fitoterapia,Lepidium meyenii,5
pmid:33946973,33946973,10.3390/molecules26092604,europe_pmc,2021,,Morinda citrifolia,4
pmid:33950151,33950151,10.1590/0001-3765202120190366,pubmed,2021,Anais da Academia Brasileira de Ciencias,Rosmarinus officinalis,4
pmid:33956271,33956271,10.1007/s11248-021-00255-w,pubmed,2021,Transgenic research,Tropaeolum tuberosum,6
pmid:33966255,33966255,10.1007/s40199-021-00392-x,pubmed,2021,"Daru : journal of Faculty of Pharmacy, Tehran University of Medical Sciences",Matricaria chamomilla; Punica granatum,7
pmid:33966619,33966619,10.2174/1568026621666210509161059,pubmed,2021,Current topics in medicinal chemistry,Aloe vera; Rosmarinus officinalis,5
pmid:33976317,33976317,10.1038/s41598-021-89437-4,pubmed,2021,Scientific reports,Punica granatum; Rosmarinus officinalis,7
pmid:33981215,33981215,10.3389/fphar.2021.610912,europe_pmc,2021,,Carica papaya,7
pmid:33988743,33988743,10.1007/s00520-021-06247-0,pubmed,2021,Supportive care in cancer : official journal of the Multinational Association of Supportive Care in Cancer,Calendula officinalis; Matricaria chamomilla,7
pmid:33989882,33989882,10.1016/j.foodchem.2021.129951,pubmed,2021,Food chemistry,Chenopodium pallidicaule,4
pmid:34027178,34027178,10.1016/j.heliyon.2021.e06976,europe_pmc,2021,,Annona muricata,6
pmid:34029354,34029354,10.1371/journal.pone.0252029,pubmed,2021,PloS one,Theobroma cacao,4
pmid:34031820,34031820,10.1007/s11356-021-14439-8,pubmed,2022,Environmental science and pollution research international,Matricaria chamomilla; Origanum vulgare; Rosmarinus officinalis,6
pmid:34047099,34047099,10.19540/j.cnki.cjcmm.20210224.601,pubmed,2021,Zhongguo Zhong yao za zhi = Zhongguo zhongyao zazhi = China journal of Chinese materia medica,Morinda citrifolia,4
pmid:34050388,34050388,10.1007/s00216-021-03400-w,pubmed,2021,Analytical and bioanalytical chemistry,Matricaria chamomilla,5
pmid:34051617,34051617,10.1016/j.biopha.2021.111764,pubmed,2021,Biomedicine & pharmacotherapy = Biomedecine & pharmacotherapie,Theobroma cacao,5
pmid:34058537,34058537,10.1016/j.jpba.2021.114167,pubmed,2021,Journal of pharmaceutical and biomedical analysis,Eucalyptus globulus,5
pmid:34060770,34060770,10.1097/JAN.0000000000000405,pubmed,,Journal of addictions nursing,Banisteriopsis caapi; Psychotria viridis,4
pmid:34062080,34062080,10.33549/physiolres.934675,europe_pmc,2021,,Calendula officinalis,6
pmid:34067240,34067240,10.3390/ijerph18115538,europe_pmc,2021,,Bixa orellana,5
pmid:34067251,34067251,10.3390/polym13111689,europe_pmc,2021,,Aloe vera; Opuntia ficus-indica,4
pmid:34071242,34071242,10.3390/ijms22115765,europe_pmc,2021,,Passiflora edulis,5
pmid:34075841,34075841,10.1177/03915603211022285,pubmed,2022,Urologia,Annona muricata,5
pmid:34077571,34077571,10.1111/mve.12533,pubmed,2021,Medical and veterinary entomology,Piper aduncum,1
pmid:34087032,34087032,10.1002/cbdv.202100231,pubmed,2021,Chemistry & biodiversity,Lepidium meyenii,3
pmid:34089696,34089696,10.1016/j.actatropica.2021.105992,pubmed,2021,Acta tropica,Rosmarinus officinalis,6
pmid:34092047,34092047,10.1515/bmc-2021-0005,pubmed,2021,Biomolecular concepts,Passiflora ligularis,1
pmid:34098980,34098980,10.1186/s12970-021-00444-2,europe_pmc,2021,,Opuntia ficus-indica,5
pmid:34107278,34107278,10.1016/j.brainres.2021.147557,pubmed,2021,Brain research,Bixa orellana,6
pmid:34107973,34107973,10.1186/s13007-021-00760-3,pubmed,2021,Plant methods,Taraxacum officinale,6
pmid:34123597,34123597,10.7717/peerj.11507,europe_pmc,2021,,Morinda citrifolia,5
pmid:34133559,34133559,10.1590/1519-6984.240184,pubmed,2021,Brazilian journal of biology = Revista brasleira de biologia,Lepidium meyenii,4
pmid:34135583,34135583,10.2147/ijn.s299696,europe_pmc,2021,,Opuntia ficus-indica,5
pmid:34136157,34136157,10.1002/fsn3.2246,europe_pmc,2021,,Lepidium meyenii,5
pmid:34139444,34139444,10.1016/j.chemosphere.2021.131193,pubmed,2021,Chemosphere,Punica granatum,3
pmid:34149785,34149785,10.3389/fpls.2021.685864,europe_pmc,2021,,Piper aduncum,6
pmid:34153675,34153675,10.1016/j.foodchem.2021.130360,pubmed,2021,Food chemistry,Solanum tuberosum,4
pmid:34157336,34157336,10.1016/j.virusres.2021.198487,pubmed,2021,Virus research,Solanum tuberosum,4
pmid:34159564,34159564,10.1007/s12033-021-00358-z,pubmed,2021,Molecular biotechnology,Morinda citrifolia,5
pmid:34174506,34174506,10.1016/j.biopha.2021.111842,pubmed,2021,Biomedicine & pharmacotherapy = Biomedecine & pharmacotherapie,Uncaria tomentosa,6
pmid:34182054,34182054,10.1016/j.fitote.2021.104982,pubmed,2021,Fitoterapia,Rosmarinus officinalis,3
pmid:34186480,34186480,10.1016/j.foodchem.2021.130453,pubmed,2021,Food chemistry,Lepidium meyenii,4
pmid:34191123,34191123,10.1007/s00709-021-01663-9,pubmed,2022,Protoplasma,Plantago major,6
pmid:34198128,34198128,10.1016/j.ultsonch.2021.105654,pubmed,2021,Ultrasonics sonochemistry,Eucalyptus globulus,4
pmid:34237567,34237567,10.1016/j.foodchem.2021.130506,pubmed,2021,Food chemistry,Origanum vulgare,4
pmid:34242481,34242481,10.1002/cbdv.202100242,pubmed,2021,Chemistry & biodiversity,Eucalyptus globulus,5
pmid:34242970,34242970,10.1016/j.phytochem.2021.112863,pubmed,2021,Phytochemistry,Lepidium meyenii,5
pmid:34250777,34250777,10.24425/pjvs.2021.137659,pubmed,2021,Polish journal of veterinary sciences,Taraxacum officinale,6
pmid:34265576,34265576,10.1016/j.ctcp.2021.101444,pubmed,2021,Complementary therapies in clinical practice,Plantago major,4
pmid:34271054,34271054,10.1016/j.jbiotec.2021.07.007,pubmed,2021,Journal of biotechnology,Bixa orellana,5
pmid:34279395,34279395,10.3390/molecules26134055,europe_pmc,2021,,Origanum vulgare,4
pmid:34282251,34282251,10.1038/s41598-021-94287-1,pubmed,2021,Scientific reports,Chenopodium quinoa,3
pmid:34285685,34285685,,europe_pmc,2021,,Annona muricata,6
pmid:34289769,34289769,10.1080/10408398.2021.1945531,europe_pmc,2023,,Psidium guajava,4
pmid:34303804,34303804,10.1016/j.jep.2021.114445,pubmed,2021,Journal of ethnopharmacology,Aloe vera,7
pmid:34313385,34313385,10.1002/ps.6578,pubmed,2021,Pest management science,Lupinus mutabilis,6
pmid:34314073,34314073,10.1002/ptr.7207,pubmed,2021,Phytotherapy research : PTR,Eucalyptus globulus,2
pmid:34315399,34315399,10.2174/1871520621666210726143553,pubmed,2022,Anti-cancer agents in medicinal chemistry,Punica granatum,5
pmid:34330692,34330692,10.1016/j.acuroe.2021.06.003,europe_pmc,2021,,Malva sylvestris,6
pmid:34338308,34338308,10.1111/jfbc.13885,pubmed,2022,Journal of food biochemistry,Passiflora edulis,6
pmid:34344056,34344056,10.1055/a-1385-8863,pubmed,2022,Planta medica,Passiflora edulis,1
pmid:34352469,34352469,10.1016/j.micron.2021.103125,europe_pmc,2021,,Tagetes minuta,4
pmid:34354537,34354537,10.5458/jag.jag.jag-2020_0008,europe_pmc,2020,,Lepidium meyenii,5
pmid:34355443,34355443,10.1002/ptr.7219,pubmed,2021,Phytotherapy research : PTR,Aloe vera,5
pmid:34359507,34359507,10.3390/foods10071638,europe_pmc,2021,,Morinda citrifolia,6
pmid:34363561,34363561,10.1007/s11130-021-00914-7,pubmed,2021,"Plant foods for human nutrition (Dordrecht, Netherlands)",Opuntia ficus-indica,4
pmid:34365519,34365519,10.1007/s00122-021-03915-x,pubmed,2021,TAG. Theoretical and applied genetics. Theoretische und angewandte Genetik,Chenopodium quinoa,6
pmid:34371571,34371571,10.3390/plants10071368,europe_pmc,2021,,Eucalyptus globulus; Rosmarinus officinalis; Schinus molle,7
pmid:34378661,34378661,10.1590/1519-6984.244551,pubmed,2021,Brazilian journal of biology = Revista brasleira de biologia,Origanum vulgare,4
pmid:34385108,34385108,10.1016/j.biopha.2021.111948,pubmed,2021,Biomedicine & pharmacotherapy = Biomedecine & pharmacotherapie,Physalis peruviana,5
pmid:34387170,34387170,10.2174/1871525719666210812094837,pubmed,2022,Cardiovascular & hematological agents in medicinal chemistry,Chenopodium quinoa,5
pmid:34387174,34387174,10.2174/1871529X21666210812111931,pubmed,2021,Cardiovascular & hematological disorders drug targets,Aloe vera; Rosmarinus officinalis,7
pmid:34388293,34388293,10.1002/cbdv.202100399,pubmed,2021,Chemistry & biodiversity,Punica granatum,4
pmid:34390288,34390288,10.1002/ptr.6989,pubmed,2021,Phytotherapy research : PTR,Punica granatum,3
pmid:34396839,34396839,10.1080/14786419.2021.1963245,pubmed,2023,Natural product research,Psidium guajava,1
pmid:34399515,34399515,10.1016/j.foodres.2021.110538,pubmed,2021,"Food research international (Ottawa, Ont.)",Psidium guajava,2
pmid:34400334,34400334,10.1016/j.fsi.2021.08.006,pubmed,2021,Fish & shellfish immunology,Psidium guajava,5
pmid:34414576,34414576,10.1111/jfbc.13904,pubmed,2021,Journal of food biochemistry,Punica granatum,4
pmid:34425472,34425472,10.1016/j.phymed.2021.153691,pubmed,2021,Phytomedicine : international journal of phytotherapy and phytopharmacology,Calendula officinalis,8
pmid:34427371,34427371,10.1002/ptr.7242,pubmed,2021,Phytotherapy research : PTR,Aloe vera,5
pmid:34434245,34434245,10.1155/2021/5548404,europe_pmc,2021,,Malva sylvestris,3
pmid:34436222,34436222,10.3390/medicines8080043,europe_pmc,2021,,Morinda citrifolia,4
pmid:34436599,34436599,10.1093/jpp/rgab117,pubmed,2021,The Journal of pharmacy and pharmacology,Passiflora edulis,6
pmid:34438036,34438036,10.1016/j.jep.2021.114556,pubmed,2021,Journal of ethnopharmacology,Aloe vera,8
pmid:34438272,34438272,10.1016/j.ecoenv.2021.112674,pubmed,2021,Ecotoxicology and environmental safety,Uncaria tomentosa,4
pmid:34443522,34443522,10.3390/molecules26164934,europe_pmc,2021,,Lepidium meyenii,3
pmid:34450149,34450149,10.1016/j.ijbiomac.2021.08.155,pubmed,2021,International journal of biological macromolecules,Lepidium meyenii,4
pmid:34459555,34459555,10.1002/mbo3.1226,pubmed,2021,MicrobiologyOpen,Passiflora edulis,5
pmid:34466524,34466524,10.31661/gmj.v8i0.1532,europe_pmc,2019,,Tagetes minuta,5
pmid:34467704,34467704,10.19540/j.cnki.cjcmm.20210317.601,pubmed,2021,Zhongguo Zhong yao za zhi = Zhongguo zhongyao zazhi = China journal of Chinese materia medica,Ilex guayusa,5
pmid:34471716,34471716,10.1016/j.heliyon.2021.e07849,europe_pmc,2021,,Carica papaya,7
pmid:34472263,34472263,10.19540/j.cnki.cjcmm.20210517.202,pubmed,2021,Zhongguo Zhong yao za zhi = Zhongguo zhongyao zazhi = China journal of Chinese materia medica,Psidium guajava,4
pmid:34476635,34476635,10.1007/s10653-021-01082-y,pubmed,2023,Environmental geochemistry and health,Chenopodium quinoa,4
pmid:34498426,34498426,10.1002/cre2.485,pubmed,2022,Clinical and experimental dental research,Ilex guayusa,6
pmid:34530182,34530182,10.1016/j.ctcp.2021.101482,pubmed,2021,Complementary therapies in clinical practice,Cinchona officinalis,6
pmid:34533247,34533247,10.1002/ptr.7257,pubmed,2021,Phytotherapy research : PTR,Lepidium meyenii,5
pmid:34536126,34536126,10.1007/s00705-021-05230-8,pubmed,2021,Archives of virology,Psychotria viridis,5
pmid:34550291,34550291,10.1590/1519-6984.249209,pubmed,2021,Brazilian journal of biology = Revista brasleira de biologia,Aloe vera,9
pmid:34563809,34563809,10.1016/j.dsx.2021.102292,pubmed,2021,Diabetes & metabolic syndrome,Aloe vera,3
pmid:34567146,34567146,10.22037/ijpr.2020.112485.13788,europe_pmc,2021,,Annona muricata,5
pmid:34579001,34579001,10.3390/nu13093125,europe_pmc,2021,,Physalis peruviana,6
pmid:34579320,34579320,10.3390/plants10091788,europe_pmc,2021,,Chenopodium quinoa,4
pmid:34579464,34579464,10.3390/plants10091933,europe_pmc,2021,,Chenopodium quinoa,5
pmid:34581915,34581915,10.1007/s11130-021-00921-8,pubmed,2021,"Plant foods for human nutrition (Dordrecht, Netherlands)",Passiflora edulis,5
pmid:34585449,34585449,10.1002/ptr.7287,pubmed,2021,Phytotherapy research : PTR,Lepidium meyenii,4
pmid:34606547,34606547,10.1039/d1fo01720a,europe_pmc,2021,,Lepidium meyenii,6
pmid:34622044,34622044,10.1016/j.heliyon.2021.e08016,europe_pmc,2021,,Opuntia ficus-indica,5
pmid:34626933,34626933,10.1016/j.biopha.2021.112263,pubmed,2021,Biomedicine & pharmacotherapy = Biomedecine & pharmacotherapie,Annona muricata,3
pmid:34629784,34629784,10.1007/s12298-021-01058-3,europe_pmc,2021,,Physalis peruviana,5
pmid:34649030,34649030,10.1016/j.foodchem.2021.131273,pubmed,2022,Food chemistry,Mauritia flexuosa,3
pmid:34649364,34649364,10.1016/j.biopha.2021.112248,pubmed,2021,Biomedicine & pharmacotherapy = Biomedecine & pharmacotherapie,Tropaeolum tuberosum,3
pmid:34656668,34656668,10.1016/j.jep.2021.114746,pubmed,2022,Journal of ethnopharmacology,Psidium guajava,7
pmid:34659338,34659338,10.3389/fgene.2021.714575,europe_pmc,2021,,Solanum tuberosum,5
pmid:34659429,34659429,10.1155/2021/2599191,europe_pmc,2021,,Carica papaya,7
pmid:34664164,34664164,10.1007/s11356-021-16696-z,pubmed,2022,Environmental science and pollution research international,Argemone mexicana,3
pmid:34665433,34665433,10.1007/s11130-021-00927-2,europe_pmc,2021,,Opuntia ficus-indica,4
pmid:34667500,34667500,10.4317/jced.58567,europe_pmc,2021,,Malva sylvestris,6
pmid:34668149,34668149,10.1007/s11130-021-00926-3,pubmed,2021,"Plant foods for human nutrition (Dordrecht, Netherlands)",Smallanthus sonchifolius,6
pmid:34669561,34669561,10.1080/07391102.2021.1990130,europe_pmc,2022,,Annona muricata,5
pmid:34674610,34674610,10.1080/21688370.2021.1994822,europe_pmc,2022,,Calendula officinalis,5
pmid:34676295,34676295,10.1080/23802359.2021.1990148,europe_pmc,2021,,Baccharis genistelloides,4
pmid:34678694,34678694,10.1016/j.intimp.2021.108266,europe_pmc,2021,,Bixa orellana,4
pmid:34679681,34679681,10.3390/antiox10101546,europe_pmc,2021,,Annona muricata,5
pmid:34682301,34682301,10.3390/jof7100879,europe_pmc,2021,,Passiflora edulis,5
pmid:34684284,34684284,10.3390/pathogens10101335,europe_pmc,2021,,Lepidium meyenii,5
pmid:34697330,34697330,10.1038/s41598-021-00103-1,europe_pmc,2021,,Passiflora edulis,5
pmid:34706756,34706756,10.1186/s13020-021-00514-2,pubmed,2021,Chinese medicine,Uncaria tomentosa,7
pmid:34708176,34708176,10.3934/microbiol.2021021,europe_pmc,2021,,Calendula officinalis,5
pmid:34714416,34714416,10.1186/s13021-021-00197-0,pubmed,2021,Carbon balance and management,Mauritia flexuosa,6
pmid:34731811,34731811,10.1016/j.foodchem.2021.131459,pubmed,2022,Food chemistry,Plukenetia volubilis,4
pmid:34735845,34735845,10.1016/j.vetpar.2021.109606,pubmed,2021,Veterinary parasitology,Origanum vulgare,7
pmid:34748570,34748570,10.1371/journal.pone.0259214,pubmed,2021,PloS one,Chenopodium quinoa,6
pmid:34756969,34756969,10.1016/j.ijbiomac.2021.10.166,pubmed,2021,International journal of biological macromolecules,Calendula officinalis,6
pmid:34761362,34761362,10.1007/7854_2021_277,pubmed,2022,Current topics in behavioral neurosciences,Banisteriopsis caapi; Psychotria viridis,4
pmid:34765164,34765164,10.1002/ece3.8193,europe_pmc,2021,,Psidium guajava,6
pmid:34765511,34765511,10.1016/j.jtcme.2021.03.004,europe_pmc,2021,,Lepidium meyenii,6
pmid:34773881,34773881,10.1016/j.preghy.2021.10.013,pubmed,2021,Pregnancy hypertension,Uncaria tomentosa,4
pmid:34780366,34780366,10.3855/jidc.14966,pubmed,2021,Journal of infection in developing countries,Aloe vera,6
pmid:34785376,34785376,10.1016/j.tmaid.2021.102206,pubmed,2021,Travel medicine and infectious disease,Banisteriopsis caapi,8
pmid:34785415,34785415,10.1016/j.biopha.2021.112401,pubmed,2022,Biomedicine & pharmacotherapy = Biomedecine & pharmacotherapie,Taraxacum officinale,5
pmid:34786595,34786595,10.1007/s00425-021-03780-4,pubmed,2021,Planta,Argemone mexicana,3
pmid:34786663,34786663,10.1007/s11130-021-00934-3,pubmed,2021,"Plant foods for human nutrition (Dordrecht, Netherlands)",Opuntia ficus-indica,1
pmid:34798525,34798525,10.1016/j.ultsonch.2021.105833,pubmed,2021,Ultrasonics sonochemistry,Punica granatum,3
pmid:34811174,34811174,10.11646/zootaxa.5060.2.4,pubmed,2021,Zootaxa,Solanum americanum; Solanum tuberosum,4
pmid:34811204,34811204,10.11646/zootaxa.5057.3.3,pubmed,2021,Zootaxa,Cinchona officinalis,3
pmid:34817335,34817335,10.14715/cmb/2021.67.2.12,pubmed,2021,"Cellular and molecular biology (Noisy-le-Grand, France)",Eucalyptus globulus; Rosmarinus officinalis,5
pmid:34817352,34817352,10.14715/cmb/2021.67.1.24,pubmed,2021,"Cellular and molecular biology (Noisy-le-Grand, France)",Eucalyptus globulus,4
pmid:34818735,34818735,10.1016/j.foodchem.2021.131290,pubmed,2022,Food chemistry,Myrciaria dubia,3
pmid:34822961,34822961,10.1016/j.jep.2021.114865,pubmed,2022,Journal of ethnopharmacology,Banisteriopsis caapi; Psychotria viridis,8
pmid:34829200,34829200,10.3390/jof7110911,europe_pmc,2021,,Opuntia ficus-indica,5
pmid:34829611,34829611,10.3390/antiox10111740,europe_pmc,2021,,Taraxacum officinale,6
pmid:34832993,34832993,10.3390/life11111117,europe_pmc,2021,,Smallanthus sonchifolius,5
pmid:34833945,34833945,10.3390/molecules26226854,europe_pmc,2021,,Matricaria chamomilla,5
pmid:34834602,34834602,10.3390/plants10112240,europe_pmc,2021,,Passiflora edulis,5
pmid:34836625,34836625,10.1016/j.compbiomed.2021.105052,pubmed,2022,Computers in biology and medicine,Aloe vera,6
pmid:34844723,34844723,10.1016/S1875-5364(21)60111-5,pubmed,2021,Chinese journal of natural medicines,Eucalyptus globulus,3
pmid:34849108,34849108,10.1007/s10924-021-02335-8,europe_pmc,2022,,Chenopodium quinoa,6
pmid:34857344,34857344,10.1016/j.talanta.2021.123010,europe_pmc,2022,,Morinda citrifolia,5
pmid:34866508,34866508,10.1080/14786419.2021.2011270,europe_pmc,2022,,Annona muricata,4
pmid:34898497,34898497,10.3855/jidc.14904,pubmed,2021,Journal of infection in developing countries,Punica granatum,8
pmid:34899284,34899284,10.3389/fphar.2021.694607,europe_pmc,2021,,Punica granatum,7
pmid:34903398,34903398,10.1016/j.foodchem.2021.131655,pubmed,2022,Food chemistry,Chenopodium quinoa,3
pmid:34903798,34903798,10.1038/s41598-021-03337-1,pubmed,2021,Scientific reports,Calendula officinalis; Matricaria chamomilla,3
pmid:34907765,34907765,10.32725/jab.2020.016,pubmed,2020,Journal of applied biomedicine,Rosmarinus officinalis,5
pmid:34914111,34914111,10.1111/jfbc.14027,pubmed,2022,Journal of food biochemistry,Morinda citrifolia,6
pmid:34914113,34914113,10.1111/jfbc.14030,europe_pmc,2022,,Chenopodium quinoa,6
pmid:34924006,34924006,10.1186/s13002-021-00496-3,europe_pmc,2021,,Punica granatum,6
pmid:34929875,34929875,10.1016/j.gaceta.2021.10.074,pubmed,2021,Gaceta sanitaria,Piper aduncum,4
pmid:34932745,34932745,10.17843/rpmesp.2021.383.7420,pubmed,2021,Revista peruana de medicina experimental y salud publica,Lepidium meyenii,7
pmid:34933085,34933085,10.1016/j.jep.2021.114910,pubmed,2022,Journal of ethnopharmacology,Banisteriopsis caapi,11
pmid:34943109,34943109,10.3390/antiox10122006,europe_pmc,2021,,Opuntia ficus-indica,6
pmid:34945501,34945501,10.3390/foods10122948,europe_pmc,2021,,Plukenetia volubilis,5
pmid:34946646,34946646,10.3390/molecules26247564,europe_pmc,2021,,Taraxacum officinale,4
pmid:34954268,34954268,10.1016/j.jep.2021.114933,pubmed,2022,Journal of ethnopharmacology,Calendula officinalis,12
pmid:34961159,34961159,10.3390/plants10122689,europe_pmc,2021,,Chenopodium quinoa,4
pmid:34964154,34964154,10.1111/and.14358,pubmed,2022,Andrologia,Lepidium meyenii,5
pmid:34965524,34965524,10.1159/000520998,pubmed,2022,American journal of nephrology,Amaranthus caudatus,7
pmid:34966438,34966438,10.1155/2021/9342110,europe_pmc,2021,,Annona muricata,5
pmid:34967575,34967575,10.31557/APJCP.2021.22.12.3941,pubmed,2021,Asian Pacific journal of cancer prevention : APJCP,Aloe vera,6
pmid:34968663,34968663,10.1016/j.jep.2021.114961,pubmed,2022,Journal of ethnopharmacology,Bixa orellana,7
pmid:34981494,34981494,10.1007/978-3-030-73234-9_28,pubmed,2021,Advances in experimental medicine and biology,Punica granatum,5
pmid:34991415,34991415,10.1080/21645698.2021.1993688,europe_pmc,2021,,Solanum tuberosum,4
pmid:35003314,35003314,10.1155/2021/9944357,europe_pmc,2021,,Aloe vera,5
pmid:35008024,35008024,10.1016/j.foodchem.2021.131989,pubmed,2022,Food chemistry,Morinda citrifolia,4
pmid:35017991,35017991,10.4103/jpbs.jpbs_205_21,europe_pmc,2021,,Morinda citrifolia,4
pmid:35024607,35024607,10.1016/j.fochx.2021.100164,europe_pmc,2021,,Annona muricata,4
pmid:35026191,35026191,10.1016/j.ejphar.2022.174758,pubmed,2022,European journal of pharmacology,Lepidium meyenii,5
pmid:35027639,35027639,10.1038/s41598-021-04700-y,pubmed,2022,Scientific reports,Theobroma cacao,3
pmid:35029012,35029012,10.1111/mpp.13183,europe_pmc,2022,,Solanum tuberosum,6
pmid:35031549,35031549,10.1158/2159-8290.CD-21-0808,pubmed,2022,Cancer discovery,Myrciaria dubia,5
pmid:35039268,35039268,,pubmed,2021,Pakistan journal of pharmaceutical sciences,Chenopodium quinoa,2
pmid:35043299,35043299,10.1007/s11356-021-18024-x,pubmed,2022,Environmental science and pollution research international,Schinus molle,3
pmid:35043419,35043419,10.1002/jsfa.11782,pubmed,2022,Journal of the science of food and agriculture,Plukenetia volubilis,6
pmid:35052598,35052598,10.3390/antiox11010096,europe_pmc,2021,,Calendula officinalis,5
pmid:35052608,35052608,10.3390/antiox11010104,europe_pmc,2021,,Myrciaria dubia,5
pmid:35054716,35054716,10.3390/polym14020310,europe_pmc,2022,,Aloe vera; Opuntia ficus-indica; Psidium guajava,5
pmid:35056883,35056883,10.3390/molecules27020568,europe_pmc,2022,,Tagetes minuta,5
pmid:35067863,35067863,10.1007/s11686-021-00513-1,pubmed,2022,Acta parasitologica,Taraxacum officinale,7
pmid:35068274,35068274,10.1080/14786419.2021.2021199,europe_pmc,2022,,Morinda citrifolia,4
pmid:35071882,35071882,10.1021/acsomega.1c05324,europe_pmc,2022,,Bixa orellana,7
pmid:35075643,35075643,10.1002/jsfa.11793,pubmed,2022,Journal of the science of food and agriculture,Opuntia ficus-indica,4
pmid:35078974,35078974,10.1038/s41413-021-00177-7,pubmed,2022,Bone research,Theobroma cacao,4
pmid:35088016,35088016,10.18699/vj21.049,europe_pmc,2021,,Amaranthus caudatus,6
pmid:35092172,35092172,10.1111/cbdd.14023,pubmed,2022,Chemical biology & drug design,Morinda citrifolia,1
pmid:35092563,35092563,10.1007/s11033-022-07176-9,pubmed,2022,Molecular biology reports,Aloe vera,6
pmid:35108453,35108453,10.1002/cbdv.202100993,pubmed,2022,Chemistry & biodiversity,Eucalyptus globulus,3
pmid:35112391,35112391,10.1002/arch.21872,pubmed,2023,Archives of insect biochemistry and physiology,Opuntia ficus-indica,1
pmid:35122524,35122524,10.1007/s11250-021-02994-8,pubmed,2022,Tropical animal health and production,Plukenetia volubilis,6
pmid:35128696,35128696,10.1002/jmv.27648,pubmed,2022,Journal of medical virology,Uncaria tomentosa,5
pmid:35138483,35138483,10.1186/s43141-022-00309-4,europe_pmc,2022,,Annona muricata,6
pmid:35139518,35139518,10.1159/000522507,pubmed,2022,Complementary medicine research,Rosmarinus officinalis,4
pmid:35139827,35139827,10.1186/s12906-022-03518-z,pubmed,2022,BMC complementary medicine and therapies,Origanum vulgare,8
pmid:35146890,35146890,10.1002/cbdv.202100788,pubmed,2022,Chemistry & biodiversity,Mauritia flexuosa,1
pmid:35153318,35153318,10.1007/s13197-021-05081-w,europe_pmc,2022,,Annona muricata,5
pmid:35161247,35161247,10.3390/plants11030265,europe_pmc,2022,,Chenopodium quinoa,4
pmid:35161284,35161284,10.3390/plants11030303,europe_pmc,2022,,Calendula officinalis,4
pmid:35164284,35164284,10.3390/molecules27031020,pubmed,2022,"Molecules (Basel, Switzerland)",Caesalpinia spinosa,3
pmid:35174562,35174562,10.1111/jdv.17876,pubmed,2022,Journal of the European Academy of Dermatology and Venereology : JEADV,Uncaria tomentosa,6
pmid:35176467,35176467,10.1016/j.jep.2022.115107,pubmed,2022,Journal of ethnopharmacology,Rosmarinus officinalis,7
pmid:35177779,35177779,10.1038/s41598-022-06747-x,pubmed,2022,Scientific reports,Solanum tuberosum,4
pmid:35185219,35185219,10.1007/s13197-021-05209-y,europe_pmc,2022,,Bixa orellana,5
pmid:35185943,35185943,10.3389/fpls.2021.754457,europe_pmc,2021,,Tagetes minuta,6
pmid:35192648,35192648,10.1371/journal.pone.0263604,pubmed,2022,PloS one,Schinus molle,8
pmid:35219071,35219071,10.1016/j.jaim.2022.100547,pubmed,2022,Journal of Ayurveda and integrative medicine,Argemone mexicana,4
pmid:35219720,35219720,10.1016/j.brainres.2022.147845,europe_pmc,2022,,Tagetes minuta,4
pmid:35225471,35225471,10.31557/apjcp.2022.23.2.583,europe_pmc,2022,,Psidium guajava,5
pmid:35226949,35226949,10.1055/a-1671-5766,pubmed,2022,Planta medica,Bixa orellana,3
pmid:35228638,35228638,10.1038/s41598-022-07298-x,europe_pmc,2022,,Rosmarinus officinalis,5
pmid:35237379,35237379,10.1155/2022/3848084,europe_pmc,2022,,Punica granatum,4
pmid:35238288,35238288,10.1017/S0022149X22000074,pubmed,2022,Journal of helminthology,Physalis peruviana,5
pmid:35238778,35238778,10.5152/tjg.2021.201116,pubmed,2022,The Turkish journal of gastroenterology : the official journal of Turkish Society of Gastroenterology,Amaranthus caudatus,7
pmid:35241958,35241958,10.4137/ijis.s19006,europe_pmc,2014,,Argemone mexicana,5
pmid:35252457,35252457,10.1155/2022/9329151,europe_pmc,2022,,Bixa orellana,5
pmid:35257855,35257855,10.1016/j.mcp.2022.101806,pubmed,2022,Molecular and cellular probes,Passiflora edulis,5
pmid:35259439,35259439,10.1016/j.ijpharm.2022.121636,pubmed,2022,International journal of pharmaceutics,Annona muricata,4
pmid:35260150,35260150,10.1186/s12906-022-03538-9,pubmed,2022,BMC complementary medicine and therapies,Uncaria tomentosa,4
pmid:35267983,35267983,10.3390/nu14051008,europe_pmc,2022,,Opuntia ficus-indica,4
pmid:35268563,35268563,10.3390/molecules27051462,pubmed,2022,"Molecules (Basel, Switzerland)",Schinus molle,9
pmid:35268646,35268646,10.3390/molecules27051545,pubmed,2022,"Molecules (Basel, Switzerland)",Argemone mexicana,6
pmid:35270048,35270048,10.3390/plants11050579,europe_pmc,2022,,Carica papaya,7
pmid:35270167,35270167,10.3390/plants11050697,europe_pmc,2022,,Passiflora edulis,5
pmid:35276807,35276807,10.3390/nu14030448,pubmed,2022,Nutrients,Chenopodium quinoa,4
pmid:35278608,35278608,10.1016/j.jep.2022.115178,pubmed,2022,Journal of ethnopharmacology,Rosmarinus officinalis,7
pmid:35279243,35279243,10.1016/S1875-5364(21)60103-6,pubmed,2022,Chinese journal of natural medicines,Rosmarinus officinalis,3
pmid:3528673,3528673,10.1016/0378-8741(86)90085-1,pubmed,1986,Journal of ethnopharmacology,Aloe vera,5
pmid:35287324,35287324,10.1016/j.heliyon.2022.e09048,europe_pmc,2022,,Eucalyptus globulus,6
pmid:35292046,35292046,10.1186/s13002-022-00512-0,europe_pmc,2022,,Opuntia ficus-indica,8
pmid:35292280,35292280,10.1016/j.ijbiomac.2022.03.039,pubmed,2022,International journal of biological macromolecules,Opuntia ficus-indica,5
pmid:35292376,35292376,10.1016/j.jep.2022.115186,pubmed,2022,Journal of ethnopharmacology,Psidium guajava; Punica granatum,8
pmid:35301659,35301659,10.1007/s11033-022-07250-2,pubmed,2022,Molecular biology reports,Argemone mexicana,4
pmid:35303021,35303021,10.1371/journal.pone.0265649,pubmed,2022,PloS one,Mauritia flexuosa,5
pmid:35312681,35312681,10.1371/journal.pntd.0009799,pubmed,2022,PLoS neglected tropical diseases,Uncaria tomentosa,7
pmid:35322959,35322959,10.32394/rpzh.2022.0199,pubmed,2022,Roczniki Panstwowego Zakladu Higieny,Psidium guajava,8
pmid:35326877,35326877,10.3390/antibiotics11030414,europe_pmc,2022,,Matricaria chamomilla,5
pmid:35334323,35334323,10.1016/j.foodchem.2022.132694,pubmed,2022,Food chemistry,Psidium guajava,5
pmid:35339251,35339251,10.1016/j.disamonth.2022.101352,pubmed,2023,Disease-a-month : DM,Aloe vera,5
pmid:35344144,35344144,10.1007/s11356-022-19622-z,pubmed,2022,Environmental science and pollution research international,Solanum americanum,3
pmid:35357624,35357624,10.1007/s11033-022-07382-5,pubmed,2022,Molecular biology reports,Passiflora edulis,5
pmid:35370381,35370381,10.4103/ayu.ayu_102_20,europe_pmc,2020,,Morinda citrifolia,6
pmid:35388099,35388099,10.1038/s41598-022-09742-4,pubmed,2022,Scientific reports,Origanum vulgare,1
pmid:35390139,35390139,10.1093/jxb/erac151,pubmed,2022,Journal of experimental botany,Chenopodium quinoa,5
pmid:35391041,35391041,10.11646/zootaxa.5104.2.2,pubmed,2022,Zootaxa,Baccharis latifolia,3
pmid:35392377,35392377,10.3389/froh.2022.867793,europe_pmc,2022,,Theobroma cacao,4
pmid:35397767,35397767,10.1007/s11130-022-00962-7,europe_pmc,2022,,Opuntia ficus-indica,5
pmid:35399389,35399389,10.1016/j.heliyon.2022.e09216,europe_pmc,2022,,Carica papaya,6
pmid:35403082,35403082,10.1016/j.phyplu.2020.100016,europe_pmc,2021,,Chenopodium quinoa,6
pmid:35405251,35405251,10.1016/j.jep.2022.115272,pubmed,2022,Journal of ethnopharmacology,Taraxacum officinale,10
pmid:35406877,35406877,10.3390/plants11070898,europe_pmc,2022,,Tagetes minuta,5
pmid:35408626,35408626,10.3390/molecules27072227,europe_pmc,2022,,Eucalyptus globulus; Origanum vulgare,6
pmid:35413542,35413542,10.1016/j.bbrc.2022.04.004,pubmed,2022,Biochemical and biophysical research communications,Plukenetia volubilis,5
pmid:35421091,35421091,10.1371/journal.pone.0259757,pubmed,2022,PloS one,Theobroma cacao,6
pmid:35437748,35437748,10.1002/jsfa.11940,pubmed,2022,Journal of the science of food and agriculture,Punica granatum,6
pmid:35438322,35438322,10.1186/s13568-022-01386-x,pubmed,2022,AMB Express,Psidium guajava,5
pmid:35440613,35440613,10.1038/s41598-022-10404-8,pubmed,2022,Scientific reports,Plukenetia volubilis,4
pmid:35449669,35449669,10.7759/cureus.23206,europe_pmc,2022,,Morinda citrifolia,6
pmid:35453649,35453649,10.3390/biomedicines10040899,europe_pmc,2022,,Mauritia flexuosa,6
pmid:35454529,35454529,10.3390/ma15082837,europe_pmc,2022,,Matricaria chamomilla,6
pmid:35458146,35458146,10.3390/nu14081584,europe_pmc,2022,,Carica papaya,5
pmid:35473336,35473336,10.19852/j.cnki.jtcm.2022.02.002,pubmed,2022,Journal of traditional Chinese medicine = Chung i tsa chih ying wen pan,Origanum vulgare,5
pmid:35485570,35485570,10.14744/tjtes.2021.70728,pubmed,2022,Ulusal travma ve acil cerrahi dergisi = Turkish journal of trauma & emergency surgery : TJTES,Annona muricata,5
pmid:35486355,35486355,10.1007/s42770-022-00757-7,pubmed,2022,Brazilian journal of microbiology : [publication of the Brazilian Society for Microbiology],Solanum tuberosum,4
pmid:35490427,35490427,10.2174/1871526522666220501171551,pubmed,2022,Infectious disorders drug targets,Calendula officinalis; Eucalyptus globulus; Origanum vulgare; Punica granatum; Rosmarinus officinalis,6
pmid:35498650,35498650,10.3389/fpls.2022.852406,europe_pmc,2022,,Solanum tuberosum,7
pmid:35513685,35513685,10.1038/s41598-022-10900-x,pubmed,2022,Scientific reports,Taraxacum officinale,3
pmid:35519104,35519104,10.1039/d0ra05126h,europe_pmc,2020,,Psidium guajava,7
pmid:35538406,35538406,10.1186/s12870-022-03621-w,pubmed,2022,BMC plant biology,Chenopodium quinoa,5
pmid:35538817,35538817,10.2174/1573409918666220509213313,europe_pmc,2022,,Annona muricata,6
pmid:35544364,35544364,10.1002/cbdv.202200258,pubmed,2022,Chemistry & biodiversity,Carica papaya; Taraxacum officinale,4
pmid:35544583,35544583,10.1371/journal.pone.0267246,europe_pmc,2022,,Annona muricata,8
pmid:35563091,35563091,10.3390/ijms23094700,europe_pmc,2022,,Passiflora edulis,8
pmid:35564693,35564693,10.3390/ijerph19095296,europe_pmc,2022,,Taraxacum officinale,5
pmid:35576021,35576021,10.1007/s00425-022-03910-6,europe_pmc,2022,,Solanum tuberosum,5
pmid:35577774,35577774,10.1038/s41420-022-01059-5,pubmed,2022,Cell death discovery,Taraxacum officinale,4
pmid:35583459,35583459,10.1021/acsabm.2c00254,europe_pmc,2022,,Malva sylvestris,6
pmid:35588520,35588520,10.1590/1519-6984.259525,pubmed,2022,Brazilian journal of biology = Revista brasleira de biologia,Annona muricata,4
pmid:35588560,35588560,10.1016/j.plaphy.2022.05.011,pubmed,2022,Plant physiology and biochemistry : PPB,Calendula officinalis,5
pmid:35592415,35592415,10.3389/fphar.2022.827411,pubmed,2022,Frontiers in pharmacology,Matricaria chamomilla,6
pmid:35598239,35598239,10.2174/1573409918666220519112027,europe_pmc,2022,,Carica papaya,7
pmid:3559917,3559917,,pubmed,1987,"Journal of environmental pathology, toxicology and oncology : official organ of the International Society for Environmental Toxicology and Cancer",Lupinus mutabilis,5
pmid:35605329,35605329,10.1016/j.ecoenv.2022.113660,pubmed,2022,Ecotoxicology and environmental safety,Calendula officinalis,6
pmid:35615222,35615222,10.1155/2022/2594195,europe_pmc,2022,,Matricaria chamomilla,4
pmid:35618936,35618936,10.1007/s11033-022-07479-x,pubmed,2022,Molecular biology reports,Chenopodium quinoa,6
pmid:35626946,35626946,10.3390/foods11101376,europe_pmc,2022,,Schinus molle,5
pmid:35630543,35630543,10.3390/molecules27103065,europe_pmc,2022,,Mauritia flexuosa,5
pmid:35630811,35630811,10.3390/molecules27103333,pubmed,2022,"Molecules (Basel, Switzerland)",Senecio nutans,6
pmid:35631653,35631653,10.3390/pharmaceutics14051067,pubmed,2022,Pharmaceutics,Bixa orellana,6
pmid:35631658,35631658,10.3390/pharmaceutics14051072,pubmed,2022,Pharmaceutics,Aloe vera,4
pmid:35648276,35648276,10.1007/s00425-022-03912-4,pubmed,2022,Planta,Solanum tuberosum,5
pmid:35649038,35649038,10.1590/1519-6984.258128,pubmed,2022,Brazilian journal of biology = Revista brasleira de biologia,Solanum tuberosum,4
pmid:35650986,35650986,10.1016/j.foodres.2022.111378,pubmed,2022,"Food research international (Ottawa, Ont.)",Punica granatum,5
pmid:35651638,35651638,10.21315/tlsr2022.33.1.1,europe_pmc,2022,,Annona muricata,5
pmid:35661599,35661599,10.1016/j.foodchem.2022.133371,europe_pmc,2022,,Malva sylvestris,4
pmid:35665872,35665872,10.1007/s10787-022-01006-x,europe_pmc,2022,,Carica papaya,6
pmid:35666039,35666039,10.1002/tpg2.20223,pubmed,2022,The plant genome,Solanum tuberosum,5
pmid:35674534,35674534,10.1590/s1984-29612022029,europe_pmc,2022,,Carica papaya,4
pmid:35684003,35684003,10.3390/nu14112203,europe_pmc,2022,,Carica papaya; Morinda citrifolia,5
pmid:35684185,35684185,10.3390/plants11111412,europe_pmc,2022,,Matricaria chamomilla,6
pmid:35684478,35684478,10.3390/molecules27113541,pubmed,2022,"Molecules (Basel, Switzerland)",Eucalyptus globulus,5
pmid:35698444,35698444,10.1002/cbdv.202101026,europe_pmc,2022,,Carica papaya,6
pmid:35715815,35715815,10.1186/s13002-022-00540-w,pubmed,2022,Journal of ethnobiology and ethnomedicine,Plantago major,7
pmid:35716917,35716917,10.1016/j.jep.2022.115471,pubmed,2022,Journal of ethnopharmacology,Matricaria chamomilla,8
pmid:35718912,35718912,10.19813/j.cnki.weishengyanjiu.2022.03.020,pubmed,2022,Wei sheng yan jiu = Journal of hygiene research,Opuntia ficus-indica,6
pmid:35720184,35720184,10.1155/2022/2451733,europe_pmc,2022,,Carica papaya,6
pmid:35729379,35729379,10.1007/s11356-022-21422-4,pubmed,2022,Environmental science and pollution research international,Schinus molle,1
pmid:35739408,35739408,10.1007/s12035-022-02904-5,pubmed,2022,Molecular neurobiology,Passiflora edulis,4
pmid:35739991,35739991,10.3390/antiox11061094,europe_pmc,2022,,Theobroma cacao,6
pmid:35740223,35740223,10.3390/antibiotics11060817,europe_pmc,2022,,Bixa orellana,5
pmid:35743929,35743929,10.3390/life12060896,europe_pmc,2022,,Morinda citrifolia,5
pmid:35745200,35745200,10.3390/nu14122470,europe_pmc,2022,,Calendula officinalis; Taraxacum officinale,7
pmid:35745689,35745689,10.3390/pharmaceutics14061116,europe_pmc,2022,,Opuntia ficus-indica,5
pmid:35751935,35751935,10.1016/j.ultsonch.2022.106062,europe_pmc,2022,,Lepidium meyenii,4
pmid:35753031,35753031,10.1002/jsfa.12094,pubmed,2022,Journal of the science of food and agriculture,Chenopodium pallidicaule; Lupinus mutabilis,6
pmid:35753138,35753138,10.1016/j.ultsonch.2022.106076,europe_pmc,2022,,Mauritia flexuosa,5
pmid:35764727,35764727,10.1007/s11356-022-21709-6,europe_pmc,2022,,Solanum tuberosum,5
pmid:35767385,35767385,10.1111/pbi.13883,pubmed,2022,Plant biotechnology journal,Solanum tuberosum,5
pmid:35776167,35776167,10.1007/s00210-022-02267-7,pubmed,2022,Naunyn-Schmiedeberg's archives of pharmacology,Morinda citrifolia,1
pmid:35777669,35777669,10.1016/j.antiviral.2022.105371,pubmed,2022,Antiviral research,Psidium guajava,4
pmid:35778946,35778946,10.1111/tpj.15890,pubmed,2022,The Plant journal : for cell and molecular biology,Solanum tuberosum,4
pmid:35780308,35780308,10.1111/jfbc.14310,pubmed,2022,Journal of food biochemistry,Opuntia ficus-indica,5
pmid:35781007,35781007,10.1016/j.jep.2022.115511,europe_pmc,2022,,Carica papaya,10
pmid:35789501,35789501,10.1002/bab.2382,pubmed,2023,Biotechnology and applied biochemistry,Opuntia ficus-indica,3
pmid:35793588,35793588,10.1016/j.foodchem.2022.133600,pubmed,2022,Food chemistry,Punica granatum,3
pmid:35796388,35796388,10.1111/jfbc.14262,europe_pmc,2022,,Origanum vulgare,10
pmid:35807484,35807484,10.3390/molecules27134238,pubmed,2022,"Molecules (Basel, Switzerland)",Physalis peruviana,6
pmid:35807736,35807736,10.3390/plants11131784,europe_pmc,2022,,Opuntia ficus-indica,7
pmid:35809378,35809378,10.1016/j.phymed.2022.154302,pubmed,2022,Phytomedicine : international journal of phytotherapy and phytopharmacology,Taraxacum officinale,9
pmid:35813114,35813114,10.1016/j.sjbs.2022.103354,europe_pmc,2022,,Annona muricata,4
pmid:35815191,35815191,10.3892/br.2022.1552,europe_pmc,2022,,Morinda citrifolia,5
pmid:35819953,35819953,10.1371/journal.pone.0270970,pubmed,2022,PloS one,Morinda citrifolia,4
pmid:35820968,35820968,10.1016/j.tig.2022.06.013,pubmed,2022,Trends in genetics : TIG,Solanum tuberosum,1
pmid:35837142,35837142,10.3831/kpi.2022.25.2.121,europe_pmc,2022,,Opuntia ficus-indica,4
pmid:35839728,35839728,10.1016/j.foodchem.2022.133650,pubmed,2022,Food chemistry,Origanum vulgare,2
pmid:35839948,35839948,10.1016/j.ijbiomac.2022.07.054,pubmed,2022,International journal of biological macromolecules,Aloe vera,4
pmid:35842177,35842177,10.1016/j.jep.2022.115542,europe_pmc,2022,,Psidium guajava,11
pmid:35845946,35845946,10.1155/2022/7402598,pubmed,2022,BioMed research international,Calendula officinalis,7
pmid:35850804,35850804,10.19540/j.cnki.cjcmm.20211228.201,pubmed,2022,Zhongguo Zhong yao za zhi = Zhongguo zhongyao zazhi = China journal of Chinese materia medica,Morinda citrifolia,4
pmid:35851119,35851119,10.19540/j.cnki.cjcmm.20220129.201,pubmed,2022,Zhongguo Zhong yao za zhi = Zhongguo zhongyao zazhi = China journal of Chinese materia medica,Punica granatum,5
pmid:35854286,35854286,10.1186/s12906-022-03672-4,pubmed,2022,BMC complementary medicine and therapies,Annona muricata,7
pmid:35866440,35866440,10.1002/jsfa.12138,europe_pmc,2023,,Opuntia ficus-indica,6
pmid:35870011,35870011,10.1007/s00432-022-04200-0,europe_pmc,2023,,Calendula officinalis,8
pmid:35872459,35872459,10.1016/j.jhazmat.2022.129630,pubmed,2022,Journal of hazardous materials,Chenopodium quinoa,3
pmid:35883397,35883397,10.3390/ani12141851,europe_pmc,2022,,Chenopodium quinoa,5
pmid:35890432,35890432,10.3390/plants11141798,europe_pmc,2022,,Annona muricata,5
pmid:35902483,35902483,10.1007/s11130-022-00985-0,pubmed,2022,"Plant foods for human nutrition (Dordrecht, Netherlands)",Myrciaria dubia,4
pmid:35905026,35905026,10.3855/jidc.15835,pubmed,2022,Journal of infection in developing countries,Morinda citrifolia,6
pmid:35906612,35906612,10.1186/s12906-022-03655-5,pubmed,2022,BMC complementary medicine and therapies,Psidium guajava,4
pmid:35907916,35907916,10.1038/s41598-022-16592-7,pubmed,2022,Scientific reports,Rosmarinus officinalis,5
pmid:35916457,35916457,10.5935/1518-0557.20220024,pubmed,2023,JBRA assisted reproduction,Aloe vera,7
pmid:35927821,35927821,10.2174/1568026622666220803151814,pubmed,2022,Current topics in medicinal chemistry,Opuntia ficus-indica,3
pmid:35932411,35932411,10.1007/s11130-022-01000-2,pubmed,2022,"Plant foods for human nutrition (Dordrecht, Netherlands)",Lepidium meyenii,5
pmid:35934192,35934192,10.1016/j.jep.2022.115595,pubmed,2022,Journal of ethnopharmacology,Plantago major,6
pmid:35940819,35940819,10.1016/j.foodres.2022.111654,pubmed,2022,"Food research international (Ottawa, Ont.)",Mauritia flexuosa,5
pmid:35940823,35940823,10.1002/psc.3447,pubmed,2023,Journal of peptide science : an official publication of the European Peptide Society,Taraxacum officinale,4
pmid:35947846,35947846,10.54548/njps.v37i1.16,europe_pmc,2022,,Annona muricata,6
pmid:35954146,35954146,10.3390/foods11152380,europe_pmc,2022,,Aloe vera; Opuntia ficus-indica,5
pmid:35956463,35956463,10.3390/plants11151985,europe_pmc,2022,,Morinda citrifolia,4
pmid:35964822,35964822,10.1016/j.jep.2022.115639,pubmed,2022,Journal of ethnopharmacology,Morinda citrifolia,7
pmid:35965986,35965986,10.1016/j.heliyon.2022.e10071,europe_pmc,2022,,Malva sylvestris,4
pmid:35974350,35974350,10.1186/s12906-022-03702-1,pubmed,2022,BMC complementary medicine and therapies,Eucalyptus globulus,6
pmid:35985513,35985513,10.1016/j.exppara.2022.108345,pubmed,2022,Experimental parasitology,Eucalyptus globulus,5
pmid:3598596,3598596,10.1021/np50049a005,pubmed,1987,Journal of natural products,Erythroxylum coca,5
pmid:35988266,35988266,10.14715/cmb/2022.68.4.18,pubmed,2022,"Cellular and molecular biology (Noisy-le-Grand, France)",Eucalyptus globulus; Rosmarinus officinalis,8
pmid:35990906,35990906,10.7717/peerj.13817,europe_pmc,2022,,Morinda citrifolia,5
pmid:35993648,35993648,10.26355/eurrev_202208_29422,europe_pmc,2022,,Annona muricata,8
pmid:35994850,35994850,10.1016/j.phymed.2022.154368,pubmed,2022,Phytomedicine : international journal of phytotherapy and phytopharmacology,Theobroma cacao,7
pmid:35996139,35996139,10.1186/s12906-022-03700-3,europe_pmc,2022,,Morinda citrifolia,5
pmid:35998071,35998071,10.1093/jas/skac276,europe_pmc,2022,,Morinda citrifolia,4
pmid:35998428,35998428,10.1016/j.jpba.2022.114989,pubmed,2022,Journal of pharmaceutical and biomedical analysis,Morinda citrifolia,4
pmid:36006333,36006333,10.3390/vetsci9080418,europe_pmc,2022,,Lepidium meyenii,5
pmid:36009342,36009342,10.3390/antiox11081623,pubmed,2022,"Antioxidants (Basel, Switzerland)",Matricaria chamomilla,7
pmid:36012935,36012935,10.3390/jcm11164691,pubmed,2022,Journal of clinical medicine,Annona muricata,7
pmid:36014359,36014359,10.3390/molecules27165121,pubmed,2022,"Molecules (Basel, Switzerland)",Eucalyptus globulus,5
pmid:36015678,36015678,10.3390/polym14163421,pubmed,2022,Polymers,Solanum tuberosum,5
pmid:36016683,36016683,10.1155/2022/3144684,europe_pmc,2022,,Annona muricata,7
pmid:36030218,36030218,10.1186/s12906-022-03708-9,pubmed,2022,BMC complementary medicine and therapies,Uncaria tomentosa,1
pmid:36041061,36041061,10.1002/14651858.CD013608.pub2,pubmed,2022,The Cochrane database of systematic reviews,Morinda citrifolia,14
pmid:36043226,36043226,10.1071/FP22052,pubmed,2023,Functional plant biology : FPB,Lepidium meyenii,5
pmid:36051230,36051230,10.1007/s12298-022-01221-4,europe_pmc,2022,,Amaranthus caudatus,5
pmid:36051851,36051851,10.12688/f1000research.110352.2,pubmed,2022,F1000Research,Psidium guajava,5
pmid:36055055,36055055,10.1016/j.plaphy.2022.08.002,pubmed,2022,Plant physiology and biochemistry : PPB,Taraxacum officinale,2
pmid:36060893,36060893,10.1007/s13205-022-03309-w,europe_pmc,2022,,Chenopodium quinoa,4
pmid:36066553,36066553,10.1002/jsfa.12208,pubmed,2023,Journal of the science of food and agriculture,Chenopodium quinoa,3
pmid:36067185,36067185,10.1371/journal.pone.0273459,pubmed,2022,PloS one,Chenopodium quinoa,4
pmid:36071148,36071148,10.1038/s41598-022-19202-8,pubmed,2022,Scientific reports,Lupinus mutabilis,4
pmid:36076381,36076381,10.1016/j.foodres.2022.111665,pubmed,2022,"Food research international (Ottawa, Ont.)",Passiflora edulis,6
pmid:36076615,36076615,10.1016/j.biopha.2022.113256,pubmed,2022,Biomedicine & pharmacotherapy = Biomedecine & pharmacotherapie,Punica granatum,5
pmid:36076961,36076961,10.3390/ijms23179562,europe_pmc,2022,,Plukenetia volubilis,6
pmid:36077915,36077915,10.3390/ani12172196,europe_pmc,2022,,Morinda citrifolia,5
pmid:36079629,36079629,10.3390/plants11172246,europe_pmc,2022,,Malva sylvestris,4
pmid:36080220,36080220,10.3390/molecules27175453,pubmed,2022,"Molecules (Basel, Switzerland)",Opuntia ficus-indica,1
pmid:36080392,36080392,10.3390/molecules27175629,europe_pmc,2022,,Chenopodium quinoa,6
pmid:36088324,36088324,10.1186/s12936-022-04264-w,europe_pmc,2022,,Carica papaya,7
pmid:36100318,36100318,10.1136/openhrt-2022-002066,europe_pmc,2022,,Theobroma cacao,5
pmid:36102208,36102208,10.1111/jpn.13772,europe_pmc,2023,,Lepidium meyenii,6
pmid:36108747,36108747,10.1016/j.ijbiomac.2022.09.092,pubmed,2022,International journal of biological macromolecules,Tropaeolum tuberosum,4
pmid:36108793,36108793,10.1016/j.jip.2022.107827,pubmed,2022,Journal of invertebrate pathology,Schinus molle,3
pmid:36109439,36109439,10.1007/s13659-022-00357-w,pubmed,2022,Natural products and bioprospecting,Erythroxylum coca,5
pmid:36116567,36116567,10.1016/j.envpol.2022.120178,europe_pmc,2022,,Matricaria chamomilla,5
pmid:36127192,36127192,10.1016/j.foodchem.2022.133531,pubmed,2023,Food chemistry,Chenopodium quinoa,4
pmid:36132179,36132179,10.1016/j.heliyon.2022.e10572,europe_pmc,2022,,Plukenetia volubilis,4
pmid:36135278,36135278,10.3390/gels8090566,europe_pmc,2022,,Passiflora edulis,3
pmid:36137374,36137374,10.1016/j.foodchem.2022.134232,pubmed,2023,Food chemistry,Morinda citrifolia,4
pmid:36140985,36140985,10.3390/foods11182858,europe_pmc,2022,,Taraxacum officinale,5
pmid:36145497,36145497,10.3390/pathogens11091065,europe_pmc,2022,,Calendula officinalis,6
pmid:36145978,36145978,10.3390/polym14183832,europe_pmc,2022,,Opuntia ficus-indica,5
pmid:36147778,36147778,10.1016/j.sjbs.2022.103438,europe_pmc,2022,,Psidium guajava,6
pmid:36149402,36149402,10.1002/cbdv.202200476,europe_pmc,2022,,Malva sylvestris,5
pmid:36152785,36152785,10.1016/j.jep.2022.115747,pubmed,2023,Journal of ethnopharmacology,Senecio nutans,5
pmid:36159651,36159651,10.3389/fcimb.2022.958741,europe_pmc,2022,,Carica papaya,6
pmid:36161917,36161917,10.1073/pnas.2121821119,europe_pmc,2022,,Theobroma cacao,5
pmid:36163588,36163588,10.1002/cbdv.202200409,pubmed,2022,Chemistry & biodiversity,Banisteriopsis caapi; Psychotria viridis,2
pmid:36171339,36171339,10.1038/s41598-022-20360-y,europe_pmc,2022,,Annona muricata,5
pmid:36173445,36173445,10.1007/s00210-022-02294-4,pubmed,2022,Naunyn-Schmiedeberg's archives of pharmacology,Aloe vera,6
pmid:36179635,36179635,10.1016/j.foodchem.2022.134400,pubmed,2023,Food chemistry,Psidium guajava,3
pmid:36181985,36181985,10.1016/j.jep.2022.115755,pubmed,2023,Journal of ethnopharmacology,Annona muricata; Carica papaya,11
pmid:36190151,36190151,10.1111/jfbc.14464,pubmed,2022,Journal of food biochemistry,Plukenetia volubilis,5
pmid:36192910,36192910,10.1016/j.foodres.2022.111875,pubmed,2022,"Food research international (Ottawa, Ont.)",Origanum vulgare,3
pmid:36192930,36192930,10.1016/j.foodres.2022.111764,pubmed,2022,"Food research international (Ottawa, Ont.)",Theobroma cacao,3
pmid:36196736,36196736,10.26355/eurrev_202209_29748,pubmed,2022,European review for medical and pharmacological sciences,Annona muricata,6
pmid:36202163,36202163,10.1016/j.jep.2022.115780,pubmed,2023,Journal of ethnopharmacology,Annona muricata,9
pmid:36207736,36207736,10.1186/s12935-022-02721-9,pubmed,2022,Cancer cell international,Taraxacum officinale,5
pmid:36211732,36211732,10.1016/j.fochx.2022.100399,europe_pmc,2022,,Plukenetia volubilis,4
pmid:36212986,36212986,10.1155/2022/6835625,europe_pmc,2022,,Morinda citrifolia,7
pmid:36227271,36227271,10.1002/cbdv.202200242,pubmed,2022,Chemistry & biodiversity,Psidium guajava,4
pmid:36235241,36235241,10.3390/molecules27196705,europe_pmc,2022,,Carica papaya,5
pmid:36239484,36239484,10.1080/14786419.2022.2131783,europe_pmc,2023,,Carica papaya; Plantago major; Psidium guajava; Taraxacum officinale,4
pmid:36240164,36240164,10.1111/jfbc.14472,pubmed,2022,Journal of food biochemistry,Myrciaria dubia; Theobroma cacao,5
pmid:36245564,36245564,10.1155/2022/9825551,europe_pmc,2022,,Plukenetia volubilis,5
pmid:36249738,36249738,10.3389/fphar.2022.976698,pubmed,2022,Frontiers in pharmacology,Aloe vera,1
pmid:36255020,36255020,10.1093/jee/toac157,pubmed,2022,Journal of economic entomology,Eucalyptus globulus,5
pmid:36266308,36266308,10.1038/s41598-022-21826-9,pubmed,2022,Scientific reports,Passiflora edulis,5
pmid:36269233,36269233,10.1089/adt.2022.075,pubmed,2022,Assay and drug development technologies,Passiflora edulis,2
pmid:36271572,36271572,10.1016/j.biopha.2022.113796,pubmed,2022,Biomedicine & pharmacotherapy = Biomedecine & pharmacotherapie,Psidium guajava,3
pmid:36274662,36274662,10.30476/ijcbnm.2022.95772.2082,europe_pmc,2022,,Malva sylvestris,5
pmid:36275467,36275467,10.7717/peerj.14114,europe_pmc,2022,,Psychotria viridis,6
pmid:36276532,36276532,10.1007/s13197-022-05565-3,europe_pmc,2022,,Calendula officinalis,6
pmid:36278236,36278236,10.3389/fphar.2022.826395,europe_pmc,2022,,Malva sylvestris,8
pmid:36280018,36280018,10.1016/j.jep.2022.115856,pubmed,2023,Journal of ethnopharmacology,Annona muricata,8
pmid:36287918,36287918,10.3390/toxins14100649,pubmed,2022,Toxins,Psidium guajava; Punica granatum,5
pmid:36290409,36290409,10.3390/biology11101505,europe_pmc,2022,,Opuntia ficus-indica,7
pmid:36290804,36290804,10.3390/antiox11102081,europe_pmc,2022,,Carica papaya,5
pmid:36294607,36294607,10.3390/jof8101042,europe_pmc,2022,,Theobroma cacao,6
pmid:36296437,36296437,10.3390/molecules27206844,pubmed,2022,"Molecules (Basel, Switzerland)",Piper aduncum,5
pmid:36297773,36297773,10.3390/plants11202749,europe_pmc,2022,,Tagetes minuta,5
pmid:36298024,36298024,10.3390/polym14204446,europe_pmc,2022,,Opuntia ficus-indica,5
pmid:36299778,36299778,10.3389/fpls.2022.1004833,europe_pmc,2022,,Chenopodium quinoa,6
pmid:36301972,36301972,10.1371/journal.pone.0276984,pubmed,2022,PloS one,Annona muricata,7
pmid:36313304,36313304,10.3389/fphar.2022.1007790,europe_pmc,2022,,Tagetes minuta,6
pmid:36331746,36331746,10.1007/s11033-022-07923-y,pubmed,2023,Molecular biology reports,Origanum vulgare,7
pmid:36340106,36340106,10.1021/acsomega.2c05551,europe_pmc,2022,,Myrciaria dubia,4
pmid:36340365,36340365,10.3389/fpls.2022.964558,europe_pmc,2022,,Chenopodium quinoa,6
pmid:36342416,36342416,10.1002/bmc.5544,pubmed,2023,Biomedical chromatography : BMC,Piper aduncum,4
pmid:36348073,36348073,10.1007/s00726-022-03200-1,pubmed,2023,Amino acids,Chenopodium quinoa,4
pmid:36348795,36348795,10.1002/fsn3.2970,europe_pmc,2022,,Amaranthus caudatus,5
pmid:36355785,36355785,10.1093/pcp/pcac158,pubmed,2023,Plant & cell physiology,Chenopodium quinoa,5
pmid:36358997,36358997,10.3390/biom12111647,pubmed,2022,Biomolecules,Punica granatum,6
pmid:36360230,36360230,10.3390/genes13111993,europe_pmc,2022,,Morinda citrifolia,5
pmid:36361991,36361991,10.3390/ijms232113204,europe_pmc,2022,,Chenopodium quinoa,5
pmid:36363518,36363518,10.3390/medicina58111561,pubmed,2022,"Medicina (Kaunas, Lithuania)",Opuntia ficus-indica,5
pmid:36368678,36368678,10.1055/a-1960-2879,pubmed,2023,Drug research,Aloe vera,3
pmid:36374216,36374216,10.1111/1750-3841.16366,pubmed,2022,Journal of food science,Solanum tuberosum,4
pmid:36377592,36377592,10.1111/jdv.18740,pubmed,2023,Journal of the European Academy of Dermatology and Venereology : JEADV,Uncaria tomentosa,1
pmid:36380973,36380973,10.30476/ijms.2021.91328.2247,europe_pmc,2022,,Theobroma cacao,6
pmid:36395480,36395480,10.1080/09603123.2022.2146070,pubmed,2024,International journal of environmental health research,Theobroma cacao,4
pmid:36404771,36404771,10.1080/10717544.2022.2144963,europe_pmc,2022,,Malva sylvestris,6
pmid:36412429,36412429,10.4103/jcrt.JCRT_1064_20,pubmed,2022,Journal of cancer research and therapeutics,Rosmarinus officinalis,7
pmid:36417842,36417842,10.1159/000528220,europe_pmc,2023,,Eucalyptus globulus,5
pmid:36418467,36418467,10.1007/s00210-022-02329-w,europe_pmc,2023,,Malva sylvestris,5
pmid:36424801,36424801,10.2174/2772574X14666221124163344,pubmed,2022,"Recent advances in food, nutrition & agriculture",Punica granatum,4
pmid:36430511,36430511,10.3390/ijms232214030,europe_pmc,2022,,Chenopodium quinoa,6
pmid:36430627,36430627,10.3390/ijms232214153,europe_pmc,2022,,Passiflora edulis,5
pmid:36430991,36430991,10.3390/life12111854,europe_pmc,2022,,Chenopodium quinoa,5
pmid:36432799,36432799,10.3390/plants11223070,europe_pmc,2022,,Eucalyptus globulus; Schinus molle,7
pmid:36439713,36439713,10.1016/j.heliyon.2022.e11436,pubmed,2022,Heliyon,Plukenetia volubilis,1
pmid:36440749,36440749,10.18388/abp.2020_6147,pubmed,2022,Acta biochimica Polonica,Taraxacum officinale,4
pmid:36442128,36442128,10.1073/pnas.2215372119,europe_pmc,2022,,Erythroxylum coca,6
pmid:36444024,36444024,10.1016/j.foodchem.2022.134631,pubmed,2023,Food chemistry,Tropaeolum tuberosum,3
pmid:36445447,36445447,10.1007/s00120-022-01979-1,pubmed,2023,"Urologie (Heidelberg, Germany)",Aloe vera,6
pmid:36448674,36448674,10.1177/15347354221132848,europe_pmc,2022,,Morinda citrifolia,5
pmid:36450916,36450916,10.1038/s41598-022-25342-8,pubmed,2022,Scientific reports,Origanum vulgare,3
pmid:36457593,36457593,10.1155/2022/6154560,europe_pmc,2022,,Argemone mexicana,7
pmid:36463783,36463783,10.1016/j.ultsonch.2022.106231,pubmed,2023,Ultrasonics sonochemistry,Morinda citrifolia,5
pmid:36475263,36475263,10.4314/ejhs.v32i6.22,europe_pmc,2022,,Malva sylvestris,6
pmid:36478818,36478818,10.1016/j.heliyon.2022.e11949,europe_pmc,2022,,Taraxacum officinale,4
pmid:36479862,36479862,10.1111/1440-1681.13743,pubmed,2023,Clinical and experimental pharmacology & physiology,Uncaria tomentosa,5
pmid:36481618,36481618,10.1016/j.jaim.2022.100675,pubmed,2022,Journal of Ayurveda and integrative medicine,Aloe vera,5
pmid:36483307,36483307,10.1016/j.heliyon.2022.e11879,europe_pmc,2022,,Carica papaya,6
pmid:36496640,36496640,10.3390/foods11233831,europe_pmc,2022,,Malva sylvestris,5
pmid:36499083,36499083,10.3390/ijms232314756,europe_pmc,2022,,Lepidium meyenii,4
pmid:36499374,36499374,10.3390/ijms232315048,europe_pmc,2022,,Matricaria chamomilla,5
pmid:36501281,36501281,10.3390/plants11233241,europe_pmc,2022,,Carica papaya,5
pmid:36515023,36515023,10.2174/1570163820666221212142221,pubmed,2023,Current drug discovery technologies,Aloe vera,6
pmid:36516056,36516056,10.1089/jmf.2022.k.0056,europe_pmc,2022,,Morinda citrifolia,5
pmid:36518118,36518118,10.6026/97320630018289,europe_pmc,2022,,Carica papaya,4
pmid:36518435,36518435,10.1016/j.toxrep.2022.10.015,europe_pmc,2022,,Morinda citrifolia,4
pmid:36527946,36527946,10.1016/j.foodchem.2022.135134,pubmed,2023,Food chemistry,Amaranthus caudatus; Chenopodium quinoa,4
pmid:36541264,36541264,10.14814/phy2.15545,pubmed,2022,Physiological reports,Punica granatum,6
pmid:36545731,36545731,10.2174/1389201024666221221113020,pubmed,2023,Current pharmaceutical biotechnology,Annona muricata,7
pmid:36547339,36547339,10.3390/gels8120815,pubmed,2022,"Gels (Basel, Switzerland)",Tagetes elliptica,5
pmid:36550551,36550551,10.1186/s13007-022-00976-x,europe_pmc,2022,,Chenopodium quinoa,7
pmid:36558111,36558111,10.3390/molecules27248979,europe_pmc,2022,,Psidium guajava,7
pmid:36559534,36559534,10.3390/plants11243422,europe_pmc,2022,,Matricaria chamomilla,4
pmid:36559626,36559626,10.3390/plants11243514,europe_pmc,2022,,Psidium guajava,5
pmid:36563974,36563974,10.1016/j.fsi.2022.108504,pubmed,2023,Fish & shellfish immunology,Theobroma cacao,2
pmid:36565439,36565439,10.1111/odi.14485,pubmed,2024,Oral diseases,Aloe vera,5
pmid:36577209,36577209,10.1016/j.phymed.2022.154599,pubmed,2023,Phytomedicine : international journal of phytotherapy and phytopharmacology,Rosmarinus officinalis,6
pmid:36583269,36583269,10.1002/jsfa.12418,pubmed,2023,Journal of the science of food and agriculture,Chenopodium quinoa,7
pmid:36587717,36587717,10.1016/j.envres.2022.115193,pubmed,2023,Environmental research,Origanum vulgare,1
pmid:36591931,36591931,10.3923/pjbs.2022.1001.1007,pubmed,2022,Pakistan journal of biological sciences : PJBS,Piper aduncum,6
pmid:36595191,36595191,10.1007/s12010-022-04282-z,pubmed,2023,Applied biochemistry and biotechnology,Taraxacum officinale,5
pmid:36596129,36596129,10.1016/j.foodres.2022.112190,pubmed,2023,"Food research international (Ottawa, Ont.)",Theobroma cacao,4
pmid:36608550,36608550,10.1016/j.foodchem.2022.135290,pubmed,2023,Food chemistry,Chenopodium quinoa,4
pmid:36609950,36609950,10.1007/s11882-022-01060-z,pubmed,2023,Current allergy and asthma reports,Origanum vulgare,7
pmid:36610118,36610118,10.1016/j.phymed.2022.154581,pubmed,2023,Phytomedicine : international journal of phytotherapy and phytopharmacology,Punica granatum,6
pmid:36610136,36610136,10.1016/j.phymed.2022.154615,pubmed,2023,Phytomedicine : international journal of phytotherapy and phytopharmacology,Psidium guajava; Punica granatum,8
pmid:36615326,36615326,10.3390/molecules28010133,pubmed,2022,"Molecules (Basel, Switzerland)",Matricaria chamomilla,5
pmid:36615794,36615794,10.3390/nu15010137,pubmed,2022,Nutrients,Origanum vulgare,5
pmid:36616147,36616147,10.3390/plants12010018,europe_pmc,2022,,Chenopodium quinoa,3
pmid:36634722,36634722,10.1016/j.jep.2022.116132,pubmed,2023,Journal of ethnopharmacology,Psidium guajava,8
pmid:36637369,36637369,10.1242/jeb.244641,pubmed,2023,The Journal of experimental biology,Morinda citrifolia,5
pmid:36640219,36640219,10.1007/s10661-023-10922-6,europe_pmc,2023,,Carica papaya,5
pmid:36641990,36641990,10.1016/j.aprim.2022.102551,pubmed,2023,Atencion primaria,Matricaria chamomilla,1
pmid:36646376,36646376,10.1016/j.lfs.2023.121389,pubmed,2023,Life sciences,Matricaria chamomilla,8
pmid:36649102,36649102,10.24425/pjvs.2022.142038,europe_pmc,2022,,Psidium guajava,5
pmid:36651457,36651457,10.1590/1519-6984.251140,pubmed,2023,Brazilian journal of biology = Revista brasleira de biologia,Mauritia flexuosa,4
pmid:36652884,36652884,10.1016/j.foodchem.2023.135423,pubmed,2023,Food chemistry,Psidium guajava,4
pmid:36661827,36661827,10.3390/gels9010061,europe_pmc,2023,,Chenopodium pallidicaule,5
pmid:36662824,36662824,10.1371/journal.pone.0280810,europe_pmc,2023,,Taraxacum officinale,6
pmid:36670760,36670760,10.3390/ani13020221,europe_pmc,2023,,Morinda citrifolia,5
pmid:36671023,36671023,10.3390/antiox12010161,pubmed,2023,"Antioxidants (Basel, Switzerland)",Aloe vera,5
pmid:36677498,36677498,10.3390/microorganisms11010206,europe_pmc,2023,,Calendula officinalis,6
pmid:36677632,36677632,10.3390/molecules28020574,europe_pmc,2023,,Carica papaya,5
pmid:36678958,36678958,10.3390/plants12020246,pubmed,2023,"Plants (Basel, Switzerland)",Psidium guajava,5
pmid:36683092,36683092,10.1007/s00425-023-04075-6,pubmed,2023,Planta,Solanum tuberosum,5
pmid:36685306,36685306,10.1016/j.jsps.2022.11.003,europe_pmc,2023,,Aloe vera,6
pmid:36688757,36688757,10.1093/lambio/ovac019,pubmed,2023,Letters in applied microbiology,Origanum vulgare,4
pmid:36694964,36694964,10.1080/10717544.2023.2168793,europe_pmc,2023,,Psidium guajava,5
pmid:36707799,36707799,10.1186/s12906-023-03845-9,pubmed,2023,BMC complementary medicine and therapies,Physalis peruviana,8
pmid:36725263,36725263,10.19540/j.cnki.cjcmm.20220421.203,pubmed,2023,Zhongguo Zhong yao za zhi = Zhongguo zhongyao zazhi = China journal of Chinese materia medica,Morinda citrifolia,7
pmid:3673061,3673061,,pubmed,1987,The West Indian medical journal,Bixa orellana,1
pmid:36733596,36733596,10.3389/fpls.2022.1065419,europe_pmc,2022,,Solanum tuberosum,5
pmid:36737632,36737632,10.1038/s41598-023-29039-4,pubmed,2023,Scientific reports,Chenopodium quinoa,5
pmid:36751639,36751639,10.7717/peerj.14839,europe_pmc,2023,,Passiflora edulis,7
pmid:36758825,36758825,10.1016/j.tiv.2023.105567,pubmed,2023,Toxicology in vitro : an international journal published in association with BIBRA,Psidium guajava,4
pmid:36758913,36758913,10.1016/j.jep.2023.116228,pubmed,2023,Journal of ethnopharmacology,Lepidium meyenii,5
pmid:36763248,36763248,10.1007/s10886-023-01410-9,pubmed,2023,Journal of chemical ecology,Taraxacum officinale,7
pmid:36766059,36766059,10.3390/foods12030530,europe_pmc,2023,,Carica papaya,5
pmid:36793005,36793005,10.1186/s12870-023-04107-z,pubmed,2023,BMC plant biology,Chenopodium quinoa,7
pmid:36804031,36804031,10.1186/s12934-023-02041-1,europe_pmc,2023,,Opuntia ficus-indica,5
pmid:36811278,36811278,10.1002/ps.7418,pubmed,2023,Pest management science,Rosmarinus officinalis,6
pmid:36812084,36812084,10.1097/01.ASW.0000911996.22146.51,pubmed,2023,Advances in skin & wound care,Plantago major,6
pmid:36814353,36814353,10.1186/s41182-023-00505-z,pubmed,2023,Tropical medicine and health,Opuntia ficus-indica,11
pmid:36822021,36822021,10.1016/j.biopha.2023.114409,pubmed,2023,Biomedicine & pharmacotherapy = Biomedecine & pharmacotherapie,Origanum vulgare,5
pmid:36831858,36831858,10.3390/brainsci13020316,europe_pmc,2023,,Lepidium meyenii,4
pmid:36838657,36838657,10.3390/molecules28041671,europe_pmc,2023,,Eucalyptus globulus,5
pmid:36840215,36840215,10.3390/plants12040868,europe_pmc,2023,,Chenopodium quinoa,1
pmid:36847233,36847233,10.2174/0929867330666230227151852,pubmed,2024,Current medicinal chemistry,Chenopodium quinoa,6
pmid:36847855,36847855,10.1007/s00253-023-12440-4,pubmed,2023,Applied microbiology and biotechnology,Morinda citrifolia,4
pmid:36852221,36852221,10.7717/peerj.14853,pubmed,2023,PeerJ,Amaranthus caudatus,4
pmid:36853308,36853308,10.31557/apjcp.2023.24.2.581,europe_pmc,2023,,Carica papaya,4
pmid:36853419,36853419,10.1007/s10787-023-01162-8,pubmed,2023,Inflammopharmacology,Bixa orellana,5
pmid:36858014,36858014,10.1016/j.talanta.2023.124386,pubmed,2023,Talanta,Theobroma cacao,3
pmid:36862714,36862714,10.1371/journal.pone.0282316,pubmed,2023,PloS one,Rosmarinus officinalis,5
pmid:36863642,36863642,10.1016/j.jep.2023.116310,pubmed,2023,Journal of ethnopharmacology,Aloe vera,8
pmid:36864698,36864698,10.1093/jbcr/irad030,europe_pmc,2023,,Aloe vera,6
pmid:36869496,36869496,10.1016/j.foodres.2023.112483,pubmed,2023,"Food research international (Ottawa, Ont.)",Origanum vulgare,7
pmid:36869541,36869541,10.1016/j.foodres.2023.112555,pubmed,2023,"Food research international (Ottawa, Ont.)",Theobroma cacao,6
pmid:36870982,36870982,10.1186/s13063-023-07181-8,pubmed,2023,Trials,Bixa orellana,8
pmid:36875614,36875614,10.3389/fpls.2023.1066509,europe_pmc,2023,,Bixa orellana,6
pmid:36881078,36881078,10.21873/invivo.13117,pubmed,2023,"In vivo (Athens, Greece)",Morinda citrifolia,6
pmid:36883156,36883156,10.22092/ari.2022.358132.2158,europe_pmc,2022,,Lepidium meyenii,6
pmid:36888802,36888802,10.17843/rpmesp.2022.394.11978,pubmed,2022,Revista peruana de medicina experimental y salud publica,Bixa orellana,8
pmid:36895198,36895198,10.1093/jee/toad034,pubmed,2023,Journal of economic entomology,Solanum tuberosum,5
pmid:36897894,36897894,10.3855/jidc.17576,pubmed,2023,Journal of infection in developing countries,Plantago major,5
pmid:36899074,36899074,10.1038/s41598-022-25845-4,pubmed,2023,Scientific reports,Solanum tuberosum,1
pmid:36899280,36899280,10.1007/s11033-023-08319-2,pubmed,2023,Molecular biology reports,Lepidium meyenii,8
pmid:36903846,36903846,10.3390/plants12050985,europe_pmc,2023,,Tagetes minuta,5
pmid:36903977,36903977,10.3390/plants12051116,europe_pmc,2023,,Taraxacum officinale,5
pmid:36918199,36918199,10.1093/lambio/ovad034,pubmed,2023,Letters in applied microbiology,Origanum vulgare,5
pmid:36918622,36918622,10.1038/s41598-023-31282-8,pubmed,2023,Scientific reports,Aloe vera,5
pmid:36919620,36919620,10.1002/cbdv.202201087,pubmed,2023,Chemistry & biodiversity,Bixa orellana,4
pmid:36925552,36925552,10.1016/j.heliyon.2023.e14292,europe_pmc,2023,,Uncaria tomentosa,6
pmid:36934258,36934258,10.1186/s12906-023-03916-x,pubmed,2023,BMC complementary medicine and therapies,Carica papaya; Psidium guajava,6
pmid:36939940,36939940,10.1007/s13659-023-00373-4,pubmed,2023,Natural products and bioprospecting,Lupinus mutabilis,4
pmid:36943586,36943586,10.1007/s10661-023-11095-y,pubmed,2023,Environmental monitoring and assessment,Opuntia ficus-indica,3
pmid:36947494,36947494,10.1371/journal.pone.0282343,europe_pmc,2023,,Taraxacum officinale,4
pmid:36958415,36958415,10.1016/j.ctim.2023.102942,pubmed,2023,Complementary therapies in medicine,Aloe vera,6
pmid:36958865,36958865,10.1093/mmy/myad026,pubmed,2023,Medical mycology,Origanum vulgare,5
pmid:36963360,36963360,10.1016/j.biopha.2023.114572,pubmed,2023,Biomedicine & pharmacotherapy = Biomedecine & pharmacotherapie,Taraxacum officinale,7
pmid:36964580,36964580,10.1186/s13002-023-00580-w,pubmed,2023,Journal of ethnobiology and ethnomedicine,Morinda citrifolia,8
pmid:36965069,36965069,10.1002/bab.2461,europe_pmc,2023,,Psidium guajava; Punica granatum,5
pmid:36966174,36966174,10.1038/s41598-023-31875-3,pubmed,2023,Scientific reports,Origanum vulgare,7
pmid:36966851,36966851,10.1016/j.jep.2023.116408,pubmed,2023,Journal of ethnopharmacology,Passiflora edulis,8
pmid:36969320,36969320,10.1016/j.bbrep.2023.101455,europe_pmc,2023,,Malva sylvestris,5
pmid:36971356,36971356,10.1002/pca.3219,europe_pmc,2023,,Punica granatum,5
pmid:36974531,36974531,10.31557/APJCP.2023.24.3.801,pubmed,2023,Asian Pacific journal of cancer prevention : APJCP,Punica granatum,5
pmid:36978928,36978928,10.3390/antiox12030680,pubmed,2023,"Antioxidants (Basel, Switzerland)",Rosmarinus officinalis,3
pmid:36986340,36986340,10.3390/pathogens12030418,europe_pmc,2023,,Chenopodium quinoa,5
pmid:36988843,36988843,10.1007/s12010-023-04473-2,europe_pmc,2023,,Carica papaya,5
pmid:36995620,36995620,10.1007/978-1-0716-3131-7_5,pubmed,2023,"Methods in molecular biology (Clifton, N.J.)",Solanum tuberosum,4
pmid:37009425,37009425,10.1016/j.jsps.2023.02.012,europe_pmc,2023,,Psidium guajava,6
pmid:37010381,37010381,10.32394/rpzh.2023.0247,pubmed,2023,Roczniki Panstwowego Zakladu Higieny,Physalis peruviana,6
pmid:37017953,37017953,10.1002/jsfa.12605,europe_pmc,2023,,Opuntia ficus-indica,5
pmid:37019160,37019160,10.1016/j.jep.2023.116453,pubmed,2023,Journal of ethnopharmacology,Verbena litoralis,10
pmid:37024266,37024266,10.1093/bbb/zbad042,pubmed,2023,"Bioscience, biotechnology, and biochemistry",Calendula officinalis,3
pmid:37032441,37032441,10.1002/cbdv.202201051,pubmed,2023,Chemistry & biodiversity,Passiflora edulis,4
pmid:37039741,37039741,10.1002/ptr.7830,pubmed,2023,Phytotherapy research : PTR,Matricaria chamomilla,8
pmid:37044231,37044231,10.1016/j.jep.2023.116484,pubmed,2023,Journal of ethnopharmacology,Malva sylvestris; Matricaria chamomilla,8
pmid:37050092,37050092,10.3390/plants12071465,europe_pmc,2023,,Carica papaya,5
pmid:37050276,37050276,10.3390/polym15071662,europe_pmc,2023,,Mauritia flexuosa,5
pmid:37055840,37055840,10.1186/s13065-023-00948-9,pubmed,2023,BMC chemistry,Psidium guajava,7
pmid:37056472,37056472,10.1177/15593258231169387,pubmed,2023,Dose-response : a publication of International Hormesis Society,Aloe vera,4
pmid:37061992,37061992,10.1007/s12033-023-00745-8,pubmed,2024,Molecular biotechnology,Solanum tuberosum,5
pmid:37066030,37066030,10.3746/pnf.2023.28.1.30,europe_pmc,2023,,Plukenetia volubilis,6
pmid:37075777,37075777,10.1088/1748-605x/acce89,europe_pmc,2023,,Calendula officinalis,7
pmid:37101730,37101730,,pubmed,2023,"Integrative medicine (Encinitas, Calif.)",Origanum vulgare; Uncaria tomentosa,9
pmid:37107072,37107072,10.3390/antibiotics12040710,europe_pmc,2023,,Bixa orellana,8
pmid:37115321,37115321,10.1007/s00894-023-05569-6,pubmed,2023,Journal of molecular modeling,Rosmarinus officinalis,3
pmid:37120188,37120188,10.1016/j.foodres.2023.112705,pubmed,2023,"Food research international (Ottawa, Ont.)",Solanum tuberosum,5
pmid:37123220,37123220,10.1016/j.isci.2023.106556,europe_pmc,2023,,Passiflora edulis,4
pmid:37123786,37123786,10.7759/cureus.36837,europe_pmc,2023,,Morinda citrifolia,6
pmid:37131965,37131965,10.1007/s13205-023-03567-2,europe_pmc,2023,,Carica papaya,5
pmid:37132743,37132743,10.1590/1519-6984.271954,pubmed,2023,Brazilian journal of biology = Revista brasleira de biologia,Chenopodium quinoa,5
pmid:37137171,37137171,10.1016/j.mycmed.2023.101391,pubmed,2023,Journal de mycologie medicale,Origanum vulgare,5
pmid:37141660,37141660,10.1016/j.ultsonch.2023.106425,europe_pmc,2023,,Physalis peruviana,7
pmid:37144167,37144167,10.4103/jmau.jmau_104_22,europe_pmc,2023,,Physalis peruviana,6
pmid:37145240,37145240,10.1007/s10653-023-01584-x,pubmed,2023,Environmental geochemistry and health,Rosmarinus officinalis,5
pmid:37146736,37146736,10.1016/j.fitote.2023.105521,europe_pmc,2023,,Lepidium meyenii,3
pmid:37153695,37153695,10.1007/s40203-023-00147-3,europe_pmc,2023,,Morinda citrifolia,5
pmid:37159742,37159742,10.1007/s40201-023-00851-4,europe_pmc,2023,,Annona muricata,5
pmid:37174425,37174425,10.3390/foods12091887,europe_pmc,2023,,Annona muricata,5
pmid:37176870,37176870,10.3390/plants12091813,europe_pmc,2023,,Carica papaya,5
pmid:37179510,37179510,10.1007/s10787-023-01237-6,pubmed,2023,Inflammopharmacology,Eucalyptus globulus,8
pmid:37179558,37179558,10.3389/fnins.2023.1153889,europe_pmc,2023,,Calendula officinalis,8
pmid:37182084,37182084,10.7759/cureus.37408,pubmed,2023,Cureus,Argemone mexicana,8
pmid:37193502,37193502,10.1007/s12639-023-01586-7,europe_pmc,2023,,Punica granatum,5
pmid:37195017,37195017,10.1002/tpg2.20349,pubmed,2023,The plant genome,Chenopodium quinoa,6
pmid:37198538,37198538,10.1186/s12870-023-04261-4,pubmed,2023,BMC plant biology,Calendula officinalis,5
pmid:37199447,37199447,10.1111/1750-3841.16604,pubmed,2023,Journal of food science,Chenopodium quinoa,4
pmid:37209466,37209466,10.1016/j.ctarc.2023.100720,pubmed,2023,Cancer treatment and research communications,Aloe vera; Plantago major,5
pmid:37209564,37209564,10.1016/j.bbrc.2023.05.008,europe_pmc,2023,,Lepidium meyenii,6
pmid:37209606,37209606,10.1016/j.phymed.2023.154872,pubmed,2023,Phytomedicine : international journal of phytotherapy and phytopharmacology,Taraxacum officinale,9
pmid:37213156,37213156,10.14715/cmb/2022.69.1.9,pubmed,2023,"Cellular and molecular biology (Noisy-le-Grand, France)",Punica granatum,5
pmid:37215287,37215287,10.3389/fpls.2023.1124351,europe_pmc,2023,,Passiflora edulis,8
pmid:37225737,37225737,10.1038/s41598-023-34334-1,pubmed,2023,Scientific reports,Uncaria guianensis; Uncaria tomentosa,5
pmid:37228100,37228100,10.1093/dnares/dsad013,pubmed,2023,DNA research : an international journal for rapid publication of reports on genes and genomes,Plantago major,4
pmid:37234333,37234333,10.4103/jomfp.jomfp_151_21,europe_pmc,2023,,Carica papaya,8
pmid:37236992,37236992,10.1038/s41467-023-38722-z,pubmed,2023,Nature communications,Morinda citrifolia,4
pmid:37237749,37237749,10.3390/antibiotics12050846,europe_pmc,2023,,Eucalyptus globulus,4
pmid:37237926,37237926,10.3390/antiox12051060,europe_pmc,2023,,Chenopodium quinoa,6
pmid:37241805,37241805,10.3390/molecules28104064,europe_pmc,2023,,Lepidium meyenii,5
pmid:37241878,37241878,10.3390/molecules28104137,pubmed,2023,"Molecules (Basel, Switzerland)",Croton lechleri,3
pmid:37259436,37259436,10.3390/ph16020292,europe_pmc,2023,,Aloe vera; Mauritia flexuosa,7
pmid:37263318,37263318,10.1016/j.jep.2023.116682,pubmed,2023,Journal of ethnopharmacology,Annona muricata,5
pmid:37264351,37264351,10.1186/s12870-023-04310-y,pubmed,2023,BMC plant biology,Chenopodium quinoa,6
pmid:37278859,37278859,10.1007/s13659-023-00384-1,pubmed,2023,Natural products and bioprospecting,Lepidium meyenii,3
pmid:37279446,37279446,10.1093/bbb/zbad070,pubmed,2023,"Bioscience, biotechnology, and biochemistry",Physalis peruviana,4
pmid:37283988,37283988,10.1002/pei3.10092,europe_pmc,2022,,Amaranthus caudatus,5
pmid:3729389,3729389,10.1128/aem.51.5.1085-1088.1986,pubmed,1986,Applied and environmental microbiology,Schinus molle,3
pmid:37299522,37299522,10.3390/nu15112559,europe_pmc,2023,,Annona muricata,5
pmid:37300667,37300667,10.14715/cmb/2023.69.3.29,europe_pmc,2023,,Eucalyptus globulus,6
pmid:37301304,37301304,10.1016/j.jep.2023.116761,pubmed,2023,Journal of ethnopharmacology,Rosmarinus officinalis; Taraxacum officinale,8
pmid:37306932,37306932,10.1007/s11418-023-01711-z,pubmed,2023,Journal of natural medicines,Punica granatum,6
pmid:37312826,37312826,10.18502/fid.v20i4.12358,pubmed,2023,Frontiers in dentistry,Aloe vera,1
pmid:37314054,37314054,10.54589/aol.36/1/3,pubmed,2023,Acta odontologica latinoamericana : AOL,Plantago major,5
pmid:37316081,37316081,10.1016/j.foodres.2023.113014,pubmed,2023,"Food research international (Ottawa, Ont.)",Plukenetia volubilis,6
pmid:37316612,37316612,10.1007/s12033-023-00779-y,pubmed,2025,Molecular biotechnology,Psidium guajava,7
pmid:37330432,37330432,10.1007/s10653-023-01659-9,pubmed,2023,Environmental geochemistry and health,Chenopodium quinoa,5
pmid:37332492,37332492,10.1093/femsmc/xtac001,europe_pmc,2022,,Carica papaya,4
pmid:37337677,37337677,10.1093/g3journal/jkad125,europe_pmc,2023,,Theobroma cacao,5
pmid:37338726,37338726,10.1007/s10895-023-03260-w,pubmed,2024,Journal of fluorescence,Eucalyptus globulus,5
pmid:37341599,37341599,10.1128/iai.00517-22,europe_pmc,2023,,Carica papaya,6
pmid:37360438,37360438,10.1021/acsomega.3c01045,europe_pmc,2023,,Carica papaya,5
pmid:37365431,37365431,10.1007/s10103-023-03805-2,pubmed,2023,Lasers in medical science,Taraxacum officinale,5
pmid:37368604,37368604,10.3390/toxics11060504,europe_pmc,2023,,Punica granatum,6
pmid:37368780,37368780,10.3390/vetsci10060394,europe_pmc,2023,,Punica granatum,5
pmid:37373340,37373340,10.3390/ijms241210195,europe_pmc,2023,,Tagetes minuta,8
pmid:37373341,37373341,10.3390/ijms241210185,europe_pmc,2023,,Calendula officinalis,5
pmid:37375921,37375921,10.3390/plants12122296,europe_pmc,2023,,Passiflora edulis,6
pmid:37375976,37375976,10.3390/plants12122352,europe_pmc,2023,,Matricaria chamomilla,7
pmid:37393246,37393246,10.1186/s12906-023-04041-5,pubmed,2023,BMC complementary medicine and therapies,Schinus molle,3
pmid:37394810,37394810,10.1080/07391102.2023.2230293,europe_pmc,2024,,Carica papaya,5
pmid:37399877,37399877,10.1016/j.ijbiomac.2023.125660,europe_pmc,2023,,Malva sylvestris,8
pmid:37400738,37400738,10.1007/s00284-023-03368-z,europe_pmc,2023,,Opuntia ficus-indica,5
pmid:37401169,37401169,10.1093/lambio/ovad076,pubmed,2023,Letters in applied microbiology,Eucalyptus globulus; Rosmarinus officinalis,5
pmid:37408582,37408582,10.1155/2023/7837615,europe_pmc,2023,,Opuntia ficus-indica,6
pmid:37418380,37418380,10.1371/journal.pone.0288169,pubmed,2023,PloS one,Origanum vulgare,6
pmid:37419259,37419259,10.1016/j.ijbiomac.2023.125718,pubmed,2023,International journal of biological macromolecules,Matricaria chamomilla,5
pmid:37420236,37420236,10.1186/s12906-023-04053-1,europe_pmc,2023,,Punica granatum,6
pmid:37440207,37440207,10.1093/jpp/rgad066,pubmed,2023,The Journal of pharmacy and pharmacology,Annona muricata,6
pmid:37441376,37441376,10.1016/j.heliyon.2023.e17379,europe_pmc,2023,,Carica papaya,6
pmid:37450504,37450504,10.1371/journal.pone.0288787,pubmed,2023,PloS one,Eucalyptus globulus,5
pmid:37454062,37454062,10.1186/s12906-023-04073-x,pubmed,2023,BMC complementary medicine and therapies,Annona muricata,7
pmid:37454777,37454777,10.1016/j.fitote.2023.105612,pubmed,2023,Fitoterapia,Bixa orellana,2
pmid:37457904,37457904,10.17113/ftb.61.02.23.7913,europe_pmc,2023,,Punica granatum,10
pmid:37460650,37460650,10.1007/s10886-023-01445-y,pubmed,2023,Journal of chemical ecology,Solanum tuberosum,6
pmid:3747561,3747561,10.1016/0378-8741(86)90086-3,pubmed,1986,Journal of ethnopharmacology,Erythroxylum coca,7
pmid:37481929,37481929,10.1016/j.biopha.2023.115159,pubmed,2023,Biomedicine & pharmacotherapy = Biomedecine & pharmacotherapie,Rosmarinus officinalis,8
pmid:37487392,37487392,10.1016/j.foodchem.2023.136718,pubmed,2023,Food chemistry,Solanum tuberosum,4
pmid:37498320,37498320,10.1089/jmf.2023.0051,europe_pmc,2023,,Punica granatum,4
pmid:37501959,37501959,10.1016/j.heliyon.2023.e17819,pubmed,2023,Heliyon,Passiflora edulis; Physalis peruviana,6
pmid:37504431,37504431,10.3390/gels9070552,pubmed,2023,"Gels (Basel, Switzerland)",Aloe vera,1
pmid:37504642,37504642,10.3390/insects14070636,europe_pmc,2023,,Eucalyptus globulus,4
pmid:37505288,37505288,10.1007/s00253-023-12667-1,pubmed,2023,Applied microbiology and biotechnology,Passiflora edulis,5
pmid:37511169,37511169,10.3390/ijms241411408,europe_pmc,2023,,Solanum tuberosum,5
pmid:37512956,37512956,10.3390/microorganisms11071784,europe_pmc,2023,,Psidium guajava,7
pmid:37513699,37513699,10.3390/nu15143281,europe_pmc,2023,,Smallanthus sonchifolius,4
pmid:37513823,37513823,10.3390/ph16070912,pubmed,2023,"Pharmaceuticals (Basel, Switzerland)",Passiflora edulis,5
pmid:37513892,37513892,10.3390/ph16070980,europe_pmc,2023,,Origanum vulgare,5
pmid:37514435,37514435,10.3390/polym15143047,europe_pmc,2023,,Psidium guajava,6
pmid:37516866,37516866,10.1186/s12906-023-04085-7,europe_pmc,2023,,Carica papaya,6
pmid:37517287,37517287,10.1016/j.biopha.2023.115193,pubmed,2023,Biomedicine & pharmacotherapy = Biomedecine & pharmacotherapie,Oenothera rosea,5
pmid:37518180,37518180,10.1186/s12870-023-04342-4,pubmed,2023,BMC plant biology,Chenopodium quinoa,4
pmid:37520604,37520604,10.1016/j.sdentj.2023.05.007,europe_pmc,2023,,Aloe vera,8
pmid:37522099,37522099,10.2903/j.efsa.2023.8178,europe_pmc,2023,,Eucalyptus globulus,6
pmid:37530518,37530518,10.1111/pbi.14141,pubmed,2023,Plant biotechnology journal,Solanum americanum,4
pmid:37532071,37532071,10.1016/j.jep.2023.116984,pubmed,2024,Journal of ethnopharmacology,Rosmarinus officinalis,11
pmid:37534020,37534020,,europe_pmc,2023,,Uncaria tomentosa,13
pmid:37535087,37535087,10.1007/s00418-023-02224-2,pubmed,2023,Histochemistry and cell biology,Amaranthus caudatus,5
pmid:37537575,37537575,10.1186/s12951-023-02027-6,europe_pmc,2023,,Calendula officinalis,6
pmid:37547131,37547131,,pubmed,2022,BAOJ cancer research & therapy,Annona muricata,3
pmid:37550621,37550621,10.1186/s12870-023-04387-5,pubmed,2023,BMC plant biology,Origanum vulgare,5
pmid:37554703,37554703,10.3389/fnut.2023.1129723,europe_pmc,2023,,Chenopodium quinoa,6
pmid:37559120,37559120,10.1186/s13002-023-00606-3,pubmed,2023,Journal of ethnobiology and ethnomedicine,Psidium guajava,10
pmid:37562335,37562335,10.1016/j.foodchem.2023.137001,pubmed,2024,Food chemistry,Chenopodium quinoa,4
pmid:37564384,37564384,10.3389/fpls.2023.1214006,europe_pmc,2023,,Solanum tuberosum,5
pmid:37565091,37565091,10.7759/cureus.41628,europe_pmc,2023,,Aloe vera,4
pmid:37569113,37569113,10.3390/foods12152844,pubmed,2023,"Foods (Basel, Switzerland)",Aloe vera,5
pmid:37569467,37569467,10.3390/ijms241512091,europe_pmc,2023,,Passiflora edulis,4
pmid:37570607,37570607,10.3390/molecules28155638,europe_pmc,2023,,Taraxacum officinale,4
pmid:37570913,37570913,10.3390/plants12152758,europe_pmc,2023,,Opuntia ficus-indica,6
pmid:37606089,37606089,10.1002/jemt.24401,pubmed,2023,Microscopy research and technique,Punica granatum,5
pmid:37608104,37608104,10.1007/978-1-0716-3358-8_7,pubmed,2023,"Methods in molecular biology (Clifton, N.J.)",Theobroma cacao,4
pmid:37624193,37624193,10.3390/toxics11080688,europe_pmc,2023,,Annona muricata,6
pmid:37626269,37626269,10.1007/s12035-023-03547-w,pubmed,2024,Molecular neurobiology,Carica papaya; Punica granatum,3
pmid:37639773,37639773,10.1016/j.bioelechem.2023.108549,pubmed,2023,"Bioelectrochemistry (Amsterdam, Netherlands)",Solanum tuberosum,4
pmid:37640097,37640097,10.1016/j.brainres.2023.148554,pubmed,2023,Brain research,Punica granatum,6
pmid:37641595,37641595,10.7717/peerj.15925,europe_pmc,2023,,Chenopodium quinoa,5
pmid:37644587,37644587,10.1186/s41182-023-00541-9,pubmed,2023,Tropical medicine and health,Aloe vera,6
pmid:37645475,37645475,10.1080/23802359.2023.2248683,europe_pmc,2023,,Smallanthus sonchifolius,3
pmid:37658427,37658427,10.1186/s41182-023-00540-w,pubmed,2023,Tropical medicine and health,Eucalyptus globulus,7
pmid:37670337,37670337,10.1186/s12906-023-04139-w,pubmed,2023,BMC complementary medicine and therapies,Caesalpinia spinosa,7
pmid:37670716,37670716,10.2174/1570163820666230904150945,pubmed,2024,Current drug discovery technologies,Aloe vera,6
pmid:37673083,37673083,10.1055/s-0043-1770339,pubmed,2024,Homeopathy : the journal of the Faculty of Homeopathy,Cinchona officinalis,7
pmid:37675925,37675925,10.1002/ptr.7987,pubmed,2023,Phytotherapy research : PTR,Punica granatum; Rosmarinus officinalis,4
pmid:37675926,37675926,10.1111/1758-2229.13195,pubmed,2023,Environmental microbiology reports,Physalis peruviana,4
pmid:37676084,37676084,10.1111/1750-3841.16736,pubmed,2023,Journal of food science,Lupinus mutabilis,6
pmid:37687334,37687334,10.3390/plants12173087,europe_pmc,2023,,Solanum tuberosum; Taraxacum officinale,4
pmid:37691396,37691396,10.1093/plphys/kiad493,pubmed,2023,Plant physiology,Solanum tuberosum,6
pmid:37697053,37697053,10.1038/s41443-023-00763-9,pubmed,2024,International journal of impotence research,Lepidium meyenii; Punica granatum; Theobroma cacao,5
pmid:37700948,37700948,10.7759/cureus.43308,pubmed,2023,Cureus,Calendula officinalis,1
pmid:37701198,37701198,10.1002/fsn3.3520,pubmed,2023,Food science & nutrition,Aloe vera,5
pmid:37714347,37714347,10.1016/j.scitotenv.2023.167071,pubmed,2023,The Science of the total environment,Taraxacum officinale,2
pmid:37722234,37722234,10.1016/j.jaim.2023.100776,europe_pmc,2023,,Psidium guajava,8
pmid:37722846,37722846,10.1111/iwj.14413,pubmed,2024,International wound journal,Calendula officinalis,3
pmid:37725398,37725398,10.1002/vms3.1268,pubmed,2023,Veterinary medicine and science,Eucalyptus globulus,7
pmid:37726070,37726070,10.1016/j.jep.2023.117200,pubmed,2024,Journal of ethnopharmacology,Aloe vera,6
pmid:37726667,37726667,10.1186/s12870-023-04434-1,europe_pmc,2023,,Malva sylvestris,8
pmid:37729210,37729210,10.1590/1519-6984.271339,pubmed,2023,Brazilian journal of biology = Revista brasleira de biologia,Uncaria tomentosa,5
pmid:37736869,37736869,10.1007/s11259-023-10222-x,pubmed,2024,Veterinary research communications,Aloe vera,6
pmid:37737938,37737938,10.1007/s11250-023-03722-0,pubmed,2023,Tropical animal health and production,Punica granatum,6
pmid:37759981,37759981,10.3390/antiox12091679,europe_pmc,2023,,Matricaria chamomilla,6
pmid:37760791,37760791,10.3390/biomedicines11092349,europe_pmc,2023,,Psidium guajava,6
pmid:37761114,37761114,10.3390/foods12183405,europe_pmc,2023,,Plukenetia volubilis,4
pmid:37765345,37765345,10.3390/plants12183180,europe_pmc,2023,,Malva sylvestris,6
pmid:37777721,37777721,10.1186/s12906-023-04178-3,pubmed,2023,BMC complementary medicine and therapies,Eucalyptus globulus,8
pmid:37778453,37778453,10.1016/j.physbeh.2023.114360,pubmed,2023,Physiology & behavior,Opuntia ficus-indica,5
pmid:37783716,37783716,10.1038/s41598-023-43673-y,pubmed,2023,Scientific reports,Rosmarinus officinalis,4
pmid:37793207,37793207,10.1016/j.tice.2023.102227,pubmed,2023,Tissue & cell,Punica granatum,3
pmid:37794521,37794521,10.1186/s13098-023-01171-1,europe_pmc,2023,,Morinda citrifolia,7
pmid:37803711,37803711,10.1016/j.foodres.2023.113374,pubmed,2023,"Food research international (Ottawa, Ont.)",Psidium guajava,4
pmid:37810677,37810677,10.1021/acsomega.3c03507,europe_pmc,2023,,Tagetes minuta,5
pmid:37816677,37816677,10.1111/jjns.12559,pubmed,2024,Japan journal of nursing science : JJNS,Aloe vera,4
pmid:37818274,37818274,10.1039/d3ra05949a,europe_pmc,2023,,Chenopodium quinoa,5
pmid:37819893,37819893,10.1371/journal.pone.0292077,europe_pmc,2023,,Carica papaya,6
pmid:37820210,37820210,10.1590/1519-6984.274986,pubmed,2023,Brazilian journal of biology = Revista brasleira de biologia,Oxalis tuberosa,5
pmid:37822818,37822818,10.6026/97320630019407,europe_pmc,2023,,Matricaria chamomilla,4
pmid:37832411,37832411,10.1016/j.foodchem.2023.137675,pubmed,2024,Food chemistry,Caesalpinia spinosa,4
pmid:37839112,37839112,10.1016/j.biopha.2023.115644,pubmed,2023,Biomedicine & pharmacotherapy = Biomedecine & pharmacotherapie,Bixa orellana,5
pmid:37842248,37842248,10.3746/pnf.2023.28.3.235,europe_pmc,2023,,Carica papaya,6
pmid:37844753,37844753,10.1016/j.exppara.2023.108617,pubmed,2023,Experimental parasitology,Morinda citrifolia,4
pmid:37851179,37851179,10.1007/s00436-023-07993-2,europe_pmc,2023,,Carica papaya,6
pmid:37851782,37851782,10.1590/acb383723,pubmed,2023,Acta cirurgica brasileira,Calendula officinalis,3
pmid:37853377,37853377,10.1186/s13002-023-00617-0,pubmed,2023,Journal of ethnobiology and ethnomedicine,Annona muricata,6
pmid:37855358,37855358,10.2174/0113862073269336231009110313,europe_pmc,2024,,Malva sylvestris,5
pmid:37857249,37857249,10.1016/j.biopha.2023.115703,pubmed,2023,Biomedicine & pharmacotherapy = Biomedecine & pharmacotherapie,Eucalyptus globulus; Origanum vulgare,5
pmid:37868528,37868528,10.7759/cureus.45677,pubmed,2023,Cureus,Punica granatum,5
pmid:37872596,37872596,10.1186/s41182-023-00550-8,europe_pmc,2023,,Opuntia ficus-indica,6
pmid:37876588,37876588,10.1155/2023/6670648,europe_pmc,2023,,Opuntia ficus-indica,6
pmid:37879216,37879216,10.1016/j.biopha.2023.115727,pubmed,2023,Biomedicine & pharmacotherapy = Biomedecine & pharmacotherapie,Rosmarinus officinalis,7
pmid:37880586,37880586,10.1186/s12870-023-04538-8,pubmed,2023,BMC plant biology,Punica granatum,5
pmid:37880735,37880735,10.1186/s12906-023-04216-0,pubmed,2023,BMC complementary medicine and therapies,Psidium guajava,6
pmid:37887049,37887049,10.3390/biology12101339,europe_pmc,2023,,Opuntia ficus-indica,4
pmid:37888367,37888367,10.3390/gels9100794,europe_pmc,2023,,Matricaria chamomilla,4
pmid:37893999,37893999,10.3390/ani13203275,europe_pmc,2023,,Morinda citrifolia,5
pmid:37894538,37894538,10.3390/molecules28207060,europe_pmc,2023,,Calendula officinalis,4
pmid:37895331,37895331,10.3390/life13101949,europe_pmc,2023,,Calendula officinalis,5
pmid:37901108,37901108,10.3389/fvets.2023.1134138,europe_pmc,2023,,Morinda citrifolia,8
pmid:37901496,37901496,10.1021/acsomega.3c05588,europe_pmc,2023,,Psidium guajava,5
pmid:37904576,37904576,10.1111/nph.19345,pubmed,2024,The New phytologist,Chenopodium quinoa,5
pmid:37907100,37907100,10.1016/j.scitotenv.2023.168130,europe_pmc,2024,,Malva sylvestris,6
pmid:37910451,37910451,10.1371/journal.pone.0293553,pubmed,2023,PloS one,Aloe vera; Psidium guajava,4
pmid:37914791,37914791,10.1038/s41598-023-46002-5,pubmed,2023,Scientific reports,Morinda citrifolia,2
pmid:37915246,37915246,10.1024/0300-9831/a000797,pubmed,2024,International journal for vitamin and nutrition research. Internationale Zeitschrift fur Vitamin- und Ernahrungsforschung. Journal international de vitaminologie et de nutrition,Aloe vera,1
pmid:37916381,37916381,10.26355/eurrev_202310_34191,europe_pmc,2023,,Matricaria chamomilla,6
pmid:37920640,37920640,10.7759/cureus.46364,pubmed,2023,Cureus,Psidium guajava,1
pmid:37928490,37928490,10.6026/97320630019976,europe_pmc,2023,,Calendula officinalis,3
pmid:37929148,37929148,10.1021/acsomega.3c05606,europe_pmc,2023,,Passiflora ligularis,7
pmid:37932686,37932686,10.1186/s12870-023-04546-8,europe_pmc,2023,,Passiflora edulis,6
pmid:37944220,37944220,10.1016/j.jtemb.2023.127324,europe_pmc,2024,,Carica papaya,7
pmid:37944810,37944810,10.3168/jds.2023-23847,pubmed,2024,Journal of dairy science,Opuntia ficus-indica,6
pmid:37960106,37960106,10.3390/plants12213750,europe_pmc,2023,,Taraxacum officinale,4
pmid:37968654,37968654,10.1186/s12906-023-04204-4,pubmed,2023,BMC complementary medicine and therapies,Uncaria tomentosa,7
pmid:37970376,37970376,10.1002/fsn3.3644,europe_pmc,2023,,Punica granatum,6
pmid:37970433,37970433,10.1002/fsn3.3603,europe_pmc,2023,,Chenopodium quinoa,5
pmid:37971091,37971091,10.1590/1519-6984.277641,pubmed,2023,Brazilian journal of biology = Revista brasleira de biologia,Calendula officinalis,5
pmid:37979081,37979081,10.1007/s12010-023-04783-5,pubmed,2024,Applied biochemistry and biotechnology,Plukenetia volubilis,6
pmid:37981022,37981022,10.1016/j.fitote.2023.105752,pubmed,2024,Fitoterapia,Eucalyptus globulus; Opuntia ficus-indica,5
pmid:37989713,37989713,10.1002/jsfa.13127,pubmed,2024,Journal of the science of food and agriculture,Chenopodium quinoa,6
pmid:37991036,37991036,10.17843/rpmesp.2023.403.12191,pubmed,2023,Revista peruana de medicina experimental y salud publica,Piper aduncum; Plantago major,7
pmid:37991201,37991201,10.1111/iep.12498,pubmed,2024,International journal of experimental pathology,Opuntia ficus-indica,5
pmid:37996915,37996915,10.1186/s13002-023-00629-w,pubmed,2023,Journal of ethnobiology and ethnomedicine,Psidium guajava,8
pmid:37998937,37998937,10.3390/gels9110847,pubmed,2023,"Gels (Basel, Switzerland)",Aloe vera,5
pmid:38001336,38001336,10.1038/s41598-023-48152-y,europe_pmc,2023,,Opuntia ficus-indica,6
pmid:38007139,38007139,10.1016/j.scitotenv.2023.168725,pubmed,2024,The Science of the total environment,Lupinus mutabilis; Oxalis tuberosa,6
pmid:38021636,38021636,10.7759/cureus.47557,pubmed,2023,Cureus,Punica granatum,1
pmid:38023092,38023092,10.4103/jehp.jehp_1297_22,pubmed,2023,Journal of education and health promotion,Aloe vera,8
pmid:38023319,38023319,10.1016/j.mex.2023.102471,europe_pmc,2023,,Annona muricata,6
pmid:38026217,38026217,10.1016/j.isci.2023.108329,europe_pmc,2023,,Passiflora edulis,4
pmid:38030020,38030020,10.1016/j.jep.2023.117502,pubmed,2024,Journal of ethnopharmacology,Physalis peruviana,8
pmid:38031797,38031797,10.2174/0115680266270796231109171808,pubmed,2024,Current topics in medicinal chemistry,Cinchona officinalis,7
pmid:38032959,38032959,10.1371/journal.pone.0295129,pubmed,2023,PloS one,Punica granatum,6
pmid:38033979,38033979,10.4103/jomfp.jomfp_299_23,europe_pmc,2023,,Annona muricata,5
pmid:38035714,38035714,10.1002/pca.3307,europe_pmc,2024,,Punica granatum,7
pmid:38037833,38037833,10.2174/0118715206269394231124093423,europe_pmc,2024,,Punica granatum,7
pmid:38047360,38047360,10.2174/011570162X271199231128092621,pubmed,2023,Current HIV research,Morinda citrifolia,7
pmid:38050657,38050657,10.1111/jocd.16066,europe_pmc,2024,,Carica papaya,7
pmid:38054116,38054116,10.7759/cureus.48260,europe_pmc,2023,,Aloe vera; Morinda citrifolia,11
pmid:38055562,38055562,10.1590/0001-3765202320221026,pubmed,2023,Anais da Academia Brasileira de Ciencias,Morinda citrifolia,3
pmid:38056537,38056537,10.1016/j.jep.2023.117542,pubmed,2024,Journal of ethnopharmacology,Uncaria tomentosa,11
pmid:38056538,38056538,10.1016/j.jep.2023.117533,europe_pmc,2024,,Lepidium meyenii,5
pmid:38064459,38064459,10.1371/journal.pone.0290000,europe_pmc,2023,,Chenopodium quinoa,5
pmid:38067358,38067358,10.3390/cancers15235654,europe_pmc,2023,,Argemone mexicana,6
pmid:38068691,38068691,10.3390/plants12234056,europe_pmc,2023,,Calendula officinalis,5
pmid:38069092,38069092,10.3390/ijms242316770,europe_pmc,2023,,Carica papaya,6
pmid:38073972,38073972,10.7759/cureus.48537,europe_pmc,2023,,Punica granatum,5
pmid:38073976,38073976,10.7759/cureus.48492,pubmed,2023,Cureus,Theobroma cacao,8
pmid:38076168,38076168,10.1016/j.heliyon.2023.e22977,europe_pmc,2023,,Carica papaya,6
pmid:38086114,38086114,10.1016/j.jenvman.2023.119665,pubmed,2024,Journal of environmental management,Mauritia flexuosa,5
pmid:38093362,38093362,10.1186/s13002-023-00632-1,pubmed,2023,Journal of ethnobiology and ethnomedicine,Taraxacum officinale,8
pmid:38110557,38110557,10.3923/pjbs.2023.516.528,pubmed,2023,Pakistan journal of biological sciences : PJBS,Annona muricata,5
pmid:38112040,38112040,10.1002/bab.2543,europe_pmc,2024,,Opuntia ficus-indica,5
pmid:38113217,38113217,10.1371/journal.pone.0295524,pubmed,2023,PloS one,Psidium guajava,5
pmid:38113989,38113989,10.1016/j.jep.2023.117598,europe_pmc,2024,,Annona muricata,5
pmid:38117160,38117160,10.32394/rpzh.2023.0281,pubmed,2023,Roczniki Panstwowego Zakladu Higieny,Matricaria chamomilla,9
pmid:38124039,38124039,10.1186/s12870-023-04680-3,pubmed,2023,BMC plant biology,Matricaria chamomilla,5
pmid:38130563,38130563,10.7759/cureus.49143,pubmed,2023,Cureus,Psidium guajava,1
pmid:38131928,38131928,10.3390/gels9120942,europe_pmc,2023,,Punica granatum,8
pmid:38138562,38138562,10.3390/molecules28248072,europe_pmc,2023,,Chenopodium quinoa,5
pmid:38138602,38138602,10.3390/molecules28248110,europe_pmc,2023,,Punica granatum,5
pmid:38139763,38139763,10.3390/ph16121636,europe_pmc,2023,,Psidium guajava,6
pmid:38140024,38140024,10.3390/pharmaceutics15122681,europe_pmc,2023,,Mauritia flexuosa,6
pmid:38141653,38141653,10.1093/aob/mcad200,pubmed,2024,Annals of botany,Amaranthus caudatus,7
pmid:38142064,38142064,10.1016/j.carbpol.2023.121578,pubmed,2024,Carbohydrate polymers,Passiflora edulis,4
pmid:38148927,38148927,10.1590/1984-3143-ar2023-0071,europe_pmc,2023,,Mauritia flexuosa,5
pmid:38151670,38151670,10.1007/s00284-023-03572-x,pubmed,2023,Current microbiology,Punica granatum,5
pmid:38158691,38158691,10.14715/cmb/2023.69.13.6,pubmed,2023,"Cellular and molecular biology (Noisy-le-Grand, France)",Matricaria chamomilla,6
pmid:38161939,38161939,10.7759/cureus.49686,europe_pmc,2023,,Carica papaya,8
pmid:38163723,38163723,10.1016/j.foodres.2023.113820,pubmed,2024,"Food research international (Ottawa, Ont.)",Myrciaria dubia,4
pmid:38163838,38163838,10.1007/s13659-023-00417-9,europe_pmc,2024,,Eucalyptus globulus,5
pmid:38166988,38166988,10.1186/s12906-023-04282-4,pubmed,2024,BMC complementary medicine and therapies,Psidium guajava,6
pmid:38171737,38171737,10.5650/jos.ess23147,pubmed,2024,Journal of oleo science,Plukenetia volubilis,4
pmid:38172230,38172230,10.1038/s41598-023-50945-0,pubmed,2024,Scientific reports,Calendula officinalis,3
pmid:38172804,38172804,10.1186/s13002-023-00646-9,europe_pmc,2024,,Carica papaya,7
pmid:38173018,38173018,10.1186/s41182-023-00569-x,pubmed,2024,Tropical medicine and health,Punica granatum,7
pmid:38173823,38173823,10.1007/s13205-023-03876-6,europe_pmc,2024,,Passiflora edulis,5
pmid:38178178,38178178,10.1186/s12906-023-04329-6,pubmed,2024,BMC complementary medicine and therapies,Rosmarinus officinalis,4
pmid:38180679,38180679,10.1007/s10695-023-01289-z,europe_pmc,2024,,Opuntia ficus-indica,5
pmid:38182724,38182724,10.1038/s41598-023-51007-1,europe_pmc,2024,,Psidium guajava,6
pmid:38184174,38184174,10.1016/j.fitote.2023.105813,pubmed,2024,Fitoterapia,Eucalyptus globulus,3
pmid:38198584,38198584,10.1080/14786419.2023.2294477,europe_pmc,2025,,Psidium guajava,5
pmid:38201106,38201106,10.3390/foods13010078,europe_pmc,2023,,Opuntia ficus-indica,6
pmid:38202399,38202399,10.3390/plants13010092,europe_pmc,2023,,Chenopodium quinoa,6
pmid:38204271,38204271,10.2174/0115748863274759231221093309,pubmed,2024,Current drug safety,Aloe vera,1
pmid:38206481,38206481,10.1007/s11130-023-01137-8,pubmed,2024,"Plant foods for human nutrition (Dordrecht, Netherlands)",Opuntia ficus-indica,5
pmid:38222284,38222284,10.1007/s12298-023-01398-2,europe_pmc,2023,,Chenopodium quinoa,5
pmid:38223811,38223811,10.1016/j.jtcme.2023.07.002,europe_pmc,2024,,Chenopodium quinoa,6
pmid:38224521,38224521,10.1093/jxb/erae016,pubmed,2024,Journal of experimental botany,Myrciaria dubia,5
pmid:38229772,38229772,10.7759/cureus.50654,europe_pmc,2023,,Punica granatum,5
pmid:38243358,38243358,10.54548/njps.v38i1.10,pubmed,2023,Nigerian journal of physiological sciences : official publication of the Physiological Society of Nigeria,Eucalyptus globulus,6
pmid:38243927,38243927,10.2174/0122117385281838240105110106,pubmed,2025,Pharmaceutical nanotechnology,Physalis peruviana,9
pmid:38246169,38246169,10.1002/pca.3323,pubmed,2024,Phytochemical analysis : PCA,Theobroma cacao,6
pmid:38254502,38254502,10.3390/foods13020201,europe_pmc,2024,,Punica granatum,4
pmid:38256796,38256796,10.3390/plants13020236,europe_pmc,2024,,Calendula officinalis; Matricaria chamomilla,5
pmid:38257746,38257746,10.3390/v16010047,europe_pmc,2023,,Carica papaya,4
pmid:38259388,38259388,10.7759/cureus.50863,pubmed,2023,Cureus,Schinus molle,2
pmid:38259510,38259510,10.1016/j.fochx.2023.101062,europe_pmc,2024,,Annona muricata,6
pmid:38259939,38259939,10.3389/fpls.2023.1292272,europe_pmc,2023,,Eucalyptus globulus,6
pmid:38262956,38262956,10.1186/s12870-024-04742-0,europe_pmc,2024,,Carica papaya,8
pmid:38263385,38263385,10.1038/s41598-024-52474-w,pubmed,2024,Scientific reports,Eucalyptus globulus,5
pmid:38271901,38271901,10.1016/j.foodchem.2024.138411,pubmed,2024,Food chemistry,Lupinus mutabilis,4
pmid:38276783,38276783,10.3390/plants13020326,europe_pmc,2024,,Taraxacum officinale,5
pmid:38283153,38283153,10.1016/j.jsps.2023.101921,europe_pmc,2024,,Passiflora ligularis,6
pmid:38284599,38284599,10.1111/1541-4337.13273,pubmed,2024,Comprehensive reviews in food science and food safety,Rosmarinus officinalis,5
pmid:38292834,38292834,10.2147/jep.s443355,europe_pmc,2024,,Solanum tuberosum,7
pmid:38309894,38309894,10.1016/j.foodres.2023.113862,pubmed,2024,"Food research international (Ottawa, Ont.)",Chenopodium quinoa,1
pmid:38312101,38312101,10.1002/ps.8006,pubmed,2024,Pest management science,Solanum tuberosum,6
pmid:38312363,38312363,10.3389/fpls.2023.1279001,europe_pmc,2023,,Passiflora edulis,6
pmid:38313073,38313073,10.3389/fphar.2023.1328903,europe_pmc,2023,,Carica papaya,6
pmid:38322871,38322871,10.1016/j.heliyon.2024.e24544,europe_pmc,2024,,Theobroma cacao,4
pmid:38322972,38322972,10.1016/j.heliyon.2024.e25048,europe_pmc,2024,,Annona muricata,5
pmid:38328356,38328356,10.14202/vetworld.2023.2440-2445,europe_pmc,2023,,Solanum tuberosum,5
pmid:38331722,38331722,10.1186/s12864-024-10069-9,pubmed,2024,BMC genomics,Passiflora edulis,5
pmid:38333887,38333887,10.2147/JEP.S435734,pubmed,2024,Journal of experimental pharmacology,Solanum tuberosum,5
pmid:38340399,38340399,10.1016/j.biopha.2024.116249,pubmed,2024,Biomedicine & pharmacotherapy = Biomedecine & pharmacotherapie,Lepidium meyenii,4
pmid:38340994,38340994,10.1016/j.chemosphere.2024.141418,pubmed,2024,Chemosphere,Solanum tuberosum,1
pmid:38346085,38346085,10.1371/journal.pone.0293115,europe_pmc,2024,,Punica granatum,7
pmid:38346991,38346991,10.1038/s41598-024-52557-8,europe_pmc,2024,,Passiflora edulis,6
pmid:38354821,38354821,10.1016/j.fitote.2024.105857,pubmed,2024,Fitoterapia,Mauritia flexuosa,5
pmid:38358154,38358154,10.4103/aam.aam_10_22,europe_pmc,2023,,Carica papaya,5
pmid:38358681,38358681,10.1002/ptr.8137,pubmed,2024,Phytotherapy research : PTR,Morinda citrifolia,5
pmid:38361731,38361731,10.7759/cureus.52345,europe_pmc,2024,,Psidium guajava,9
pmid:38366688,38366688,10.1093/gerona/glae050,pubmed,2024,"The journals of gerontology. Series A, Biological sciences and medical sciences",Theobroma cacao,6
pmid:38370260,38370260,10.1016/j.heliyon.2024.e25932,europe_pmc,2024,,Annona muricata,4
pmid:38373021,38373021,10.1080/07391102.2024.2314258,europe_pmc,2025,,Punica granatum,5
pmid:38377140,38377140,10.1371/journal.pntd.0011981,pubmed,2024,PLoS neglected tropical diseases,Mauritia flexuosa,8
pmid:38378134,38378134,10.1016/j.fitote.2024.105866,pubmed,2024,Fitoterapia,Rosmarinus officinalis,4
pmid:38380569,38380569,10.1016/j.jep.2023.117367,pubmed,2024,Journal of ethnopharmacology,Eucalyptus globulus,10
pmid:38384955,38384955,10.3389/fvets.2024.1347151,europe_pmc,2024,,Punica granatum,7
pmid:38395206,38395206,10.1016/j.biotechadv.2024.108325,pubmed,2024,Biotechnology advances,Aloe vera,4
pmid:38401521,38401521,10.1016/j.biopha.2024.116307,pubmed,2024,Biomedicine & pharmacotherapy = Biomedecine & pharmacotherapie,Theobroma cacao,5
pmid:38402366,38402366,10.1007/s00418-024-02265-1,pubmed,2024,Histochemistry and cell biology,Caesalpinia spinosa,7
pmid:38402513,38402513,10.1007/s11306-024-02093-3,pubmed,2024,Metabolomics : Official journal of the Metabolomic Society,Annona muricata,6
pmid:38407507,38407507,10.1002/jemt.24531,pubmed,2024,Microscopy research and technique,Krameria lappacea,3
pmid:38408398,38408398,10.1016/j.foodchem.2024.138808,pubmed,2024,Food chemistry,Solanum tuberosum,3
pmid:38413427,38413427,10.1007/s10482-024-01936-2,pubmed,2024,Antonie van Leeuwenhoek,Theobroma cacao,5
pmid:38418667,38418667,10.1007/164_2024_711,pubmed,2025,Handbook of experimental pharmacology,Theobroma cacao,5
pmid:38419117,38419117,10.1186/s13002-024-00672-1,pubmed,2024,Journal of ethnobiology and ethnomedicine,Schinus molle,11
pmid:38421979,38421979,10.1371/journal.pone.0298518,pubmed,2024,PloS one,Plantago major,5
pmid:38423379,38423379,10.1016/j.cbi.2024.110928,pubmed,2024,Chemico-biological interactions,Morinda citrifolia,5
pmid:38425109,38425109,10.2174/012772574X293072240217185616,pubmed,2025,"Recent advances in food, nutrition & agriculture",Taraxacum officinale,6
pmid:38429819,38429819,10.1186/s13020-024-00907-z,pubmed,2024,Chinese medicine,Aloe vera,7
pmid:38430254,38430254,10.1007/s00203-024-03859-y,pubmed,2024,Archives of microbiology,Schinus molle,5
pmid:38431245,38431245,10.1016/j.envpol.2024.123691,pubmed,2024,"Environmental pollution (Barking, Essex : 1987)",Chenopodium quinoa,3
pmid:38436812,38436812,10.1007/s13659-024-00441-3,pubmed,2024,Natural products and bioprospecting,Calendula officinalis,4
pmid:38442431,38442431,10.1016/j.phymed.2024.155484,pubmed,2024,Phytomedicine : international journal of phytotherapy and phytopharmacology,Punica granatum,7
pmid:38442624,38442624,10.1016/j.plaphy.2024.108452,pubmed,2024,Plant physiology and biochemistry : PPB,Rosmarinus officinalis,5
pmid:38445701,38445701,10.2174/0109298673291064240227094654,europe_pmc,2024,,Punica granatum,5
pmid:38448108,38448108,10.1016/j.foodres.2024.114108,pubmed,2024,"Food research international (Ottawa, Ont.)",Chenopodium quinoa,3
pmid:38448126,38448126,10.1016/j.jebdp.2023.101952,pubmed,2024,The journal of evidence-based dental practice,Punica granatum,5
pmid:38453955,38453955,10.1038/s41598-024-53010-6,pubmed,2024,Scientific reports,Theobroma cacao,4
pmid:38454039,38454039,10.1038/s41598-024-56173-4,pubmed,2024,Scientific reports,Morinda citrifolia,5
pmid:38463465,38463465,10.4103/jcde.jcde_300_23,europe_pmc,2024,,Aloe vera,6
pmid:38463471,38463471,10.4103/jcde.jcde_277_23,europe_pmc,2024,,Morinda citrifolia,5
pmid:38468356,38468356,10.1186/s13104-024-06705-y,pubmed,2024,BMC research notes,Chenopodium quinoa,4
pmid:38472832,38472832,10.3390/foods13050719,europe_pmc,2024,,Passiflora edulis,5
pmid:38474656,38474656,10.3390/molecules29051144,europe_pmc,2024,,Carica papaya,6
pmid:38474715,38474715,10.3390/nu16050586,europe_pmc,2024,,Opuntia ficus-indica,5
pmid:38476717,38476717,10.4103/drj.drj_521_23,europe_pmc,2024,,Annona muricata,6
pmid:38481883,38481883,10.7759/cureus.54031,pubmed,2024,Cureus,Rosmarinus officinalis,1
pmid:38483871,38483871,10.1371/journal.pone.0299238,pubmed,2024,PloS one,Theobroma cacao,6
pmid:38492183,38492183,10.1007/s11686-024-00793-3,pubmed,2024,Acta parasitologica,Rosmarinus officinalis,3
pmid:38495145,38495145,10.1016/j.heliyon.2024.e27171,europe_pmc,2024,,Chenopodium quinoa,5
pmid:38500909,38500909,10.7759/cureus.54348,pubmed,2024,Cureus,Origanum vulgare,1
pmid:38504901,38504901,10.3389/fpls.2024.1367632,europe_pmc,2024,,Theobroma cacao,7
pmid:38509421,38509421,10.1007/s00449-024-02995-5,pubmed,2024,Bioprocess and biosystems engineering,Morinda citrifolia,4
pmid:38509491,38509491,10.1186/s12870-024-04821-2,europe_pmc,2024,,Chenopodium quinoa,7
pmid:38509683,38509683,10.2174/0109298673287491240315055726,europe_pmc,2025,,Aloe vera,6
pmid:38512973,38512973,10.1371/journal.pone.0299687,pubmed,2024,PloS one,Physalis peruviana,6
pmid:38517668,38517668,10.1007/s11130-024-01163-0,pubmed,2024,"Plant foods for human nutrition (Dordrecht, Netherlands)",Theobroma cacao,4
pmid:38520286,38520286,10.1002/jsfa.13481,pubmed,2024,Journal of the science of food and agriculture,Passiflora edulis,6
pmid:38526663,38526663,10.1007/s12010-024-04912-8,pubmed,2024,Applied biochemistry and biotechnology,Theobroma cacao,4
pmid:38530403,38530403,10.1080/03639045.2024.2335527,europe_pmc,2024,,Carica papaya,7
pmid:38534753,38534753,10.3390/cimb46030137,europe_pmc,2024,,Psidium guajava,6
pmid:38535931,38535931,10.3390/toxics12030198,europe_pmc,2024,,Carica papaya,5
pmid:38538952,38538952,10.1007/s10103-024-04037-8,europe_pmc,2024,,Opuntia ficus-indica,5
pmid:38549535,38549535,10.2174/0109298673270372231130071320,pubmed,2025,Current medicinal chemistry,Calendula officinalis,5
pmid:38561426,38561426,10.1038/s41598-024-58028-4,europe_pmc,2024,,Chenopodium quinoa,7
pmid:38562468,38562468,10.3389/fmicb.2024.1349239,europe_pmc,2024,,Chenopodium quinoa,5
pmid:38565411,38565411,10.1016/j.jep.2024.118132,europe_pmc,2024,,Carica papaya,9
pmid:38570146,38570146,10.1016/j.jep.2024.118106,pubmed,2024,Journal of ethnopharmacology,Opuntia ficus-indica,11
pmid:38573335,38573335,10.1007/s00449-024-03002-7,pubmed,2024,Bioprocess and biosystems engineering,Psidium guajava,3
pmid:38578668,38578668,10.1002/jsfa.13515,pubmed,2024,Journal of the science of food and agriculture,Psidium guajava,5
pmid:38582576,38582576,10.1016/j.pestbp.2024.105834,pubmed,2024,Pesticide biochemistry and physiology,Eucalyptus globulus,2
pmid:38592867,38592867,10.3390/plants13060843,europe_pmc,2024,,Taraxacum officinale,11
pmid:38595123,38595123,10.1002/ptr.8201,pubmed,2024,Phytotherapy research : PTR,Rosmarinus officinalis,5
pmid:38595380,38595380,10.4103/jpbs.jpbs_1065_23,pubmed,2024,Journal of pharmacy & bioallied sciences,Calendula officinalis,5
pmid:38597476,38597476,10.17843/rpmesp.2023.404.12672,pubmed,2023,Revista peruana de medicina experimental y salud publica,Lupinus mutabilis; Smallanthus sonchifolius; Solanum tuberosum,5
pmid:38597500,38597500,10.1590/0001-3765202420230539,pubmed,2024,Anais da Academia Brasileira de Ciencias,Origanum vulgare,4
pmid:38601635,38601635,10.1016/j.heliyon.2024.e28761,europe_pmc,2024,,Theobroma cacao,5
pmid:38604110,38604110,10.1016/j.foodchem.2024.138575,pubmed,2024,Food chemistry,Chenopodium quinoa,4
pmid:38605441,38605441,10.1093/jbcr/irae061,pubmed,2024,Journal of burn care & research : official publication of the American Burn Association,Aloe vera,5
pmid:38606255,38606255,10.7759/cureus.55985,pubmed,2024,Cureus,Theobroma cacao,1
pmid:38608249,38608249,10.1080/14786419.2024.2340044,europe_pmc,2025,,Punica granatum,4
pmid:38611492,38611492,10.3390/plants13070963,europe_pmc,2024,,Opuntia ficus-indica,5
pmid:38611538,38611538,10.3390/plants13071009,europe_pmc,2024,,Carica papaya,4
pmid:38611548,38611548,10.3390/plants13071021,europe_pmc,2024,,Taraxacum officinale,4
pmid:38611572,38611572,10.3390/plants13071044,europe_pmc,2024,,Solanum tuberosum,3
pmid:38611819,38611819,10.3390/molecules29071540,pubmed,2024,"Molecules (Basel, Switzerland)",Aloe vera,1
pmid:38614468,38614468,10.1177/00368504241242282,europe_pmc,2024,,Bixa orellana,4
pmid:38617670,38617670,10.1021/acsomega.3c09356,europe_pmc,2024,,Lepidium meyenii,6
pmid:38618108,38618108,10.1016/j.jds.2023.06.009,pubmed,2024,Journal of dental sciences,Aloe vera,5
pmid:38620722,38620722,10.1016/j.envc.2021.100136,pubmed,2021,"Environmental challenges (Amsterdam, Netherlands)",Morinda citrifolia,5
pmid:38622669,38622669,10.1186/s12906-024-04468-4,pubmed,2024,BMC complementary medicine and therapies,Rosmarinus officinalis,6
pmid:38624258,38624258,10.1021/acs.jafc.3c07565,europe_pmc,2024,,Punica granatum,4
pmid:38626197,38626197,10.1371/journal.pone.0300464,pubmed,2024,PloS one,Chenopodium quinoa,6
pmid:38628185,38628185,10.1002/fsn3.3949,europe_pmc,2024,,Annona muricata,5
pmid:38631202,38631202,10.1016/j.foodchem.2024.139357,pubmed,2024,Food chemistry,Morinda citrifolia,3
pmid:38636179,38636179,10.1016/j.phymed.2024.155575,pubmed,2024,Phytomedicine : international journal of phytotherapy and phytopharmacology,Aloe vera,10
pmid:38640683,38640683,10.1016/j.ultsonch.2024.106877,europe_pmc,2024,,Psidium guajava,5
pmid:38646222,38646222,10.7759/cureus.56714,europe_pmc,2024,,Punica granatum,4
pmid:38648410,38648410,10.4103/0972-9062.392267,pubmed,2024,Journal of vector borne diseases,Morinda citrifolia,8
pmid:38649738,38649738,10.1038/s41598-024-59565-8,pubmed,2024,Scientific reports,Chenopodium quinoa,6
pmid:38650225,38650225,10.1186/s40643-020-00351-5,pubmed,2021,Bioresources and bioprocessing,Punica granatum,3
pmid:38652926,38652926,10.17219/dmp/156425,pubmed,2024,Dental and medical problems,Aloe vera,7
pmid:38662247,38662247,10.1007/s00432-024-05734-1,europe_pmc,2024,,Morinda citrifolia,8
pmid:38663311,38663311,10.1016/j.colsurfb.2024.113919,pubmed,2024,"Colloids and surfaces. B, Biointerfaces",Annona muricata,4
pmid:38663705,38663705,10.1016/j.ijbiomac.2024.131761,pubmed,2024,International journal of biological macromolecules,Lepidium meyenii,4
pmid:38668223,38668223,10.3390/nano14080729,europe_pmc,2024,,Matricaria chamomilla,5
pmid:38671173,38671173,10.1038/s41598-024-60455-2,pubmed,2024,Scientific reports,Calendula officinalis,4
pmid:38677577,38677577,10.1016/j.jep.2024.118243,pubmed,2024,Journal of ethnopharmacology,Punica granatum,7
pmid:38677581,38677581,10.1016/j.exppara.2024.108766,pubmed,2024,Experimental parasitology,Psidium guajava,5
pmid:38692890,38692890,10.5650/jos.ess23158,pubmed,2024,Journal of oleo science,Plukenetia volubilis,4
pmid:38693543,38693543,10.1186/s13002-024-00684-x,europe_pmc,2024,,Carica papaya,7
pmid:38698319,38698319,10.1186/s12870-024-05068-7,europe_pmc,2024,,Calendula officinalis,6
pmid:38708435,38708435,10.1002/pca.3373,pubmed,2024,Phytochemical analysis : PCA,Annona muricata,5
pmid:38723387,38723387,10.1016/j.enzmictec.2024.110455,pubmed,2024,Enzyme and microbial technology,Origanum vulgare,4
pmid:38725134,38725134,10.1111/1758-2229.13254,europe_pmc,2024,,Malva sylvestris,4
pmid:38726455,38726455,10.1002/fsn3.4003,pubmed,2024,Food science & nutrition,Aloe vera,1
pmid:38729491,38729491,10.1016/j.ijbiomac.2024.132217,pubmed,2024,International journal of biological macromolecules,Morinda citrifolia,5
pmid:38731698,38731698,10.3390/foods13091325,europe_pmc,2024,,Chenopodium quinoa,6
pmid:38738116,38738116,10.7759/cureus.57947,europe_pmc,2024,,Carica papaya,7
pmid:38738533,38738533,10.1017/s0022149x24000300,europe_pmc,2024,,Punica granatum,4
pmid:38745686,38745686,10.22038/IJORL.2024.77572.3601,pubmed,2024,Iranian journal of otorhinolaryngology,Aloe vera,6
pmid:38754846,38754846,10.5713/ab.24.0065,pubmed,2024,Animal bioscience,Smallanthus sonchifolius,7
pmid:38760962,38760962,10.1002/bit.28739,pubmed,2024,Biotechnology and bioengineering,Matricaria chamomilla,5
pmid:38762948,38762948,10.1016/j.foodchem.2024.139646,pubmed,2024,Food chemistry,Opuntia ficus-indica,3
pmid:38763657,38763657,10.1016/j.foodres.2024.114402,pubmed,2024,"Food research international (Ottawa, Ont.)",Mauritia flexuosa,5
pmid:38764477,38764477,10.2903/j.efsa.2024.8801,europe_pmc,2024,,Eucalyptus globulus,6
pmid:38764786,38764786,10.1016/j.fochx.2024.101445,europe_pmc,2024,,Opuntia ficus-indica,4
pmid:38768067,38768067,10.1080/09603123.2024.2355292,pubmed,2025,International journal of environmental health research,Origanum vulgare,3
pmid:38768871,38768871,10.1016/j.jnutbio.2024.109670,pubmed,2024,The Journal of nutritional biochemistry,Punica granatum,5
pmid:38770290,38770290,10.1016/j.heliyon.2024.e30793,europe_pmc,2024,,Carica papaya,5
pmid:38776867,38776867,10.1016/j.ultsonch.2024.106906,europe_pmc,2024,,Bixa orellana,7
pmid:38777689,38777689,10.1016/j.ijbiomac.2024.132266,pubmed,2024,International journal of biological macromolecules,Mauritia flexuosa,5
pmid:38778992,38778992,10.1016/j.heliyon.2024.e30879,europe_pmc,2024,,Carica papaya,7
pmid:38780800,38780800,10.1007/s00406-024-01817-9,pubmed,2025,European archives of psychiatry and clinical neuroscience,Banisteriopsis caapi; Psychotria viridis,6
pmid:38782144,38782144,10.1016/j.reprotox.2024.108611,pubmed,2024,"Reproductive toxicology (Elmsford, N.Y.)",Morinda citrifolia,5
pmid:38782213,38782213,10.1016/j.micpath.2024.106708,pubmed,2024,Microbial pathogenesis,Punica granatum,7
pmid:38782674,38782674,10.1016/j.oooo.2024.04.011,pubmed,2024,"Oral surgery, oral medicine, oral pathology and oral radiology",Erythroxylum coca,5
pmid:38785541,38785541,10.3390/cimb46050273,pubmed,2024,Current issues in molecular biology,Matricaria chamomilla,5
pmid:38789822,38789822,10.1007/s10534-024-00611-3,pubmed,2024,"Biometals : an international journal on the role of metal ions in biology, biochemistry, and medicine",Aloe vera,3
pmid:38790729,38790729,10.3390/foods13101429,europe_pmc,2024,,Punica granatum,5
pmid:38794228,38794228,10.3390/ph17050658,europe_pmc,2024,,Smallanthus sonchifolius,4
pmid:38794436,38794436,10.3390/plants13101365,europe_pmc,2024,,Opuntia ficus-indica,5
pmid:38797623,38797623,10.1016/j.explore.2024.05.003,pubmed,2024,"Explore (New York, N.Y.)",Plantago major,6
pmid:38798837,38798837,10.52225/narra.v4i1.321,europe_pmc,2024,,Carica papaya,5
pmid:38801455,38801455,10.1007/s00210-024-03173-w,pubmed,2024,Naunyn-Schmiedeberg's archives of pharmacology,Origanum vulgare; Rosmarinus officinalis,5
pmid:38801915,38801915,10.1016/j.jep.2024.118395,pubmed,2024,Journal of ethnopharmacology,Rosmarinus officinalis,6
pmid:38803379,38803379,10.3389/fmicb.2024.1399671,europe_pmc,2024,,Carica papaya,7
pmid:38818154,38818154,10.1016/j.heliyon.2024.e31428,europe_pmc,2024,,Punica granatum,4
pmid:38819320,38819320,10.1093/plcell/koae163,pubmed,2024,The Plant cell,Solanum tuberosum,6
pmid:38820504,38820504,10.1371/journal.pone.0304753,europe_pmc,2024,,Theobroma cacao,6
pmid:38824214,38824214,10.1007/s11033-024-09619-x,pubmed,2024,Molecular biology reports,Chenopodium quinoa,6
pmid:38829742,38829742,10.1111/1750-3841.17144,pubmed,2024,Journal of food science,Opuntia ficus-indica,3
pmid:38829803,38829803,10.1093/plphys/kiae312,pubmed,2024,Plant physiology,Chenopodium quinoa,5
pmid:38838822,38838822,10.1016/j.fitote.2024.106055,pubmed,2024,Fitoterapia,Origanum vulgare,5
pmid:38841372,38841372,10.3389/fphar.2024.1377341,europe_pmc,2024,,Calendula officinalis,7
pmid:38843793,38843793,10.1055/a-2214-0940,pubmed,2024,Planta medica,Matricaria chamomilla,1
pmid:38848635,38848635,10.1016/j.clinsp.2024.100398,pubmed,2024,"Clinics (Sao Paulo, Brazil)",Lepidium meyenii,1
pmid:38852448,38852448,10.1016/j.foodchem.2024.139990,pubmed,2024,Food chemistry,Calendula officinalis,4
pmid:38862318,38862318,10.1016/j.ijbiomac.2024.132907,pubmed,2024,International journal of biological macromolecules,Solanum tuberosum,5
pmid:38868073,38868073,10.1016/j.heliyon.2024.e32222,europe_pmc,2024,,Punica granatum,8
pmid:38869726,38869726,10.1007/s10493-024-00929-0,pubmed,2024,Experimental & applied acarology,Eucalyptus globulus,4
pmid:3887041,3887041,10.1016/0378-8741(85)90060-1,pubmed,1985,Journal of ethnopharmacology,Ilex guayusa,7
pmid:38879319,38879319,10.1016/j.pestbp.2024.105917,pubmed,2024,Pesticide biochemistry and physiology,Eucalyptus globulus,3
pmid:38887158,38887158,10.1002/tpg2.20484,pubmed,2024,The plant genome,Solanum tuberosum,5
pmid:38890850,38890850,10.3390/foods13111622,europe_pmc,2024,,Bixa orellana,6
pmid:38890870,38890870,10.3390/foods13111642,europe_pmc,2024,,Taraxacum officinale,5
pmid:38899851,38899851,10.1002/cbdv.202401076,pubmed,2024,Chemistry & biodiversity,Schinus molle,2
pmid:38906386,38906386,10.1016/j.fitote.2024.106074,pubmed,2024,Fitoterapia,Rosmarinus officinalis,5
pmid:38916807,38916807,10.1007/s13668-024-00553-9,pubmed,2024,Current nutrition reports,Annona muricata,5
pmid:38917521,38917521,10.1016/j.intimp.2024.112552,pubmed,2024,International immunopharmacology,Plukenetia volubilis,5
pmid:38920890,38920890,10.3390/dj12060189,europe_pmc,2024,,Ilex guayusa,6
pmid:38920917,38920917,10.3390/gels10060370,europe_pmc,2024,,Aloe vera; Calendula officinalis,4
pmid:38926852,38926852,10.1186/s12870-024-05171-9,europe_pmc,2024,,Theobroma cacao,8
pmid:38928095,38928095,10.3390/ijms25126388,pubmed,2024,International journal of molecular sciences,Aloe vera,5
pmid:38928735,38928735,10.3390/foods13121793,europe_pmc,2024,,Punica granatum,9
pmid:38928807,38928807,10.3390/foods13121865,europe_pmc,2024,,Matricaria chamomilla,5
pmid:38929103,38929103,10.3390/antiox13060664,europe_pmc,2024,,Theobroma cacao,4
pmid:38931143,38931143,10.3390/plants13121711,europe_pmc,2024,,Solanum tuberosum,5
pmid:38931441,38931441,10.3390/ph17060774,europe_pmc,2024,,Carica papaya,3
pmid:38933714,38933714,10.1016/j.jsps.2024.102125,europe_pmc,2024,,Bixa orellana,6
pmid:38936645,38936645,10.1016/j.jep.2024.118499,pubmed,2024,Journal of ethnopharmacology,Schinus molle,6
pmid:38945052,38945052,10.1016/j.ultsonch.2024.106975,pubmed,2024,Ultrasonics sonochemistry,Opuntia ficus-indica,5
pmid:38945600,38945600,10.1016/j.foodres.2024.114578,pubmed,2024,"Food research international (Ottawa, Ont.)",Mauritia flexuosa,7
pmid:38948309,38948309,10.3831/kpi.2024.27.2.91,europe_pmc,2024,,Psidium guajava,6
pmid:38952158,38952158,10.2174/0118715265301138240605071106,europe_pmc,2025,,Aloe vera,5
pmid:38952705,38952705,10.18699/vjgb-24-35,europe_pmc,2024,,Solanum tuberosum,6
pmid:38952769,38952769,10.22038/ajp.2023.23261,europe_pmc,2024,,Aloe vera,5
pmid:38952774,38952774,10.22038/ajp.2023.23447,europe_pmc,2024,,Aloe vera,4
pmid:38959219,38959219,10.1371/journal.pone.0304335,europe_pmc,2024,,Carica papaya,7
pmid:38959603,38959603,10.1016/j.biopha.2024.117028,pubmed,2024,Biomedicine & pharmacotherapy = Biomedecine & pharmacotherapie,Opuntia ficus-indica,6
pmid:38961199,38961199,10.1038/s41598-024-66337-x,pubmed,2024,Scientific reports,Solanum tuberosum,6
pmid:38961401,38961401,10.1186/s12870-024-05295-y,europe_pmc,2024,,Passiflora edulis,6
pmid:38962530,38962530,10.1155/2024/1558620,europe_pmc,2024,,Carica papaya,5
pmid:38970228,38970228,10.1111/php.13998,europe_pmc,2025,,Aloe vera,4
pmid:38974202,38974202,10.1016/j.fochx.2024.101536,europe_pmc,2024,,Aloe vera,6
pmid:38974588,38974588,10.3746/pnf.2024.29.2.190,europe_pmc,2024,,Punica granatum,4
pmid:38977762,38977762,10.1038/s41598-024-66341-1,europe_pmc,2024,,Aloe vera,5
pmid:38977809,38977809,10.1038/s41598-024-66495-y,pubmed,2024,Scientific reports,Psidium guajava,4
pmid:38978880,38978880,10.7759/cureus.61946,europe_pmc,2024,,Carica papaya,7
pmid:38982580,38982580,10.1093/molbev/msae114,pubmed,2024,Molecular biology and evolution,Erythroxylum coca,5
pmid:38985012,38985012,10.1590/1678-4685-gmb-2023-0301,europe_pmc,2024,,Banisteriopsis caapi; Psychotria viridis,5
pmid:38985287,38985287,10.1007/978-1-0716-3954-2_29,pubmed,2024,"Methods in molecular biology (Clifton, N.J.)",Argemone mexicana,3
pmid:38986200,38986200,10.1016/j.foodchem.2024.140299,europe_pmc,2024,,Carica papaya,4
pmid:38990094,38990094,10.1039/d4ay00599f,europe_pmc,2024,,Malva sylvestris,7
pmid:38995933,38995933,10.1093/glycob/cwae050,pubmed,2024,Glycobiology,Aloe vera,4
pmid:38997637,38997637,10.1186/s12906-024-04548-5,europe_pmc,2024,,Carica papaya,4
pmid:38998474,38998474,10.3390/foods13131968,europe_pmc,2024,,Mauritia flexuosa,5
pmid:38998552,38998552,10.3390/foods13132045,europe_pmc,2024,,Plukenetia volubilis,5
pmid:38999644,38999644,10.3390/plants13131805,europe_pmc,2024,,Taraxacum officinale,8
pmid:39001843,39001843,10.1089/jmf.2023.0215,europe_pmc,2024,,Punica granatum,5
pmid:39016077,39016077,10.1002/cre2.920,pubmed,2024,Clinical and experimental dental research,Punica granatum,7
pmid:39017748,39017748,10.1007/s10522-024-10122-w,pubmed,2024,Biogerontology,Rosmarinus officinalis,6
pmid:39024476,39024476,10.1071/FP24094,pubmed,2024,Functional plant biology : FPB,Solanum tuberosum,5
pmid:39030384,39030384,10.1007/s11274-024-04083-y,pubmed,2024,World journal of microbiology & biotechnology,Argemone mexicana,4
pmid:39034570,39034570,10.4103/aam.aam_164_23,europe_pmc,2024,,Punica granatum,5
pmid:39035990,39035990,10.3389/fphar.2024.1393636,europe_pmc,2024,,Carica papaya,8
pmid:39036478,39036478,10.1016/j.fochx.2024.101587,europe_pmc,2024,,Punica granatum,4
pmid:39039438,39039438,10.1186/s12870-024-05358-0,pubmed,2024,BMC plant biology,Rosmarinus officinalis,8
pmid:39039810,39039810,10.1002/bmc.5959,europe_pmc,2024,,Morinda citrifolia,5
pmid:39040520,39040520,10.1155/2024/5586814,europe_pmc,2024,,Aloe vera,5
pmid:39046021,39046021,10.1590/0001-3764202420230888,europe_pmc,2024,,Punica granatum,5
pmid:39047879,39047879,10.1016/j.jep.2024.118613,pubmed,2024,Journal of ethnopharmacology,Lepidium meyenii,7
pmid:39052574,39052574,10.1371/journal.pone.0305911,pubmed,2024,PloS one,Taraxacum officinale,4
pmid:39055297,39055297,10.4103/jispcd.jispcd_113_22,europe_pmc,2024,,Morinda citrifolia,6
pmid:39057389,39057389,10.3390/jof10070504,europe_pmc,2024,,Chenopodium quinoa,5
pmid:39058924,39058924,10.1093/g3journal/jkae139,pubmed,2024,"G3 (Bethesda, Md.)",Solanum tuberosum,6
pmid:39060662,39060662,10.1007/s10653-024-02090-4,europe_pmc,2024,,Carica papaya,4
pmid:39064719,39064719,10.3390/nu16142276,europe_pmc,2024,,Chenopodium quinoa,5
pmid:39065310,39065310,10.3390/polym16141993,europe_pmc,2024,,Opuntia ficus-indica,6
pmid:39069810,39069810,10.2174/0109298673305923240723073156,europe_pmc,2026,,Taraxacum officinale,7
pmid:39072085,39072085,10.1021/acsomega.4c05020,europe_pmc,2024,,Lepidium meyenii,5
pmid:39073298,39073298,10.1002/smll.202404850,pubmed,2024,"Small (Weinheim an der Bergstrasse, Germany)",Aloe vera,4
pmid:39079819,39079819,10.1016/j.jtv.2024.07.017,pubmed,2024,Journal of tissue viability,Aloe vera,6
pmid:39080213,39080213,10.1007/s13346-024-01683-x,europe_pmc,2025,,Aloe vera,5
pmid:39080420,39080420,10.1038/s41598-024-67414-x,europe_pmc,2024,,Chenopodium quinoa,5
pmid:39080759,39080759,10.1186/s13002-024-00703-x,pubmed,2024,Journal of ethnobiology and ethnomedicine,Amaranthus caudatus,7
pmid:39081678,39081678,10.3389/fnut.2024.1328548,pubmed,2024,Frontiers in nutrition,Aloe vera,4
pmid:39084103,39084103,10.1016/j.foodchem.2024.140414,pubmed,2024,Food chemistry,Opuntia ficus-indica,3
pmid:39102254,39102254,10.1093/jbcr/irae152,pubmed,2024,Journal of burn care & research : official publication of the American Burn Association,Aloe vera,5
pmid:39103869,39103869,10.1186/s13002-024-00716-6,pubmed,2024,Journal of ethnobiology and ethnomedicine,Matricaria chamomilla,7
pmid:39104589,39104589,10.3389/fmicb.2024.1392333,europe_pmc,2024,,Physalis peruviana,7
pmid:39105985,39105985,10.1007/s11130-024-01211-9,pubmed,2024,"Plant foods for human nutrition (Dordrecht, Netherlands)",Theobroma cacao,5
pmid:39106912,39106912,10.1016/j.ctim.2024.103071,pubmed,2024,Complementary therapies in medicine,Matricaria chamomilla,7
pmid:39110055,39110055,,pubmed,2024,Alternative therapies in health and medicine,Aloe vera; Punica granatum,7
pmid:39113917,39113917,10.29219/fnr.v68.10745,europe_pmc,2024,,Theobroma cacao,7
pmid:39114700,39114700,10.62347/zqdc9694,europe_pmc,2024,,Carica papaya,8
pmid:39118929,39118929,10.1007/s12663-024-02184-7,europe_pmc,2024,,Annona muricata,7
pmid:39124241,39124241,10.3390/plants13152123,europe_pmc,2024,,Opuntia ficus-indica,4
pmid:39124880,39124880,10.3390/molecules29153477,europe_pmc,2024,,Physalis peruviana,4
pmid:39126293,39126293,10.1111/iej.14135,europe_pmc,2024,,Punica granatum,6
pmid:39128956,39128956,10.1134/S0012496624701126,pubmed,2024,"Doklady biological sciences : proceedings of the Academy of Sciences of the USSR, Biological sciences sections",Plantago major; Taraxacum officinale,4
pmid:39132582,39132582,10.12688/f1000research.134956.2,europe_pmc,2023,,Carica papaya,5
pmid:39135425,39135425,10.1177/19458924241272944,europe_pmc,2024,,Malva sylvestris,5
pmid:39137207,39137207,10.1371/journal.pone.0304126,pubmed,2024,PloS one,Eucalyptus globulus; Psidium guajava,10
pmid:39137682,39137682,10.1016/j.plaphy.2024.109029,pubmed,2024,Plant physiology and biochemistry : PPB,Chenopodium quinoa,6
pmid:39138188,39138188,10.1038/s41598-024-68476-7,pubmed,2024,Scientific reports,Punica granatum,6
pmid:39139708,39139708,10.1155/2024/2197725,europe_pmc,2024,,Solanum tuberosum,5
pmid:39144371,39144371,10.1039/d4ra04709e,europe_pmc,2024,,Psidium guajava,4
pmid:39153519,39153519,10.1016/j.jep.2024.118701,pubmed,2025,Journal of ethnopharmacology,Punica granatum,7
pmid:39160054,39160054,10.1016/j.foodres.2024.114858,pubmed,2024,"Food research international (Ottawa, Ont.)",Morinda citrifolia,4
pmid:39162201,39162201,10.1111/gcb.17436,pubmed,2024,Global change biology,Mauritia flexuosa,4
pmid:39164839,39164839,10.1111/ppl.14466,pubmed,2024,Physiologia plantarum,Chenopodium quinoa,5
pmid:39166687,39166687,10.1590/1519-6984.282198,pubmed,2024,Brazilian journal of biology = Revista brasleira de biologia,Piper aduncum,6
pmid:39174961,39174961,10.1186/s12870-024-05510-w,europe_pmc,2024,,Chenopodium quinoa,6
pmid:39178695,39178695,10.1016/j.carres.2024.109246,pubmed,2024,Carbohydrate research,Punica granatum,4
pmid:39181928,39181928,10.1038/s41598-024-70672-4,pubmed,2024,Scientific reports,Matricaria chamomilla,5
pmid:39195799,39195799,10.3390/vetsci11080345,europe_pmc,2024,,Carica papaya,6
pmid:39197189,39197189,10.1016/j.biopha.2024.117350,pubmed,2024,Biomedicine & pharmacotherapy = Biomedecine & pharmacotherapie,Rosmarinus officinalis,3
pmid:39197244,39197244,10.1016/j.foodchem.2024.140966,pubmed,2025,Food chemistry,Morinda citrifolia,4
pmid:39197398,39197398,10.1016/j.phymed.2024.155971,pubmed,2024,Phytomedicine : international journal of phytotherapy and phytopharmacology,Punica granatum,8
pmid:39199175,39199175,10.3390/antiox13080928,europe_pmc,2024,,Carica papaya,5
pmid:39199824,39199824,10.3390/ani14162290,europe_pmc,2024,,Aloe vera,5
pmid:39203021,39203021,10.3390/molecules29163943,europe_pmc,2024,,Punica granatum,5
pmid:39204439,39204439,10.3390/pharmaceutics16081094,europe_pmc,2024,,Clinopodium bolivianum,6
pmid:39204442,39204442,10.3390/pharmaceutics16081097,europe_pmc,2024,,Annona muricata,5
pmid:39204629,39204629,10.3390/plants13162193,europe_pmc,2024,,Plukenetia volubilis,4
pmid:39210236,39210236,10.1007/s43032-024-01680-y,pubmed,2024,"Reproductive sciences (Thousand Oaks, Calif.)",Aloe vera,6
pmid:39215068,39215068,10.1038/s41598-024-70550-z,pubmed,2024,Scientific reports,Caesalpinia spinosa,5
pmid:39219832,39219832,10.4317/jced.61640,europe_pmc,2024,,Aloe vera,7
pmid:39222118,39222118,10.1007/s00705-024-06115-2,pubmed,2024,Archives of virology,Passiflora edulis,5
pmid:39225208,39225208,10.2174/0118715206307964240821051756,pubmed,2025,Anti-cancer agents in medicinal chemistry,Argemone mexicana,3
pmid:39227926,39227926,10.1186/s12906-024-04621-z,pubmed,2024,BMC complementary medicine and therapies,Plantago major,8
pmid:39233460,39233460,10.1111/srt.13730,pubmed,2024,Skin research and technology : official journal of International Society for Bioengineering and the Skin (ISBS) [and] International Society for Digital Imaging of Skin (ISDIS) [and] International Society for Skin Imaging (ISSI),Aloe vera,5
pmid:39234913,39234913,10.2174/0115672018307676240827103052,pubmed,2024,Current drug delivery,Calendula officinalis,5
pmid:39237669,39237669,10.1038/s41598-024-70998-z,pubmed,2024,Scientific reports,Solanum tuberosum,1
pmid:39240631,39240631,10.3233/HAB-240032,pubmed,2024,Human antibodies,Lepidium meyenii,10
pmid:39243616,39243616,10.1016/j.foodchem.2024.141132,pubmed,2025,Food chemistry,Plukenetia volubilis,1
pmid:39244172,39244172,10.1016/j.jep.2024.118775,pubmed,2025,Journal of ethnopharmacology,Banisteriopsis caapi; Psychotria viridis,7
pmid:39244376,39244376,10.1016/j.fm.2024.104597,pubmed,2024,Food microbiology,Matricaria chamomilla,3
pmid:39246650,39246650,10.3389/fphar.2024.1459066,pubmed,2024,Frontiers in pharmacology,Psidium guajava,1
pmid:39259236,39259236,10.1007/s00592-024-02371-5,europe_pmc,2025,,Punica granatum,4
pmid:39259245,39259245,10.1007/s00572-024-01166-4,pubmed,2024,Mycorrhiza,Solanum tuberosum,6
pmid:39260173,39260173,10.1016/j.foodchem.2024.141155,europe_pmc,2025,,Carica papaya,4
pmid:39262571,39262571,10.2147/jep.s466494,europe_pmc,2024,,Passiflora edulis,6
pmid:39263437,39263437,10.1039/d4ra05132g,europe_pmc,2024,,Carica papaya,5
pmid:39264984,39264984,10.1111/tpj.17021,pubmed,2024,The Plant journal : for cell and molecular biology,Lupinus mutabilis,5
pmid:39265514,39265514,10.1016/j.psj.2024.104220,europe_pmc,2024,,Annona muricata,5
pmid:39269117,39269117,10.3390/nano14171455,europe_pmc,2024,,Calendula officinalis,7
pmid:39269335,39269335,10.1080/03639045.2024.2404143,europe_pmc,2025,,Calendula officinalis,6
pmid:39277064,39277064,10.1016/j.jep.2024.118830,pubmed,2025,Journal of ethnopharmacology,Argemone mexicana,7
pmid:39281522,39281522,10.1016/j.heliyon.2024.e36730,europe_pmc,2024,,Solanum tuberosum,5
pmid:39281807,39281807,10.1155/2023/3977622,europe_pmc,2023,,Rosmarinus officinalis,6
pmid:39282122,39282122,10.7717/peerj.17983,europe_pmc,2024,,Passiflora edulis,7
pmid:39285510,39285510,10.1111/cas.16341,pubmed,2024,Cancer science,Amaranthus caudatus,5
pmid:39292067,39292067,10.1590/S1984-29612024050,pubmed,2024,Revista brasileira de parasitologia veterinaria = Brazilian journal of veterinary parasitology : Orgao Oficial do Colegio Brasileiro de Parasitologia Veterinaria,Piper aduncum,4
pmid:39295631,39295631,10.1016/j.mex.2024.102943,europe_pmc,2024,,Taraxacum officinale,4
pmid:39301565,39301565,10.3892/br.2024.1854,europe_pmc,2024,,Annona muricata,7
pmid:39305086,39305086,10.1002/jsfa.13923,pubmed,2025,Journal of the science of food and agriculture,Chenopodium quinoa,7
pmid:39307002,39307002,10.1016/j.jaim.2024.101024,pubmed,2024,Journal of Ayurveda and integrative medicine,Carica papaya; Passiflora edulis,9
pmid:39309823,39309823,10.1016/j.heliyon.2024.e37557,europe_pmc,2024,,Morinda citrifolia,6
pmid:39309833,39309833,10.1016/j.heliyon.2024.e37428,europe_pmc,2024,,Aloe vera,5
pmid:39312451,39312451,10.1097/PPO.0000000000000745,pubmed,,"Cancer journal (Sudbury, Mass.)",Morinda citrifolia,4
pmid:39314163,39314163,10.4103/nrr.nrr-d-23-02039,europe_pmc,2026,,Opuntia ficus-indica,5
pmid:39317876,39317876,10.1007/s13744-024-01195-w,pubmed,2024,Neotropical entomology,Eucalyptus globulus,5
pmid:39319322,39319322,10.3389/fmed.2023.1322450,pubmed,2023,Frontiers in medicine,Punica granatum,4
pmid:39322021,39322021,10.1016/j.jep.2024.118849,europe_pmc,2025,,Aloe vera,7
pmid:39330241,39330241,10.3390/jfb15090266,europe_pmc,2024,,Aloe vera,6
pmid:39331573,39331573,10.1002/asia.202400361,pubmed,2024,"Chemistry, an Asian journal",Bixa orellana,5
pmid:39333382,39333382,10.1007/164_2024_732,pubmed,2025,Handbook of experimental pharmacology,Rosmarinus officinalis,6
pmid:39333650,39333650,10.1038/s41598-024-74047-7,pubmed,2024,Scientific reports,Opuntia ficus-indica,4
pmid:39337480,39337480,10.3390/ijms25189992,europe_pmc,2024,,Punica granatum,4
pmid:39339251,39339251,10.3390/pharmaceutics16091215,europe_pmc,2024,,Eucalyptus globulus,6
pmid:39339543,39339543,10.3390/plants13182568,europe_pmc,2024,,Passiflora edulis,5
pmid:39339578,39339578,10.3390/plants13182603,europe_pmc,2024,,Passiflora edulis,6
pmid:39339756,39339756,10.3390/nu16183156,europe_pmc,2024,,Punica granatum,5
pmid:39340842,39340842,,pubmed,2024,Pakistan journal of pharmaceutical sciences,Aloe vera,2
pmid:39346128,39346128,10.2147/nsa.s474194,europe_pmc,2024,,Carica papaya,8
pmid:39347433,39347433,10.1016/j.heliyon.2024.e38171,europe_pmc,2024,,Carica papaya,7
pmid:39349558,39349558,10.1038/s41598-024-73194-1,pubmed,2024,Scientific reports,Passiflora edulis,2
pmid:39353973,39353973,10.1038/s41598-024-53204-y,europe_pmc,2024,,Carica papaya,6
pmid:39355186,39355186,10.5005/jp-journals-10005-2725,europe_pmc,2024,,Morinda citrifolia,6
pmid:39359439,39359439,10.22088/cjim.15.4.651,europe_pmc,2024,,Plantago major,6
pmid:39359905,39359905,10.1155/2024/3625267,europe_pmc,2024,,Morinda citrifolia,6
pmid:39363526,39363526,10.1002/ptr.8312,pubmed,2024,Phytotherapy research : PTR,Aloe vera; Lupinus mutabilis,5
pmid:39363887,39363887,10.1155/2024/6623228,europe_pmc,2024,,Punica granatum,6
pmid:39365536,39365536,10.1007/s11356-024-34971-7,pubmed,2024,Environmental science and pollution research international,Theobroma cacao,1
pmid:39367909,39367909,10.1007/s00216-024-05574-5,europe_pmc,2025,,Punica granatum,7
pmid:39368558,39368558,10.1016/j.toxicon.2024.108117,pubmed,2024,Toxicon : official journal of the International Society on Toxinology,Lepidium meyenii,1
pmid:39369123,39369123,10.1007/s10787-024-01577-x,pubmed,2024,Inflammopharmacology,Opuntia ficus-indica,6
pmid:39369235,39369235,10.1186/s12934-024-02530-x,europe_pmc,2024,,Opuntia ficus-indica,5
pmid:39371541,39371541,10.1590/1984-3143-ar2024-0020,europe_pmc,2024,,Myrciaria dubia,5
pmid:39382805,39382805,10.1007/s11356-024-35206-5,europe_pmc,2024,,Malva sylvestris,7
pmid:39387102,39387102,10.3389/fphys.2024.1462018,europe_pmc,2024,,Malva sylvestris,7
pmid:39390786,39390786,10.1002/ps.8482,pubmed,2025,Pest management science,Solanum tuberosum,5
pmid:39398116,39398116,10.1021/acsomega.4c01016,europe_pmc,2024,,Aloe vera,8
pmid:39400022,39400022,10.2174/0115680266316570240926081647,europe_pmc,2025,,Aloe vera,5
pmid:39402103,39402103,10.1038/s41598-024-71839-9,pubmed,2024,Scientific reports,Chenopodium quinoa,4
pmid:39407456,39407456,10.3390/molecules29194528,europe_pmc,2024,,Aloe vera,6
pmid:39410111,39410111,10.3390/foods13193076,pubmed,2024,"Foods (Basel, Switzerland)",Chenopodium quinoa,4
pmid:39410897,39410897,10.2174/0113862073341577240925100048,europe_pmc,2025,,Carica papaya,5
pmid:39414690,39414690,10.1007/s10123-024-00608-5,pubmed,2025,International microbiology : the official journal of the Spanish Society for Microbiology,Chenopodium quinoa,5
pmid:39415552,39415552,10.3923/pjbs.2024.439.446,pubmed,2024,Pakistan journal of biological sciences : PJBS,Physalis peruviana; Rosmarinus officinalis,6
pmid:39416715,39416715,10.1016/j.dib.2024.110937,europe_pmc,2024,,Aloe vera,5
pmid:39424873,39424873,10.1038/s41598-024-73964-x,europe_pmc,2024,,Chenopodium quinoa,7
pmid:39429210,39429210,10.1111/jocd.16637,pubmed,2024,Journal of cosmetic dermatology,Theobroma cacao,6
pmid:39430457,39430457,10.1016/j.heliyon.2024.e38813,europe_pmc,2024,,Uncaria tomentosa,6
pmid:39434943,39434943,10.4103/abr.abr_243_23,europe_pmc,2024,,Aloe vera,6
pmid:39438538,39438538,10.1038/s41598-024-75991-0,europe_pmc,2024,,Tagetes minuta,7
pmid:39442420,39442420,10.1016/j.plaphy.2024.109195,pubmed,2024,Plant physiology and biochemistry : PPB,Solanum tuberosum,6
pmid:39450060,39450060,10.1039/d4ra05950f,europe_pmc,2024,,Psidium guajava,5
pmid:39450087,39450087,10.3389/fpls.2024.1451784,europe_pmc,2024,,Eucalyptus globulus,7
pmid:39450187,39450187,10.33393/dti.2024.3169,europe_pmc,2024,,Opuntia ficus-indica,6
pmid:39456337,39456337,10.3390/foods13203275,europe_pmc,2024,,Plukenetia volubilis,6
pmid:39456896,39456896,10.3390/ijms252011115,europe_pmc,2024,,Opuntia ficus-indica,5
pmid:39458351,39458351,10.3390/microorganisms12102042,europe_pmc,2024,,Chenopodium quinoa,8
pmid:39458379,39458379,10.3390/microorganisms12102070,europe_pmc,2024,,Aloe vera,5
pmid:39458491,39458491,10.3390/nu16203496,europe_pmc,2024,,Carica papaya,7
pmid:39459521,39459521,10.3390/life14101221,europe_pmc,2024,,Opuntia ficus-indica,5
pmid:39463527,39463527,10.7759/cureus.70140,europe_pmc,2024,,Aloe vera,6
pmid:39463775,39463775,10.5511/plantbiotechnology.24.0421a,europe_pmc,2024,,Carica papaya,5
pmid:39475864,39475864,10.1371/journal.pone.0313003,pubmed,2024,PloS one,Morinda citrifolia,6
pmid:39478001,39478001,10.1038/s41598-024-74410-8,europe_pmc,2024,,Punica granatum,4
pmid:39482866,39482866,10.1080/14786419.2024.2411721,europe_pmc,2026,,Eucalyptus globulus,4
pmid:39486370,39486370,10.1016/j.biopha.2024.117652,pubmed,2024,Biomedicine & pharmacotherapy = Biomedecine & pharmacotherapie,Eucalyptus globulus,6
pmid:39486784,39486784,10.1016/j.jare.2024.10.033,europe_pmc,2025,,Solanum tuberosum,5
pmid:39491728,39491728,10.1016/j.plantsci.2024.112314,europe_pmc,2025,,Matricaria chamomilla,4
pmid:39492128,39492128,10.1016/j.phymed.2024.156199,pubmed,2024,Phytomedicine : international journal of phytotherapy and phytopharmacology,Aloe vera,8
pmid:39495776,39495776,10.1371/journal.pone.0313064,pubmed,2024,PloS one,Opuntia ficus-indica,5
pmid:39498049,39498049,10.1016/j.heliyon.2024.e39593,europe_pmc,2024,,Eucalyptus globulus,7
pmid:39500772,39500772,10.1007/s00425-024-04550-8,pubmed,2024,Planta,Calendula officinalis; Matricaria chamomilla,6
pmid:39503090,39503090,10.1016/j.foodchem.2024.141733,pubmed,2025,Food chemistry,Chenopodium quinoa,4
pmid:39513863,39513863,10.3390/cells13211756,europe_pmc,2024,,Opuntia ficus-indica,5
pmid:39515114,39515114,10.1016/j.psj.2024.104435,europe_pmc,2024,,Carica papaya,5
pmid:39516577,39516577,10.1038/s41598-024-78728-1,europe_pmc,2024,,Punica granatum,5
pmid:39519646,39519646,10.3390/molecules29215004,europe_pmc,2024,,Aloe vera,5
pmid:39519915,39519915,10.3390/plants13212996,europe_pmc,2024,,Solanum tuberosum,5
pmid:39522911,39522911,10.1016/j.ijbiomac.2024.137452,pubmed,2024,International journal of biological macromolecules,Aloe vera,5
pmid:39523057,39523057,10.1016/bs.irn.2024.07.007,pubmed,2024,International review of neurobiology,Banisteriopsis caapi; Psychotria viridis,5
pmid:39524792,39524792,10.1016/j.heliyon.2024.e38628,pubmed,2024,Heliyon,Aloe vera,4
pmid:39528517,39528517,10.1038/s41598-024-77698-8,pubmed,2024,Scientific reports,Physalis peruviana,5
pmid:39532669,39532669,10.1002/cbdv.202402301,pubmed,2025,Chemistry & biodiversity,Punica granatum,4
pmid:39532974,39532974,10.1038/s41598-024-79413-z,pubmed,2024,Scientific reports,Annona muricata,6
pmid:39537048,39537048,10.1016/j.ijbiomac.2024.137521,pubmed,2024,International journal of biological macromolecules,Morinda citrifolia,4
pmid:39539014,39539014,10.1002/pca.3467,pubmed,2025,Phytochemical analysis : PCA,Rosmarinus officinalis,5
pmid:39543749,39543749,10.1186/s40794-024-00232-1,europe_pmc,2024,,Carica papaya,7
pmid:39551281,39551281,10.1016/j.jep.2024.119114,pubmed,2025,Journal of ethnopharmacology,Physalis peruviana,8
pmid:39552993,39552993,10.7759/cureus.71510,pubmed,2024,Cureus,Punica granatum,1
pmid:39553635,39553635,10.1016/j.heliyon.2024.e39635,europe_pmc,2024,,Carica papaya,9
pmid:39559655,39559655,10.7759/cureus.71852,europe_pmc,2024,,Carica papaya,5
pmid:39561564,39561564,10.1016/j.ecoenv.2024.117351,pubmed,2024,Ecotoxicology and environmental safety,Aloe vera,6
pmid:39561950,39561950,10.1016/j.fitote.2024.106303,pubmed,2025,Fitoterapia,Mauritia flexuosa,5
pmid:39565482,39565482,10.1007/s11356-024-35522-w,pubmed,2024,Environmental science and pollution research international,Passiflora edulis,1
pmid:39565545,39565545,10.1007/s12020-024-04107-5,pubmed,2025,Endocrine,Amaranthus caudatus,5
pmid:39566518,39566518,10.1055/a-2446-2146,pubmed,2025,Planta medica,Aloe vera,1
pmid:39570157,39570157,10.1590/1519-6984.286148,pubmed,2024,Brazilian journal of biology = Revista brasleira de biologia,Satureja boliviana,7
pmid:39577543,39577543,10.1016/j.ijbiomac.2024.137711,pubmed,2024,International journal of biological macromolecules,Schinus molle,6
pmid:39581588,39581588,10.1111/1750-3841.17547,pubmed,2024,Journal of food science,Passiflora edulis,4
pmid:39581625,39581625,10.1111/1750-3841.17546,pubmed,2024,Journal of food science,Minthostachys mollis; Origanum vulgare,6
pmid:39582733,39582733,10.1016/j.fochms.2024.100228,europe_pmc,2024,,Psidium guajava,4
pmid:39585076,39585076,10.3390/neurolint16060117,pubmed,2024,Neurology international,Lepidium meyenii,4
pmid:39590628,39590628,10.3390/membranes14110242,europe_pmc,2024,,Theobroma cacao,4
pmid:39592245,39592245,10.1111/1750-3841.17537,europe_pmc,2024,,Psidium guajava,6
pmid:39592457,39592457,10.1007/s00284-024-03981-6,pubmed,2024,Current microbiology,Eucalyptus globulus,5
pmid:39593283,39593283,10.1016/j.foodres.2024.115198,pubmed,2024,"Food research international (Ottawa, Ont.)",Theobroma cacao,6
pmid:39594018,39594018,10.3390/foods13223602,europe_pmc,2024,,Chenopodium quinoa,4
pmid:39594557,39594557,10.3390/antiox13111416,europe_pmc,2024,,Opuntia ficus-indica,4
pmid:39599114,39599114,10.3390/s24227337,pubmed,2024,"Sensors (Basel, Switzerland)",Eucalyptus globulus,6
pmid:39600669,39600669,10.47895/amp.vi0.8002,europe_pmc,2024,,Carica papaya,9
pmid:39605754,39605754,10.5455/javar.2024.k833,europe_pmc,2024,,Carica papaya,5
pmid:39609783,39609783,10.1186/s12906-024-04712-x,pubmed,2024,BMC complementary medicine and therapies,Annona muricata,7
pmid:39611921,39611921,10.31557/apjcp.2024.25.11.3967,europe_pmc,2024,,Punica granatum,6
pmid:39620002,39620002,10.1002/fsn3.4579,europe_pmc,2024,,Punica granatum,6
pmid:39623009,39623009,10.1007/s00709-024-02012-2,europe_pmc,2025,,Punica granatum; Theobroma cacao,6
pmid:39630805,39630805,10.1590/0103-6440202406015,pubmed,2024,Brazilian dental journal,Theobroma cacao,5
pmid:39631606,39631606,10.1016/j.ijbiomac.2024.138277,pubmed,2025,International journal of biological macromolecules,Eucalyptus globulus,4
pmid:39632890,39632890,10.1038/s41598-024-78956-5,pubmed,2024,Scientific reports,Eucalyptus globulus,5
pmid:39637671,39637671,10.1016/j.foodchem.2024.142258,pubmed,2025,Food chemistry,Opuntia ficus-indica,4
pmid:39638086,39638086,10.1016/j.neulet.2024.138075,pubmed,2025,Neuroscience letters,Taraxacum officinale,5
pmid:39642711,39642711,10.1016/j.bbrc.2024.151079,pubmed,2025,Biochemical and biophysical research communications,Taraxacum officinale,8
pmid:39652616,39652616,10.1371/journal.pone.0315173,europe_pmc,2024,,Punica granatum,6
pmid:39670135,39670135,10.4103/jomfp.jomfp_301_23,europe_pmc,2024,,Punica granatum,5
pmid:39676694,39676694,10.1080/09603123.2024.2440898,pubmed,2025,International journal of environmental health research,Origanum vulgare,4
pmid:39682986,39682986,10.3390/foods13233914,europe_pmc,2024,,Opuntia ficus-indica,6
pmid:39683043,39683043,10.3390/foods13233970,europe_pmc,2024,,Opuntia ficus-indica,5
pmid:39683137,39683137,10.3390/plants13233344,europe_pmc,2024,,Chenopodium quinoa,6
pmid:39683202,39683202,10.3390/plants13233409,europe_pmc,2024,,Calendula officinalis,6
pmid:39683250,39683250,10.3390/nano14231861,europe_pmc,2024,,Uncaria tomentosa,4
pmid:39683650,39683650,10.3390/molecules29235490,europe_pmc,2024,,Eucalyptus globulus,5
pmid:39695366,39695366,10.1186/s12870-024-05889-6,pubmed,2024,BMC plant biology,Physalis peruviana,8
pmid:39695827,39695827,10.1186/s40360-024-00826-7,europe_pmc,2024,,Psidium guajava,5
pmid:39705810,39705810,10.1088/1748-605x/ada23b,europe_pmc,2024,,Psidium guajava,5
pmid:39707167,39707167,10.1186/s12870-024-05986-6,europe_pmc,2024,,Calendula officinalis,7
pmid:39707802,39707802,10.1002/jsfa.14087,pubmed,2025,Journal of the science of food and agriculture,Passiflora edulis,6
pmid:39707803,39707803,10.1002/jsfa.14085,pubmed,2025,Journal of the science of food and agriculture,Bixa orellana,4
pmid:39708162,39708162,10.1007/s11130-024-01253-z,pubmed,2024,"Plant foods for human nutrition (Dordrecht, Netherlands)",Chenopodium quinoa,4
pmid:39710951,39710951,10.1111/jocd.16741,pubmed,2025,Journal of cosmetic dermatology,Aloe vera,6
pmid:39713107,39713107,10.30476/dentjods.2023.98834.2112,europe_pmc,2024,,Aloe vera,6
pmid:39729659,39729659,10.1016/j.foodchem.2024.142348,pubmed,2025,Food chemistry,Annona muricata,3
pmid:39733205,39733205,10.1007/s43032-024-01776-5,pubmed,2025,"Reproductive sciences (Thousand Oaks, Calif.)",Punica granatum,5
pmid:39737645,39737645,10.1002/cbdv.202402852,pubmed,2025,Chemistry & biodiversity,Psidium guajava,4
pmid:39738250,39738250,10.1038/s41598-024-79672-w,europe_pmc,2024,,Eucalyptus globulus,4
pmid:39741835,39741835,10.1021/acsomega.4c08193,europe_pmc,2024,,Aloe vera,4
pmid:39748596,39748596,10.1002/mabi.202400504,europe_pmc,2025,,Aloe vera,5
pmid:39757262,39757262,10.1007/s11130-024-01256-w,pubmed,2025,"Plant foods for human nutrition (Dordrecht, Netherlands)",Chenopodium quinoa,4
pmid:39758367,39758367,10.1016/j.heliyon.2024.e41093,europe_pmc,2025,,Carica papaya,6
pmid:39765835,39765835,10.3390/antiox13121507,europe_pmc,2024,,Opuntia ficus-indica,5
pmid:39770097,39770097,10.3390/molecules29246012,europe_pmc,2024,,Aloe vera,5
pmid:39773618,39773618,10.1186/s12896-024-00940-8,pubmed,2025,BMC biotechnology,Origanum vulgare,7
pmid:39773682,39773682,10.1186/s40001-024-02255-y,pubmed,2025,European journal of medical research,Aloe vera,4
pmid:39777391,39777391,10.4103/jcde.jcde_525_24,europe_pmc,2024,,Psidium guajava,5
pmid:39778782,39778782,10.1016/j.jep.2025.119329,pubmed,2025,Journal of ethnopharmacology,Argemone mexicana,10
pmid:39781531,39781531,10.7150/ijms.104812,europe_pmc,2025,,Lepidium meyenii,5
pmid:39781534,39781534,10.7150/ijms.99958,europe_pmc,2025,,Punica granatum; Theobroma cacao,5
pmid:39790453,39790453,10.7717/peerj.18814,europe_pmc,2025,,Calendula officinalis,4
pmid:39791148,39791148,10.2174/0113894501354898241220075327,europe_pmc,2025,,Aloe vera; Carica papaya; Punica granatum; Rosmarinus officinalis,5
pmid:39793412,39793412,10.1016/j.ancard.2024.101856,pubmed,2025,Annales de cardiologie et d'angeiologie,Origanum vulgare,11
pmid:39795127,39795127,10.3390/molecules30010070,europe_pmc,2024,,Psidium guajava,4
pmid:39796113,39796113,10.3390/ijms26010258,europe_pmc,2024,,Matricaria chamomilla,5
pmid:39796510,39796510,10.3390/nu17010077,europe_pmc,2024,,Malva sylvestris,5
pmid:39796542,39796542,10.3390/nu17010107,europe_pmc,2024,,Lepidium meyenii,5
pmid:39800044,39800044,10.1016/j.exppara.2025.108897,pubmed,2025,Experimental parasitology,Piper aduncum,5
pmid:39803296,39803296,10.1002/fsn3.4672,europe_pmc,2025,,Smallanthus sonchifolius,6
pmid:39806975,39806975,10.2174/0115734099343126241105102839,europe_pmc,2025,,Punica granatum,6
pmid:39813285,39813285,10.1002/cbdv.202402429,pubmed,2025,Chemistry & biodiversity,Punica granatum,5
pmid:39814761,39814761,10.1038/s41597-024-04337-2,europe_pmc,2025,,Punica granatum,4
pmid:39814813,39814813,10.1038/s41598-025-85617-8,europe_pmc,2025,,Chenopodium quinoa,7
pmid:39820743,39820743,10.1038/s41598-024-85099-0,pubmed,2025,Scientific reports,Taraxacum officinale,6
pmid:39823760,39823760,10.1016/j.jplph.2025.154431,pubmed,2025,Journal of plant physiology,Physalis peruviana,3
pmid:39829661,39829661,10.14202/vetworld.2024.2659-2666,europe_pmc,2024,,Carica papaya,7
pmid:39836709,39836709,10.1097/GME.0000000000002496,pubmed,2025,"Menopause (New York, N.Y.)",Matricaria chamomilla,8
pmid:39840227,39840227,10.1016/j.dib.2024.111243,europe_pmc,2025,,Theobroma cacao,6
pmid:39844243,39844243,10.1186/s12906-025-04750-z,pubmed,2025,BMC complementary medicine and therapies,Physalis peruviana,5
pmid:39852154,39852154,10.3390/cimb47010039,europe_pmc,2025,,Taraxacum officinale,3
pmid:39853490,39853490,10.1007/s00253-025-13411-7,pubmed,2025,Applied microbiology and biotechnology,Aloe vera,5
pmid:39855433,39855433,10.1016/j.jep.2025.119324,europe_pmc,2025,,Aloe vera,8
pmid:39856820,39856820,10.3390/foods14020154,europe_pmc,2025,,Carica papaya,6
pmid:39858378,39858378,10.3390/antibiotics14010093,europe_pmc,2025,,Psidium guajava,6
pmid:39860018,39860018,10.3390/life15010078,europe_pmc,2025,,Punica granatum,5
pmid:39861128,39861128,10.3390/ph18010065,europe_pmc,2025,,Calendula officinalis,5
pmid:39861590,39861590,10.3390/plants14020237,europe_pmc,2025,,Aloe vera; Psidium guajava,4
pmid:39863677,39863677,10.1038/s41598-025-87293-0,europe_pmc,2025,,Theobroma cacao,6
pmid:39867219,39867219,10.1016/j.fochx.2024.102129,europe_pmc,2025,,Carica papaya,4
pmid:39867637,39867637,10.1080/20008686.2025.2456055,europe_pmc,2025,,Carica papaya,3
pmid:39871206,39871206,10.1186/s12896-025-00946-w,europe_pmc,2025,,Punica granatum,5
pmid:39871976,39871976,10.1039/d4ra07538b,europe_pmc,2025,,Aloe vera,6
pmid:39875543,39875543,10.1038/s41598-025-87680-7,pubmed,2025,Scientific reports,Opuntia ficus-indica,5
pmid:39876511,39876511,10.47665/tb.41.4.014,pubmed,2024,Tropical biomedicine,Annona muricata,5
pmid:39878065,39878065,10.1039/d4mo00195h,europe_pmc,2025,,Aloe vera,4
pmid:39884613,39884613,10.1016/j.ijbiomac.2025.140454,europe_pmc,2025,,Aloe vera,5
pmid:39885485,39885485,10.1186/s12906-024-04738-1,europe_pmc,2025,,Punica granatum,5
pmid:39888366,39888366,10.1007/s00210-025-03822-8,europe_pmc,2025,,Punica granatum,5
pmid:39891079,39891079,10.1186/s12870-025-06160-2,pubmed,2025,BMC plant biology,Matricaria chamomilla,7
pmid:39899176,39899176,10.1007/s11130-024-01287-3,pubmed,2025,"Plant foods for human nutrition (Dordrecht, Netherlands)",Plukenetia volubilis,5
pmid:39899395,39899395,10.1089/jmf.2024.k.0237,europe_pmc,2025,,Annona muricata,4
pmid:39902263,39902263,10.3389/fchem.2024.1490639,europe_pmc,2024,,Aloe vera,6
pmid:3990316,3990316,10.1016/0378-8741(85)90061-3,pubmed,1985,Journal of ethnopharmacology,Matricaria chamomilla,3
pmid:39906616,39906616,10.22038/ijbms.2024.80289.17379,europe_pmc,2025,,Annona muricata,6
pmid:39908953,39908953,10.1016/j.chroma.2025.465696,europe_pmc,2025,,Punica granatum,6
pmid:39910123,39910123,10.1038/s41598-025-86334-y,europe_pmc,2025,,Aloe vera,6
pmid:39914510,39914510,10.1016/j.ijpharm.2025.125304,europe_pmc,2025,,Aloe vera,5
pmid:39917211,39917211,10.6026/973206300200993,europe_pmc,2024,,Aloe vera,4
pmid:39917346,39917346,10.1007/s13197-024-06037-6,europe_pmc,2025,,Carica papaya,4
pmid:39917707,39917707,10.3389/fdmed.2024.1479953,europe_pmc,2024,,Psidium guajava,7
pmid:39919404,39919404,10.1016/j.tice.2025.102762,pubmed,2025,Tissue & cell,Calendula officinalis,6
pmid:39921809,39921809,10.1007/s10787-025-01648-7,europe_pmc,2025,,Psidium guajava,4
pmid:39922341,39922341,10.1016/j.ijbiomac.2025.140233,pubmed,2025,International journal of biological macromolecules,Mauritia flexuosa,5
pmid:39923407,39923407,10.1016/j.biopha.2025.117904,pubmed,2025,Biomedicine & pharmacotherapy = Biomedecine & pharmacotherapie,Origanum vulgare,6
pmid:39927022,39927022,10.4103/jpbs.jpbs_1101_24,europe_pmc,2024,,Aloe vera,4
pmid:39929029,39929029,10.1016/j.compbiolchem.2025.108374,pubmed,2025,Computational biology and chemistry,Annona muricata,6
pmid:39931158,39931158,10.12688/f1000research.130394.4,pubmed,2023,F1000Research,Plukenetia volubilis,5
pmid:39932026,39932026,10.36290/csf.2024.008,pubmed,2024,Ceska a Slovenska farmacie : casopis Ceske farmaceuticke spolecnosti a Slovenske farmaceuticke spolecnosti,Rosmarinus officinalis,2
pmid:39940265,39940265,10.3390/nu17030407,europe_pmc,2025,,Passiflora edulis,6
pmid:39942804,39942804,10.3390/molecules30030701,europe_pmc,2025,,Solanum tuberosum,5
pmid:39942879,39942879,10.3390/plants14030317,europe_pmc,2025,,Carica papaya,5
pmid:39942926,39942926,10.3390/plants14030364,europe_pmc,2025,,Cinchona officinalis,5
pmid:39945526,39945526,10.1002/ardp.202400853,pubmed,2025,Archiv der Pharmazie,Passiflora edulis,5
pmid:39951972,39951972,10.1016/j.phymed.2025.156481,pubmed,2025,Phytomedicine : international journal of phytotherapy and phytopharmacology,Aloe vera,6
pmid:39952621,39952621,10.1016/j.jnutbio.2025.109863,pubmed,2025,The Journal of nutritional biochemistry,Chenopodium quinoa,5
pmid:39953529,39953529,10.1186/s12906-025-04777-2,europe_pmc,2025,,Aloe vera; Eucalyptus globulus,6
pmid:39962060,39962060,10.1038/s41598-024-81874-1,pubmed,2025,Scientific reports,Opuntia ficus-indica,5
pmid:39963418,39963418,10.2147/ijn.s503540,europe_pmc,2025,,Aloe vera,5
pmid:39965124,39965124,10.1002/advs.202417686,pubmed,2025,"Advanced science (Weinheim, Baden-Wurttemberg, Germany)",Rosmarinus officinalis,5
pmid:39966369,39966369,10.2174/0115680266355377250213054844,pubmed,2025,Current topics in medicinal chemistry,Rosmarinus officinalis,4
pmid:39967153,39967153,10.1016/j.foodres.2025.115694,pubmed,2025,"Food research international (Ottawa, Ont.)",Theobroma cacao,5
pmid:39977979,39977979,10.1016/j.foodchem.2025.143435,pubmed,2025,Food chemistry,Taraxacum officinale,3
pmid:39979339,39979339,10.1038/s41598-025-88936-y,europe_pmc,2025,,Psidium guajava,4
pmid:39985604,39985604,10.1007/s11130-025-01324-9,pubmed,2025,"Plant foods for human nutrition (Dordrecht, Netherlands)",Chenopodium quinoa,4
pmid:39997740,39997740,10.3390/metabo15020115,europe_pmc,2025,,Bixa orellana,5
pmid:39998708,39998708,10.1007/s11130-025-01309-8,pubmed,2025,"Plant foods for human nutrition (Dordrecht, Netherlands)",Plukenetia volubilis,5
pmid:39999379,39999379,10.1021/acsami.5c00715,europe_pmc,2025,,Aloe vera,5
pmid:40000634,40000634,10.1038/s41538-025-00391-1,europe_pmc,2025,,Aloe vera,4
pmid:40000704,40000704,10.1038/s41598-025-90952-x,pubmed,2025,Scientific reports,Chenopodium quinoa,5
pmid:40002005,40002005,10.3390/foods14040561,europe_pmc,2025,,Passiflora edulis,5
pmid:40002127,40002127,10.3390/foods14040684,europe_pmc,2025,,Taraxacum officinale,5
pmid:40003649,40003649,10.3390/life15020241,europe_pmc,2025,,Solanum tuberosum,5
pmid:40005158,40005158,10.3390/molecules30040847,europe_pmc,2025,,Lepidium meyenii,6
pmid:40007026,40007026,10.3390/v17020271,europe_pmc,2025,,Carica papaya,5
pmid:40007615,40007615,10.1155/bri/9994531,europe_pmc,2025,,Aloe vera; Opuntia ficus-indica,6
pmid:40015583,40015583,10.1016/j.phytochem.2025.114457,pubmed,2025,Phytochemistry,Eucalyptus globulus,3
pmid:40018873,40018873,10.1002/tpg2.70010,europe_pmc,2025,,Chenopodium quinoa,5
pmid:40021650,40021650,10.1038/s41597-025-04688-4,europe_pmc,2025,,Matricaria chamomilla,4
pmid:40032129,40032129,10.1016/j.ijbiomac.2025.141639,pubmed,2025,International journal of biological macromolecules,Physalis peruviana,3
pmid:40032917,40032917,10.1038/s41598-025-90072-6,europe_pmc,2025,,Aloe vera,6
pmid:40043011,40043011,10.1371/journal.pone.0316148,pubmed,2025,PloS one,Theobroma cacao,5
pmid:40043456,40043456,10.1016/j.plaphy.2025.109704,europe_pmc,2025,,Chenopodium quinoa,5
pmid:40043740,40043740,10.1055/a-2551-5681,pubmed,2025,Planta medica,Croton lechleri,1
pmid:40043852,40043852,10.1016/j.bbr.2025.115521,pubmed,2025,Behavioural brain research,Banisteriopsis caapi; Psychotria viridis,9
pmid:40043926,40043926,10.1016/j.steroids.2025.109589,pubmed,2025,Steroids,Rosmarinus officinalis,4
pmid:40043967,40043967,10.1016/j.ijbiomac.2025.141629,pubmed,2025,International journal of biological macromolecules,Plantago major,3
pmid:40050547,40050547,10.1007/s11033-025-10344-2,pubmed,2025,Molecular biology reports,Punica granatum,7
pmid:40055645,40055645,10.1186/s12906-025-04771-8,pubmed,2025,BMC complementary medicine and therapies,Rosmarinus officinalis,11
pmid:40057821,40057821,10.12659/MSM.945120,pubmed,2025,Medical science monitor : international medical journal of experimental and clinical research,Morinda citrifolia,6
pmid:40061135,40061135,10.37349/etat.2025.1002285,europe_pmc,2025,,Malva sylvestris,5
pmid:40061650,40061650,10.4103/jpbs.jpbs_1143_24,europe_pmc,2024,,Punica granatum,5
pmid:40061770,40061770,10.4103/jpbs.jpbs_884_24,europe_pmc,2024,,Punica granatum,5
pmid:40064981,40064981,10.1038/s41598-025-91201-x,pubmed,2025,Scientific reports,Aloe vera,5
pmid:40067519,40067519,10.1007/s10787-025-01703-3,pubmed,2025,Inflammopharmacology,Bixa orellana,8
pmid:40069765,40069765,10.1186/s13002-025-00759-3,pubmed,2025,Journal of ethnobiology and ethnomedicine,Eucalyptus globulus,8
pmid:40070412,40070412,10.1016/j.dib.2025.111378,europe_pmc,2025,,Psidium guajava,5
pmid:40074437,40074437,10.1016/j.jgeb.2025.100463,pubmed,2025,"Journal, genetic engineering & biotechnology",Physalis peruviana,4
pmid:40076328,40076328,10.3390/molecules30051103,europe_pmc,2025,,Morinda citrifolia,4
pmid:40076773,40076773,10.3390/ijms26052151,europe_pmc,2025,,Passiflora ligularis,6
pmid:40077758,40077758,10.3390/nu17050888,europe_pmc,2025,,Smallanthus sonchifolius,7
pmid:40081075,40081075,10.1016/j.foodchem.2025.143755,pubmed,2025,Food chemistry,Eucalyptus globulus,4
pmid:40089549,40089549,10.1038/s41598-025-93864-y,europe_pmc,2025,,Carica papaya,4
pmid:40093501,40093501,10.1007/s12070-024-05312-4,europe_pmc,2025,,Calendula officinalis,6
pmid:40094541,40094541,10.3390/plants14050635,europe_pmc,2025,,Chenopodium quinoa,6
pmid:40100552,40100552,10.1007/s11130-025-01330-x,pubmed,2025,"Plant foods for human nutrition (Dordrecht, Netherlands)",Oxalis tuberosa,5
pmid:40102085,40102085,10.1016/j.joim.2025.02.003,pubmed,2025,Journal of integrative medicine,Aloe vera,7
pmid:40106911,40106911,10.1016/j.jpba.2025.116806,pubmed,2025,Journal of pharmaceutical and biomedical analysis,Annona muricata,6
pmid:40109332,40109332,10.3389/fimmu.2025.1529710,pubmed,2025,Frontiers in immunology,Taraxacum officinale,7
pmid:40120885,40120885,10.1016/j.ijbiomac.2025.142152,europe_pmc,2025,,Punica granatum,4
pmid:40125534,40125534,10.1016/j.jtumed.2025.02.005,europe_pmc,2025,,Theobroma cacao,6
pmid:40126792,40126792,10.1007/s11130-025-01339-2,pubmed,2025,"Plant foods for human nutrition (Dordrecht, Netherlands)",Smallanthus sonchifolius,4
pmid:40129739,40129739,10.3389/fpls.2025.1522995,europe_pmc,2025,,Chenopodium quinoa,7
pmid:40131436,40131436,10.1007/s00216-025-05841-z,europe_pmc,2025,,Aloe vera,5
pmid:40137459,40137459,10.3390/neurolint17030038,europe_pmc,2025,,Lepidium meyenii,6
pmid:40141742,40141742,10.3390/life15030397,europe_pmc,2025,,Aloe vera,5
pmid:40143095,40143095,10.3390/ph18030316,pubmed,2025,"Pharmaceuticals (Basel, Switzerland)",Ilex guayusa,1
pmid:40148297,40148297,10.2174/0113816128337474250311074502,europe_pmc,2026,,Punica granatum,5
pmid:40154100,40154100,10.1016/j.jaim.2024.101081,pubmed,2025,Journal of Ayurveda and integrative medicine,Morinda citrifolia,7
pmid:40155621,40155621,10.1038/s41598-025-93504-5,pubmed,2025,Scientific reports,Rosmarinus officinalis,7
pmid:40165767,40165767,10.1111/php.14061,pubmed,2025,Photochemistry and photobiology,Croton lechleri,3
pmid:40168333,40168333,10.1371/journal.pone.0318162,europe_pmc,2025,,Solanum tuberosum,5
pmid:40172703,40172703,10.1007/s10142-025-01577-2,europe_pmc,2025,,Chenopodium quinoa,6
pmid:40181073,40181073,10.1038/s41598-025-96430-8,europe_pmc,2025,,Aloe vera,6
pmid:40181081,40181081,10.1038/s41598-025-95809-x,pubmed,2025,Scientific reports,Calendula officinalis,4
pmid:40184219,40184219,10.1080/15592324.2025.2486083,europe_pmc,2025,,Chenopodium quinoa,4
pmid:40184753,40184753,10.1016/j.foodchem.2025.144085,pubmed,2025,Food chemistry,Mauritia flexuosa,3
pmid:40184782,40184782,10.1016/j.bioadv.2025.214294,pubmed,2025,Biomaterials advances,Physalis peruviana,6
pmid:40186574,40186574,10.1002/bio.70166,pubmed,2025,Luminescence : the journal of biological and chemical luminescence,Banisteriopsis caapi,4
pmid:40190537,40190537,10.4314/ahs.v24i4.31,europe_pmc,2024,,Punica granatum,6
pmid:40191523,40191523,10.1002/fsn3.70145,europe_pmc,2025,,Carica papaya,4
pmid:40192041,40192041,10.2174/0125899775362872250319082142,pubmed,2026,Current drug research reviews,Argemone mexicana,5
pmid:40193371,40193371,10.1371/journal.pone.0321190,pubmed,2025,PloS one,Psidium guajava,6
pmid:40198484,40198484,10.1007/s11130-025-01346-3,europe_pmc,2025,,Tagetes minuta,6
pmid:40200651,40200651,10.1002/mnfr.70060,europe_pmc,2025,,Punica granatum,5
pmid:40201845,40201845,10.5455/ovj.2025.v15.i2.18,europe_pmc,2025,,Aloe vera,6
pmid:40204054,40204054,10.1016/j.fitote.2025.106530,pubmed,2025,Fitoterapia,Aloe vera,5
pmid:40209382,40209382,10.1016/j.foodchem.2025.144192,pubmed,2025,Food chemistry,Morinda citrifolia,4
pmid:40210174,40210174,10.1016/j.ctim.2025.103173,pubmed,2025,Complementary therapies in medicine,Aloe vera,5
pmid:40212864,40212864,10.3389/fpls.2025.1577521,europe_pmc,2025,,Aloe vera,6
pmid:40213600,40213600,10.4103/abr.abr_141_24,europe_pmc,2025,,Aloe vera,3
pmid:40213685,40213685,10.3389/fphar.2025.1504230,europe_pmc,2025,,Lepidium meyenii,5
pmid:40214950,40214950,10.1007/s12011-025-04598-x,europe_pmc,2025,,Matricaria chamomilla,6
pmid:40222721,40222721,10.1016/j.xphs.2025.103792,europe_pmc,2025,,Opuntia ficus-indica,5
pmid:40227287,40227287,10.3390/antiox14030301,europe_pmc,2025,,Punica granatum,10
pmid:40228611,40228611,10.1016/j.ijpharm.2025.125592,europe_pmc,2025,,Aloe vera,5
pmid:40232004,40232004,10.3390/foods14060988,europe_pmc,2025,,Chenopodium quinoa,5
pmid:40234332,40234332,10.1007/s13744-025-01271-9,pubmed,2025,Neotropical entomology,Taraxacum officinale,4
pmid:40236729,40236729,10.1093/hr/uhaf045,europe_pmc,2025,,Carica papaya,5
pmid:40237708,40237708,10.1302/2046-3758.144.bjr-2024-0327.r1,europe_pmc,2025,,Carica papaya,7
pmid:40238344,40238344,10.3390/foods14071185,europe_pmc,2025,,Aloe vera,5
pmid:40238367,40238367,10.3390/foods14071186,europe_pmc,2025,,Chenopodium quinoa,4
pmid:40245638,40245638,10.1016/j.ultsonch.2025.107337,pubmed,2025,Ultrasonics sonochemistry,Chenopodium quinoa,3
pmid:40255559,40255559,10.1002/fsn3.70090,europe_pmc,2025,,Carica papaya,6
pmid:40256689,40256689,10.4103/jcde.jcde_714_24,europe_pmc,2025,,Morinda citrifolia,8
pmid:40257550,40257550,10.1007/s12011-025-04620-2,pubmed,2025,Biological trace element research,Origanum vulgare; Plantago major; Taraxacum officinale,7
pmid:40258777,40258777,10.1080/08164622.2025.2485236,europe_pmc,2025,,Aloe vera,6
pmid:40260842,40260842,10.1002/cbdv.202500730,pubmed,2025,Chemistry & biodiversity,Passiflora edulis,3
pmid:40263254,40263254,10.1038/s41467-025-58358-5,pubmed,2025,Nature communications,Mauritia flexuosa,4
pmid:40263797,40263797,10.1016/j.foodres.2025.116228,europe_pmc,2025,,Psidium guajava,4
pmid:40265035,40265035,10.34172/japid.2025.002,europe_pmc,2025,,Aloe vera,5
pmid:40265431,40265431,10.2174/0113816128389673250415101004,europe_pmc,2025,,Malva sylvestris,8
pmid:40265902,40265902,10.3390/plants14060957,europe_pmc,2025,,Schinus molle,6
pmid:40266938,40266938,10.3390/vetsci12030248,europe_pmc,2025,,Aloe vera,4
pmid:40267640,40267640,10.1016/j.biopha.2025.118076,pubmed,2025,Biomedicine & pharmacotherapy = Biomedecine & pharmacotherapie,Cinchona officinalis,3
pmid:40270077,40270077,10.1186/s41182-025-00740-6,pubmed,2025,Tropical medicine and health,Eucalyptus globulus,8
pmid:40270859,40270859,10.4103/ccd.ccd_20_25,europe_pmc,2025,,Morinda citrifolia,4
pmid:40274198,40274198,10.1016/j.fitote.2025.106563,pubmed,2025,Fitoterapia,Rosmarinus officinalis,5
pmid:40282311,40282311,10.3390/biology14040446,europe_pmc,2025,,Chenopodium quinoa,6
pmid:40282799,40282799,10.3390/foods14081398,europe_pmc,2025,,Morinda citrifolia,4
pmid:40284116,40284116,10.3390/plants14081228,europe_pmc,2025,,Opuntia ficus-indica,5
pmid:40284795,40284795,10.3390/vetsci12040293,europe_pmc,2025,,Aloe vera; Carica papaya,6
pmid:40290746,40290746,10.1039/d5ra02503f,europe_pmc,2025,,Psidium guajava,5
pmid:40297338,40297338,10.3389/fnut.2025.1487786,europe_pmc,2025,,Punica granatum,6
pmid:40298828,40298828,10.3390/antiox14040462,europe_pmc,2025,,Taraxacum officinale,6
pmid:40301461,40301461,10.1038/s41598-025-96788-9,europe_pmc,2025,,Bixa orellana,4
pmid:40304195,40304195,10.1080/15226514.2025.2497899,europe_pmc,2025,,Matricaria chamomilla,5
pmid:40304749,40304749,10.1007/s00210-025-04216-6,europe_pmc,2025,,Morinda citrifolia,6
pmid:40313315,40313315,10.1039/d5ra00040h,europe_pmc,2025,,Psidium guajava,7
pmid:40313648,40313648,10.1039/d5na00211g,europe_pmc,2025,,Morinda citrifolia,4
pmid:40317061,40317061,10.1186/s13065-025-01484-4,europe_pmc,2025,,Solanum tuberosum,6
pmid:40318398,40318398,10.1016/j.colsurfb.2025.114733,pubmed,2025,"Colloids and surfaces. B, Biointerfaces",Rosmarinus officinalis,5
pmid:40323508,40323508,10.1007/s00210-025-04220-w,pubmed,2025,Naunyn-Schmiedeberg's archives of pharmacology,Banisteriopsis caapi,6
pmid:40330798,40330798,10.1155/sci5/5849854,europe_pmc,2025,,Psidium guajava,5
pmid:40331726,40331726,10.1111/1750-3841.70236,pubmed,2025,Journal of food science,Chenopodium quinoa,6
pmid:40333114,40333114,10.3390/pathogens14040348,europe_pmc,2025,,Eucalyptus globulus; Origanum vulgare,5
pmid:40333692,40333692,10.1371/journal.pone.0321846,pubmed,2025,PloS one,Annona muricata,5
pmid:40335653,40335653,10.1038/s41598-025-98558-z,europe_pmc,2025,,Opuntia ficus-indica,6
pmid:40339227,40339227,10.1016/j.biopha.2025.118112,pubmed,2025,Biomedicine & pharmacotherapy = Biomedecine & pharmacotherapie,Urtica urens,4
pmid:40341848,40341848,10.1371/journal.pone.0322935,pubmed,2025,PloS one,Solanum tuberosum,6
pmid:40345638,40345638,10.1016/j.actatropica.2025.107644,europe_pmc,2025,,Annona muricata,5
pmid:40346565,40346565,10.1186/s13002-025-00775-3,pubmed,2025,Journal of ethnobiology and ethnomedicine,Opuntia ficus-indica,11
pmid:40353228,40353228,10.3389/fpls.2025.1527866,europe_pmc,2025,,Psidium guajava,7
pmid:40361523,40361523,10.3390/foods14091441,europe_pmc,2025,,Theobroma cacao,7
pmid:40361667,40361667,10.3390/foods14091585,europe_pmc,2025,,Mauritia flexuosa,4
pmid:40362617,40362617,10.3390/ijms26094381,europe_pmc,2025,,Aloe vera,5
pmid:40362965,40362965,10.3390/polym17091182,europe_pmc,2025,,Eucalyptus globulus,8
pmid:40364510,40364510,10.1080/13813455.2025.2499840,europe_pmc,2025,,Annona muricata,4
pmid:40367370,40367370,10.1021/acsabm.5c00319,europe_pmc,2025,,Psidium guajava,7
pmid:40374153,40374153,10.1016/j.ctim.2025.103192,pubmed,2025,Complementary therapies in medicine,Matricaria chamomilla,7
pmid:40377044,40377044,10.3923/pjbs.2025.344.358,europe_pmc,2025,,Aloe vera,8
pmid:40377300,40377300,10.1002/mnfr.70114,europe_pmc,2025,,Opuntia ficus-indica,5
pmid:40379178,40379178,10.1016/j.ijbiomac.2025.144220,pubmed,2025,International journal of biological macromolecules,Matricaria chamomilla,1
pmid:40382905,40382905,10.1016/j.foodchem.2025.144667,pubmed,2025,Food chemistry,Chenopodium quinoa,4
pmid:40383244,40383244,10.1016/j.micpath.2025.107704,pubmed,2025,Microbial pathogenesis,Morinda citrifolia,3
pmid:40392387,40392387,10.1007/s10787-025-01780-4,europe_pmc,2025,,Carica papaya,4
pmid:40392865,40392865,10.17305/bb.2025.12090,europe_pmc,2025,,Aloe vera,6
pmid:40394019,40394019,10.1038/s41598-025-02065-0,europe_pmc,2025,,Punica granatum,5
pmid:40407932,40407932,10.1007/s00299-025-03514-w,europe_pmc,2025,,Opuntia ficus-indica,5
pmid:40410279,40410279,10.1038/s41598-025-01724-6,pubmed,2025,Scientific reports,Banisteriopsis caapi,4
pmid:40413942,40413942,10.1016/j.foodchem.2025.144824,europe_pmc,2025,,Carica papaya,4
pmid:40415066,40415066,10.1038/s41598-025-03264-5,europe_pmc,2025,,Chenopodium quinoa,5
pmid:40422383,40422383,10.3390/gels11050364,pubmed,2025,"Gels (Basel, Switzerland)",Passiflora edulis,4
pmid:40422720,40422720,10.3390/jof11050385,europe_pmc,2025,,Carica papaya,7
pmid:40424692,40424692,10.1016/j.ultsonch.2025.107393,pubmed,2025,Ultrasonics sonochemistry,Chenopodium quinoa,7
pmid:40428534,40428534,10.3390/foods14101755,europe_pmc,2025,,Punica granatum,8
pmid:40429255,40429255,10.3390/insects16050542,europe_pmc,2025,,Eucalyptus globulus,5
pmid:40431500,40431500,10.3390/vetsci12050407,europe_pmc,2025,,Carica papaya,5
pmid:40432973,40432973,10.3389/fmicb.2025.1551310,europe_pmc,2025,,Matricaria chamomilla,6
pmid:40433937,40433937,10.1111/1750-3841.70292,europe_pmc,2025,,Aloe vera,7
pmid:40434492,40434492,10.1007/s11250-025-04485-6,europe_pmc,2025,,Psidium guajava,5
pmid:40435093,40435093,10.1590/1519-6984.293833,pubmed,2025,Brazilian journal of biology = Revista brasleira de biologia,Passiflora edulis,5
pmid:40435702,40435702,10.1016/j.compbiolchem.2025.108512,europe_pmc,2025,,Punica granatum,4
pmid:40437268,40437268,10.1007/s13668-025-00659-8,pubmed,2025,Current nutrition reports,Physalis peruviana,6
pmid:40437364,40437364,10.1186/s12870-025-06758-6,europe_pmc,2025,,Calendula officinalis,5
pmid:40438412,40438412,10.3389/fvets.2025.1565787,europe_pmc,2025,,Eucalyptus globulus,6
pmid:40440968,40440968,10.1016/j.explore.2025.103189,pubmed,2025,"Explore (New York, N.Y.)",Matricaria chamomilla,7
pmid:40442636,40442636,10.1186/s12870-025-06766-6,europe_pmc,2025,,Solanum tuberosum,6
pmid:40444133,40444133,10.1002/fsn3.70313,europe_pmc,2025,,Carica papaya,4
pmid:40447704,40447704,10.1038/s41598-025-03598-0,pubmed,2025,Scientific reports,Chenopodium quinoa,3
pmid:40448258,40448258,10.1186/s12870-025-06785-3,europe_pmc,2025,,Aloe vera,5
pmid:40449113,40449113,10.1016/j.chroma.2025.466088,pubmed,2025,Journal of chromatography. A,Calendula officinalis,6
pmid:40453844,40453844,10.5455/ovj.2025.v15.i4.11,europe_pmc,2025,,Plukenetia volubilis,7
pmid:40456896,40456896,10.1038/s41598-025-04422-5,pubmed,2025,Scientific reports,Polylepis rugulosa,4
pmid:40457195,40457195,10.1080/1028415x.2025.2509750,europe_pmc,2025,,Carica papaya,5
pmid:40461581,40461581,10.1038/s41598-025-04798-4,europe_pmc,2025,,Punica granatum,5
pmid:40462676,40462676,10.2478/acph-2025-0014,europe_pmc,2025,,Aloe vera,5
pmid:40466538,40466538,10.1016/j.foodchem.2025.145001,pubmed,2025,Food chemistry,Theobroma cacao,4
pmid:40467243,40467243,10.1016/j.foodres.2025.116675,pubmed,2025,"Food research international (Ottawa, Ont.)",Aloe vera,5
pmid:40468310,40468310,10.1186/s12906-025-04946-3,europe_pmc,2025,,Aloe vera,8
pmid:40472797,40472797,10.1016/j.scitotenv.2025.179777,europe_pmc,2025,,Chenopodium quinoa,7
pmid:40473722,40473722,10.1038/s41598-025-04726-6,europe_pmc,2025,,Opuntia ficus-indica,7
pmid:40482480,40482480,10.1016/j.foodchem.2025.145027,pubmed,2025,Food chemistry,Chenopodium quinoa,4
pmid:40483779,40483779,10.1016/j.ecoenv.2025.118482,europe_pmc,2025,,Lepidium meyenii,6
pmid:40484255,40484255,10.1016/j.jep.2025.120092,pubmed,2025,Journal of ethnopharmacology,Psidium guajava,7
pmid:40488060,40488060,10.1021/acsomega.5c01292,pubmed,2025,ACS omega,Bixa orellana,1
pmid:40488974,40488974,10.1007/s11130-025-01377-w,pubmed,2025,"Plant foods for human nutrition (Dordrecht, Netherlands)",Tropaeolum tuberosum,5
pmid:40489925,40489925,10.1016/j.ultsonch.2025.107412,pubmed,2025,Ultrasonics sonochemistry,Origanum vulgare,4
pmid:40490736,40490736,10.1186/s12906-025-04935-6,europe_pmc,2025,,Carica papaya,5
pmid:40496000,40496000,10.1016/j.omtm.2025.101491,europe_pmc,2025,,Lepidium meyenii,6
pmid:40496699,40496699,10.3389/froh.2025.1484364,europe_pmc,2025,,Punica granatum,5
pmid:40497906,40497906,10.3390/nano15110858,europe_pmc,2025,,Aloe vera,4
pmid:40498139,40498139,10.1007/s11686-025-01071-6,europe_pmc,2025,,Carica papaya,5
pmid:40501267,40501267,,pubmed,2025,Pakistan journal of pharmaceutical sciences,Annona muricata,4
pmid:40504264,40504264,10.1007/s00425-025-04741-x,europe_pmc,2025,,Chenopodium quinoa,7
pmid:40508359,40508359,10.3390/plants14111685,europe_pmc,2025,,Aloe vera,5
pmid:40508732,40508732,10.3390/polym17111490,europe_pmc,2025,,Solanum tuberosum,5
pmid:40509194,40509194,10.3390/molecules30112306,europe_pmc,2025,,Aloe vera,5
pmid:40509222,40509222,10.3390/molecules30112336,europe_pmc,2025,,Theobroma cacao,5
pmid:40509274,40509274,10.3390/molecules30112387,europe_pmc,2025,,Punica granatum,5
pmid:40509335,40509335,10.3390/molecules30112448,europe_pmc,2025,,Opuntia ficus-indica,5
pmid:40510896,40510896,10.4103/japtr.japtr_321_24,europe_pmc,2025,,Morinda citrifolia,4
pmid:40511173,40511173,10.4103/jpbs.jpbs_1988_24,europe_pmc,2025,,Morinda citrifolia,7
pmid:40516329,40516329,10.1016/j.biopha.2025.118256,pubmed,2025,Biomedicine & pharmacotherapy = Biomedecine & pharmacotherapie,Morinda citrifolia,6
pmid:40519593,40519593,10.3389/fpls.2025.1600423,europe_pmc,2025,,Chenopodium quinoa,6
pmid:40520453,40520453,10.1177/17562848251337822,europe_pmc,2025,,Aloe vera,6
pmid:40521074,40521074,10.1002/fsn3.70374,europe_pmc,2025,,Psidium guajava,5
pmid:40521212,40521212,10.1007/s13205-025-04370-x,europe_pmc,2025,,Carica papaya,5
pmid:40524181,40524181,10.1186/s12610-025-00271-4,europe_pmc,2025,,Malva sylvestris,7
pmid:40524511,40524511,10.1002/jsfa.70002,europe_pmc,2025,,Opuntia ficus-indica,5
pmid:40531753,40531753,10.1590/1414-431x2025e14402,europe_pmc,2025,,Aloe vera,5
pmid:40536553,40536553,10.1007/s00210-025-04286-6,pubmed,2025,Naunyn-Schmiedeberg's archives of pharmacology,Aloe vera,5
pmid:40539369,40539369,10.1002/bit.29033,europe_pmc,2025,,Aloe vera,4
pmid:40540118,40540118,10.1007/s13105-025-01097-4,pubmed,2025,Journal of physiology and biochemistry,Opuntia ficus-indica,5
pmid:40541754,40541754,10.1016/j.jep.2025.120141,pubmed,2025,Journal of ethnopharmacology,Matricaria chamomilla,9
pmid:40541796,40541796,10.1016/j.fitote.2025.106696,pubmed,2025,Fitoterapia,Aloe vera,4
pmid:40542175,40542175,10.1038/s41598-025-89854-9,pubmed,2025,Scientific reports,Physalis peruviana,5
pmid:40542932,40542932,10.1007/s44445-025-00028-9,europe_pmc,2025,,Psidium guajava,5
pmid:40548187,40548187,10.1002/fsn3.70491,europe_pmc,2025,,Aloe vera; Psidium guajava,6
pmid:40549214,40549214,10.1007/s10653-025-02586-7,pubmed,2025,Environmental geochemistry and health,Eucalyptus globulus,3
pmid:40553716,40553716,10.1016/j.envres.2025.122172,pubmed,2025,Environmental research,Taraxacum officinale,4
pmid:40555260,40555260,10.1088/1748-605x/ade7e2,europe_pmc,2025,,Aloe vera,5
pmid:40559410,40559410,10.3390/metabo15060386,europe_pmc,2025,,Aloe vera; Opuntia ficus-indica,5
pmid:40559926,40559926,10.3390/toxics13060453,europe_pmc,2025,,Solanum tuberosum,5
pmid:40561287,40561287,10.1590/1519-6984.286059,pubmed,2025,Brazilian journal of biology = Revista brasleira de biologia,Solanum tuberosum,5
pmid:40562322,40562322,10.1016/j.jep.2025.120187,europe_pmc,2025,,Psidium guajava,7
pmid:40563078,40563078,10.1007/s12013-025-01806-2,europe_pmc,2025,,Aloe vera,8
pmid:40563295,40563295,10.3390/antiox14060661,europe_pmc,2025,,Opuntia ficus-indica,6
pmid:40563966,40563966,10.3390/biology14060716,europe_pmc,2025,,Calendula officinalis,6
pmid:40565630,40565630,10.3390/foods14122021,europe_pmc,2025,,Aloe vera,5
pmid:40565668,40565668,10.3390/foods14122059,pubmed,2025,"Foods (Basel, Switzerland)",Lupinus mutabilis,1
pmid:40567145,40567145,10.1021/acsabm.5c00503,europe_pmc,2025,,Punica granatum,6
pmid:40571694,40571694,10.1038/s41598-025-03742-w,europe_pmc,2025,,Chenopodium quinoa,5
pmid:40573004,40573004,10.3390/ma18122874,europe_pmc,2025,,Aloe vera,5
pmid:40573291,40573291,10.3390/ph18060896,europe_pmc,2025,,Punica granatum,6
pmid:40574043,40574043,10.3390/pharmaceutics17060730,europe_pmc,2025,,Passiflora ligularis,5
pmid:40593992,40593992,10.1038/s41598-025-03658-5,europe_pmc,2025,,Aloe vera,6
pmid:40594185,40594185,10.1038/s41598-025-04797-5,europe_pmc,2025,,Chenopodium quinoa,5
pmid:40595819,40595819,10.1038/s41598-025-05070-5,europe_pmc,2025,,Aloe vera,5
pmid:40595945,40595945,10.1038/s41598-025-05231-6,europe_pmc,2025,,Aloe vera,4
pmid:40596273,40596273,10.1038/s41598-025-05544-6,europe_pmc,2025,,Punica granatum,6
pmid:40599441,40599441,10.32592/ARI.2024.79.6.1311,pubmed,2024,Archives of Razi Institute,Taraxacum officinale,6
pmid:40604412,40604412,10.1186/s12870-025-06825-y,europe_pmc,2025,,Chenopodium quinoa,7
pmid:40604924,40604924,10.1186/s13020-025-01153-7,pubmed,2025,Chinese medicine,Aloe vera,6
pmid:40605001,40605001,10.1186/s12935-025-03860-5,pubmed,2025,Cancer cell international,Caesalpinia spinosa,6
pmid:40609940,40609940,10.1016/j.ijbiomac.2025.145676,pubmed,2025,International journal of biological macromolecules,Lepidium meyenii,3
pmid:40611101,40611101,10.1186/s12906-025-04930-x,europe_pmc,2025,,Aloe vera,8
pmid:40611305,40611305,10.1186/s13065-025-01564-5,europe_pmc,2025,,Aloe vera,5
pmid:40612758,40612758,10.3746/pnf.2025.30.3.209,europe_pmc,2025,,Psidium guajava,3
pmid:40616349,40616349,10.1002/jms.5156,europe_pmc,2025,,Mauritia flexuosa,4
pmid:40616647,40616647,10.1007/s12013-025-01822-2,europe_pmc,2025,,Punica granatum,5
pmid:40620779,40620779,10.7717/peerj.19608,europe_pmc,2025,,Punica granatum,9
pmid:40624268,40624268,10.1007/s11103-025-01606-5,europe_pmc,2025,,Matricaria chamomilla,6
pmid:40628196,40628196,10.1016/j.jenvman.2025.126198,pubmed,2025,Journal of environmental management,Mauritia flexuosa,6
pmid:40629300,40629300,10.1186/s12870-025-06897-w,europe_pmc,2025,,Solanum tuberosum,6
pmid:40629888,40629888,10.1021/acs.jafc.5c02320,europe_pmc,2025,,Punica granatum,5
pmid:40632616,40632616,10.1093/jat/bkaf064,europe_pmc,2025,,Psychotria viridis,5
pmid:40634875,40634875,10.1186/s12906-025-04996-7,pubmed,2025,BMC complementary medicine and therapies,Rosmarinus officinalis,6
pmid:40635870,40635870,10.4103/jmau.jmau_22_23,europe_pmc,2025,,Calendula officinalis,6
pmid:40636208,40636208,10.6026/973206300210630,europe_pmc,2025,,Aloe vera,4
pmid:40636428,40636428,10.5511/plantbiotechnology.25.0122a,europe_pmc,2025,,Chenopodium quinoa,4
pmid:40638901,40638901,10.1002/cbdv.202501610,pubmed,2025,Chemistry & biodiversity,Eucalyptus globulus,3
pmid:40640213,40640213,10.1038/s41598-025-04926-0,europe_pmc,2025,,Punica granatum,6
pmid:40641863,40641863,10.3389/fpls.2025.1541538,europe_pmc,2025,,Punica granatum,9
pmid:40647146,40647146,10.3390/foods14132394,europe_pmc,2025,,Chenopodium quinoa,5
pmid:40648051,40648051,10.3390/plants14132042,europe_pmc,2025,,Solanum tuberosum,6
pmid:40651731,40651731,10.1016/j.jep.2025.120264,pubmed,2025,Journal of ethnopharmacology,Taraxacum officinale,7
pmid:40652426,40652426,10.1007/978-3-031-86378-3_1,pubmed,2025,Progress in the chemistry of organic natural products,Morinda citrifolia,5
pmid:40653122,40653122,10.1016/j.ygeno.2025.111083,pubmed,2025,Genomics,Theobroma cacao,6
pmid:40655708,40655708,10.4103/jpbs.jpbs_223_25,europe_pmc,2025,,Punica granatum,4
pmid:40658681,40658681,10.3791/67741,pubmed,2025,Journal of visualized experiments : JoVE,Calendula officinalis,5
pmid:40661803,40661803,10.1002/fsn3.70617,europe_pmc,2025,,Psidium guajava,5
pmid:40662556,40662556,10.2174/0127724344345143250709035643,europe_pmc,2026,,Aloe vera,6
pmid:40663154,40663154,10.1007/s00210-025-04276-8,pubmed,2025,Naunyn-Schmiedeberg's archives of pharmacology,Plantago major,4
pmid:40664050,40664050,10.1016/j.saa.2025.126675,europe_pmc,2026,,Eucalyptus globulus,6
pmid:40666806,40666806,10.3389/fmicb.2025.1626646,europe_pmc,2025,,Smallanthus sonchifolius,4
pmid:40668837,40668837,10.1371/journal.pone.0328363,europe_pmc,2025,,Passiflora edulis,8
pmid:40670554,40670554,10.1038/s41598-025-11323-0,pubmed,2025,Scientific reports,Psidium guajava,6
pmid:40670597,40670597,10.1038/s41598-025-11903-0,pubmed,2025,Scientific reports,Plantago major,6
pmid:40673869,40673869,10.1002/prp2.70148,europe_pmc,2025,,Aloe vera,5
pmid:40674974,40674974,10.1016/j.chroma.2025.466190,pubmed,2025,Journal of chromatography. A,Bixa orellana,4
pmid:40675583,40675583,10.2987/24-7212,europe_pmc,2025,,Psidium guajava,6
pmid:40676610,40676610,10.1186/s12917-025-04923-5,europe_pmc,2025,,Eucalyptus globulus,6
pmid:40692687,40692687,10.3389/fcimb.2025.1564787,europe_pmc,2025,,Carica papaya,7
pmid:40694839,40694839,10.1111/tpj.70353,europe_pmc,2025,,Psychotria viridis,6
pmid:40697708,40697708,10.1002/fsn3.70666,europe_pmc,2025,,Punica granatum,6
pmid:40700537,40700537,10.1002/cbdv.202500807,pubmed,2025,Chemistry & biodiversity,Aloe vera,4
pmid:40700821,40700821,10.1016/j.plaphy.2025.110270,pubmed,2025,Plant physiology and biochemistry : PPB,Taraxacum officinale,5
pmid:40701084,40701084,10.1016/j.foodchem.2025.145533,pubmed,2025,Food chemistry,Plukenetia volubilis,4
pmid:40701268,40701268,10.1016/j.ejphar.2025.177980,pubmed,2025,European journal of pharmacology,Taraxacum officinale,5
pmid:40707585,40707585,10.1038/s41598-025-09835-w,europe_pmc,2025,,Carica papaya,6
pmid:40708778,40708778,10.1002/fsn3.70690,europe_pmc,2025,,Punica granatum,4
pmid:40709511,40709511,10.1111/1750-3841.70323,europe_pmc,2025,,Psidium guajava,7
pmid:40711682,40711682,10.1007/s10787-025-01858-z,pubmed,2025,Inflammopharmacology,Aloe vera; Calendula officinalis,5
pmid:40714756,40714756,10.1002/pmic.70015,pubmed,2025,Proteomics,Psidium guajava,7
pmid:40714989,40714989,10.1002/jsfa.70038,pubmed,2025,Journal of the science of food and agriculture,Opuntia ficus-indica,6
pmid:40721115,40721115,10.1016/j.fitote.2025.106742,europe_pmc,2025,,Punica granatum,6
pmid:40721615,40721615,10.1038/s41467-025-62269-w,pubmed,2025,Nature communications,Calendula officinalis,4
pmid:40722997,40722997,10.3390/antiox14070893,europe_pmc,2025,,Chenopodium quinoa,6
pmid:40723935,40723935,10.3390/antibiotics14070632,europe_pmc,2025,,Tagetes minuta,6
pmid:40724257,40724257,10.3390/foods14142436,europe_pmc,2025,,Aloe vera,5
pmid:40725269,40725269,10.3390/ijms26147022,europe_pmc,2025,,Taraxacum officinale,6
pmid:40726148,40726148,10.1039/d5fo01999k,europe_pmc,2025,,Punica granatum,7
pmid:40726592,40726592,10.1016/j.toxrep.2025.102089,europe_pmc,2025,,Opuntia ficus-indica,4
pmid:40728820,40728820,10.1007/s12010-025-05325-x,pubmed,2025,Applied biochemistry and biotechnology,Opuntia ficus-indica,5
pmid:40732009,40732009,10.3390/microorganisms13071503,europe_pmc,2025,,Eucalyptus globulus,5
pmid:40732050,40732050,10.3390/microorganisms13071541,europe_pmc,2025,,Solanum tuberosum,6
pmid:40733042,40733042,10.3390/pharmaceutics17070833,europe_pmc,2025,,Aloe vera,6
pmid:40733149,40733149,10.3390/pharmaceutics17070941,europe_pmc,2025,,Aloe vera,6
pmid:40733368,40733368,10.3390/plants14142131,europe_pmc,2025,,Solanum americanum,5
pmid:40740338,40740338,10.3389/fmicb.2025.1610170,europe_pmc,2025,,Aloe vera,4
pmid:40742622,40742622,10.1007/s12032-025-02946-4,pubmed,2025,"Medical oncology (Northwood, London, England)",Punica granatum,5
pmid:40743740,40743740,10.1016/j.foodchem.2025.145726,pubmed,2025,Food chemistry,Opuntia ficus-indica,3
pmid:40745271,40745271,10.1186/s12870-025-06913-z,pubmed,2025,BMC plant biology,Chenopodium quinoa,7
pmid:40749481,40749481,10.1016/j.foodchem.2025.145718,pubmed,2025,Food chemistry,Theobroma cacao,3
pmid:40753102,40753102,10.1038/s41598-025-13267-x,pubmed,2025,Scientific reports,Plukenetia volubilis,4
pmid:40755496,40755496,10.1002/fsn3.70631,europe_pmc,2025,,Punica granatum,6
pmid:40757324,40757324,10.1021/acsomega.5c01401,europe_pmc,2025,,Theobroma cacao,5
pmid:40759685,40759685,10.1038/s41598-025-12959-8,europe_pmc,2025,,Calendula officinalis; Psidium guajava,5
pmid:40765724,40765724,10.1155/anu/1989752,europe_pmc,2025,,Carica papaya,8
pmid:40769391,40769391,10.1016/j.fitote.2025.106781,pubmed,2025,Fitoterapia,Psidium guajava,5
pmid:40770428,40770428,10.1007/s00299-025-03568-w,pubmed,2025,Plant cell reports,Opuntia ficus-indica,6
pmid:40774021,40774021,10.1016/j.biopha.2025.118400,pubmed,2025,Biomedicine & pharmacotherapy = Biomedecine & pharmacotherapie,Juglans neotropica,3
pmid:40775024,40775024,10.1038/s41598-025-14729-y,pubmed,2025,Scientific reports,Matricaria chamomilla,4
pmid:40776651,40776651,10.2174/0118715206374500250728064151,europe_pmc,2026,,Punica granatum,4
pmid:40779446,40779446,10.1371/journal.pone.0328913,pubmed,2025,PloS one,Eucalyptus globulus,4
pmid:40779484,40779484,10.7754/Clin.Lab.2025.250461,pubmed,2025,Clinical laboratory,Schinus molle,8
pmid:40781084,40781084,10.1038/s41598-025-07945-z,europe_pmc,2025,,Aloe vera,4
pmid:40781374,40781374,10.1007/s10787-025-01879-8,pubmed,2025,Inflammopharmacology,Myrciaria dubia,8
pmid:40782252,40782252,10.1007/s11046-025-00976-0,europe_pmc,2025,,Carica papaya,5
pmid:40783038,40783038,10.1016/j.fitote.2025.106795,pubmed,2025,Fitoterapia,Rosmarinus officinalis,7
pmid:40784071,40784071,10.1016/j.compbiolchem.2025.108606,pubmed,2026,Computational biology and chemistry,Matricaria chamomilla,5
pmid:40790675,40790675,10.1016/j.foodres.2025.116870,pubmed,2025,"Food research international (Ottawa, Ont.)",Passiflora edulis,6
pmid:40790882,40790882,10.1080/10717544.2025.2544687,europe_pmc,2025,,Carica papaya,5
pmid:40803639,40803639,10.1016/j.imlet.2025.107070,pubmed,2025,Immunology letters,Aloe vera,3
pmid:40805662,40805662,10.3390/plants14152312,europe_pmc,2025,,Passiflora edulis,5
pmid:40805681,40805681,10.3390/plants14152332,europe_pmc,2025,,Chenopodium quinoa,6
pmid:40807311,40807311,10.3390/molecules30153136,europe_pmc,2025,,Aloe vera,5
pmid:40807366,40807366,10.3390/molecules30153192,pubmed,2025,"Molecules (Basel, Switzerland)",Aloe vera,4
pmid:4080851,4080851,,pubmed,1985,Planta medica,Uncaria tomentosa,1
pmid:40809176,40809176,10.22038/ijbms.2025.85518.18486,europe_pmc,2025,,Eucalyptus globulus; Rosmarinus officinalis,6
pmid:40813411,40813411,10.1038/s41598-025-13246-2,europe_pmc,2025,,Carica papaya,5
pmid:40820482,40820482,10.1111/iwj.70742,pubmed,2025,International wound journal,Calendula officinalis,5
pmid:40822987,40822987,10.1155/adpp/8736555,europe_pmc,2025,,Annona muricata,5
pmid:40824426,40824426,10.1007/s00284-025-04438-0,pubmed,2025,Current microbiology,Origanum vulgare,6
pmid:40825855,40825855,10.1038/s41564-025-02077-6,pubmed,2025,Nature microbiology,Theobroma cacao,4
pmid:40829062,40829062,10.1002/cbdv.202501606,pubmed,2025,Chemistry & biodiversity,Annona muricata,5
pmid:40829735,40829735,10.1016/j.fitote.2025.106827,europe_pmc,2025,,Punica granatum,8
pmid:40830255,40830255,10.1038/s41598-025-16597-y,europe_pmc,2025,,Calendula officinalis,5
pmid:40830326,40830326,10.1007/s13346-025-01959-w,europe_pmc,2025,,Aloe vera,5
pmid:40831723,40831723,10.3389/fpls.2025.1560126,europe_pmc,2025,,Punica granatum,6
pmid:40831819,40831819,10.7759/cureus.88283,europe_pmc,2025,,Aloe vera,7
pmid:40835674,40835674,10.1038/s41598-025-15845-5,pubmed,2025,Scientific reports,Calendula officinalis,6
pmid:40836265,40836265,10.1186/s41043-025-01036-5,pubmed,2025,"Journal of health, population, and nutrition",Physalis peruviana,6
pmid:40839168,40839168,10.1093/toxsci/kfaf118,pubmed,2025,Toxicological sciences : an official journal of the Society of Toxicology,Banisteriopsis caapi; Psychotria viridis,5
pmid:40839709,40839709,10.1371/journal.pone.0329735,europe_pmc,2025,,Punica granatum,7
pmid:40839930,40839930,10.1016/j.compbiomed.2025.110939,pubmed,2025,Computers in biology and medicine,Punica granatum,4
pmid:40841413,40841413,10.1038/s41598-025-14247-x,pubmed,2025,Scientific reports,Rosmarinus officinalis,7
pmid:40841969,40841969,10.1186/s13002-025-00788-y,europe_pmc,2025,,Carica papaya,10
pmid:40847063,40847063,10.1038/s41598-025-16937-y,pubmed,2025,Scientific reports,Calendula officinalis,7
pmid:40861976,40861976,10.1039/d5ra03604f,europe_pmc,2025,,Aloe vera,6
pmid:40862158,40862158,10.3389/fmicb.2025.1651178,europe_pmc,2025,,Solanum tuberosum,6
pmid:40867834,40867834,10.3390/antiox14080940,europe_pmc,2025,,Chenopodium quinoa,5
pmid:40871067,40871067,10.3390/pharmaceutics17081046,europe_pmc,2025,,Bixa orellana,5
pmid:40871277,40871277,10.3390/microorganisms13081773,europe_pmc,2025,,Eucalyptus globulus,5
pmid:40872137,40872137,10.3390/plants14162514,europe_pmc,2025,,Theobroma cacao,5
pmid:40876622,40876622,10.1016/j.jdent.2025.106063,pubmed,2025,Journal of dentistry,Matricaria chamomilla,5
pmid:40878644,40878644,10.1002/adbi.202500254,europe_pmc,2025,,Passiflora edulis,5
pmid:40881010,40881010,10.12998/wjcc.v13.i28.109358,europe_pmc,2025,,Aloe vera,5
pmid:40885875,40885875,10.1007/s10534-025-00735-0,europe_pmc,2025,,Punica granatum,5
pmid:40895141,40895141,10.1002/fsn3.70848,europe_pmc,2025,,Annona muricata,6
pmid:40895989,40895989,10.7759/cureus.88956,europe_pmc,2025,,Aloe vera,6
pmid:40902758,40902758,10.1016/j.ijbiomac.2025.147315,pubmed,2025,International journal of biological macromolecules,Morinda citrifolia,5
pmid:40907727,40907727,10.1016/j.jep.2025.120533,pubmed,2026,Journal of ethnopharmacology,Schinus molle,6
pmid:40908347,40908347,10.1007/s00284-025-04471-z,pubmed,2025,Current microbiology,Theobroma cacao,5
pmid:40915087,40915087,10.1016/j.psj.2025.105720,pubmed,2025,Poultry science,Eucalyptus globulus,6
pmid:40915223,40915223,10.1016/j.foodchem.2025.146198,pubmed,2025,Food chemistry,Theobroma cacao,2
pmid:40918975,40918975,10.3389/fpls.2025.1636565,europe_pmc,2025,,Chenopodium quinoa,4
pmid:40921043,40921043,10.1002/cbdv.202501400,pubmed,2025,Chemistry & biodiversity,Argemone mexicana,3
pmid:40925043,40925043,10.1093/nutrit/nuaf165,pubmed,2026,Nutrition reviews,Punica granatum,6
pmid:40926199,40926199,10.1186/s12870-025-07022-7,pubmed,2025,BMC plant biology,Amaranthus caudatus,5
pmid:40932112,40932112,10.1002/open.202500359,pubmed,2025,ChemistryOpen,Physalis peruviana,3
pmid:40934774,40934774,10.1016/j.foodchem.2025.146238,europe_pmc,2025,,Opuntia ficus-indica,4
pmid:40938540,40938540,10.1007/s13577-025-01291-y,europe_pmc,2025,,Matricaria chamomilla,5
pmid:40941105,40941105,10.3390/foods14172989,europe_pmc,2025,,Morinda citrifolia,4
pmid:40941881,40941881,10.3390/plants14172716,europe_pmc,2025,,Taraxacum officinale,7
pmid:40942045,40942045,10.3390/molecules30173518,europe_pmc,2025,,Annona muricata,6
pmid:40948990,40948990,10.2147/jep.s531035,europe_pmc,2025,,Psidium guajava,6
pmid:40951722,40951722,10.4103/jispcd.jispcd_77_25,europe_pmc,2025,,Aloe vera,6
pmid:40952969,40952969,10.1371/journal.pone.0332514,pubmed,2025,PloS one,Annona muricata,1
pmid:40958927,40958927,10.4103/abr.abr_223_24,europe_pmc,2025,,Carica papaya,5
pmid:40960048,40960048,10.4103/ejpi.EJPI-D-25-00037,pubmed,2025,Journal of physiological investigation,Lepidium meyenii,4
pmid:40963630,40963630,10.3389/fimmu.2025.1672972,europe_pmc,2025,,Taraxacum officinale,1
pmid:40973399,40973399,10.1016/bs.apcsb.2025.02.002,pubmed,2025,Advances in protein chemistry and structural biology,Plantago major,8
pmid:40986262,40986262,10.1007/s10787-025-01934-4,pubmed,2025,Inflammopharmacology,Punica granatum,6
pmid:40986532,40986532,10.1371/journal.pone.0331792,europe_pmc,2025,,Carica papaya,7
pmid:40989599,40989599,10.5455/ovj.2025.v15.i6.22,europe_pmc,2025,,Aloe vera,5
pmid:40989894,40989894,10.1155/jotm/4460220,europe_pmc,2025,,Schinus molle,5
pmid:40990354,40990354,10.1093/pcp/pcaf120,europe_pmc,2025,,Solanum tuberosum,4
pmid:40995635,40995635,10.1002/jbt.70515,pubmed,2025,Journal of biochemical and molecular toxicology,Aloe vera,6
pmid:41003505,41003505,10.3390/toxins17090441,europe_pmc,2025,,Theobroma cacao,5
pmid:41005469,41005469,10.1016/j.jep.2025.120630,pubmed,2026,Journal of ethnopharmacology,Erythroxylum coca,7
pmid:41005504,41005504,10.1016/j.micpath.2025.108039,pubmed,2025,Microbial pathogenesis,Origanum vulgare,6
pmid:41006643,41006643,10.1038/s41598-025-18579-6,europe_pmc,2025,,Aloe vera,6
pmid:41008168,41008168,10.3390/foods14183196,europe_pmc,2025,,Chenopodium quinoa,5
pmid:41008185,41008185,10.3390/foods14183212,europe_pmc,2025,,Annona muricata,4
pmid:41009051,41009051,10.3390/antiox14091098,europe_pmc,2025,,Eucalyptus globulus,1
pmid:41011143,41011143,10.3390/ph18091270,europe_pmc,2025,,Punica granatum,4
pmid:41011270,41011270,10.3390/ph18091403,europe_pmc,2025,,Morinda citrifolia,4
pmid:41015366,41015366,10.1016/j.ijbiomac.2025.147927,pubmed,2025,International journal of biological macromolecules,Aloe vera,4
pmid:41017930,41017930,10.1016/j.fochx.2025.103027,europe_pmc,2025,,Psidium guajava,5
pmid:41018221,41018221,10.1007/s13337-025-00922-0,europe_pmc,2025,,Psidium guajava,4
pmid:41018955,41018955,10.1155/ijod/1323100,europe_pmc,2025,,Aloe vera,7
pmid:41019745,41019745,10.3389/fpls.2025.1667805,europe_pmc,2025,,Passiflora edulis,5
pmid:41022640,41022640,10.1080/14786419.2025.2566471,europe_pmc,2025,,Carica papaya,3
pmid:41024153,41024153,10.1186/s13002-025-00817-w,pubmed,2025,Journal of ethnobiology and ethnomedicine,Taraxacum officinale,10
pmid:41028303,41028303,10.1007/s11130-025-01395-8,pubmed,2025,"Plant foods for human nutrition (Dordrecht, Netherlands)",Mauritia flexuosa,5
pmid:41030302,41030302,10.1039/d5ra04814a,europe_pmc,2025,,Punica granatum,6
pmid:41030512,41030512,10.1093/toxres/tfaf140,europe_pmc,2025,,Carica papaya,5
pmid:41031244,41031244,10.1155/bmri/4196295,europe_pmc,2025,,Carica papaya,5
pmid:41031250,41031250,10.1155/bmri/8787650,europe_pmc,2025,,Aloe vera,4
pmid:41031294,41031294,10.3389/fpls.2025.1661602,europe_pmc,2025,,Punica granatum,7
pmid:41032090,41032090,10.1007/s00210-025-04663-1,europe_pmc,2026,,Psidium guajava,4
pmid:41033528,41033528,10.1016/j.ijbiomac.2025.147966,europe_pmc,2025,,Carica papaya,4
pmid:41034253,41034253,10.1038/s41598-025-14925-w,europe_pmc,2025,,Opuntia ficus-indica,5
pmid:41034573,41034573,10.1038/s41598-025-21117-z,pubmed,2025,Scientific reports,Brunfelsia grandiflora,3
pmid:41036012,41036012,10.5455/ovj.2025.v15.i8.48,europe_pmc,2025,,Carica papaya,6
pmid:41039584,41039584,10.1186/s12917-025-05008-z,europe_pmc,2025,,Aloe vera,8
pmid:41041421,41041421,10.5005/jp-journals-10005-3186,europe_pmc,2025,,Aloe vera,7
pmid:41044306,41044306,10.1038/s41598-025-18012-y,europe_pmc,2025,,Solanum tuberosum,5
pmid:41046564,41046564,10.1111/1541-4337.70301,europe_pmc,2025,,Carica papaya,6
pmid:41047978,41047978,10.17344/acsi.2025.9244,pubmed,2025,Acta chimica Slovenica,Eucalyptus globulus,4
pmid:41049189,41049189,10.3389/fpls.2025.1670979,europe_pmc,2025,,Aloe vera,7
pmid:41055167,41055167,10.4102/ojvr.v92i1.2212,europe_pmc,2025,,Carica papaya,5
pmid:41057434,41057434,10.1038/s41598-025-16544-x,europe_pmc,2025,,Aloe vera; Carica papaya,6
pmid:41057445,41057445,10.1038/s41598-025-18691-7,europe_pmc,2025,,Morinda citrifolia,4
pmid:41057602,41057602,10.1038/s41598-025-19529-y,europe_pmc,2025,,Punica granatum,6
pmid:41062858,41062858,10.1007/s11130-025-01411-x,pubmed,2025,"Plant foods for human nutrition (Dordrecht, Netherlands)",Ullucus tuberosus,5
pmid:41063078,41063078,10.1186/s12906-025-05081-9,pubmed,2025,BMC complementary medicine and therapies,Matricaria chamomilla,5
pmid:41063537,41063537,10.1093/aob/mcaf250,pubmed,2026,Annals of botany,Amaranthus caudatus,6
pmid:41065988,41065988,10.1007/s13346-025-01981-y,europe_pmc,2025,,Aloe vera,5
pmid:41066986,41066986,10.1016/j.vaccine.2025.127818,europe_pmc,2025,,Carica papaya,5
pmid:41069457,41069457,10.3389/fpls.2025.1667771,europe_pmc,2025,,Solanum tuberosum,6
pmid:41069616,41069616,10.4103/jomfp.jomfp_328_24,europe_pmc,2025,,Punica granatum,7
pmid:41069962,41069962,10.1016/j.bbrep.2025.102290,europe_pmc,2025,,Punica granatum,5
pmid:41074316,41074316,10.1016/j.foodres.2025.117101,pubmed,2025,"Food research international (Ottawa, Ont.)",Smallanthus sonchifolius,5
pmid:41074374,41074374,10.1016/j.foodres.2025.117139,europe_pmc,2025,,Punica granatum,6
pmid:41076492,41076492,10.1007/s12033-025-01515-4,pubmed,2025,Molecular biotechnology,Matricaria chamomilla,5
pmid:41078538,41078538,10.37796/2211-8039.1663,europe_pmc,2025,,Punica granatum,5
pmid:41086566,41086566,10.1016/j.jplph.2025.154632,pubmed,2025,Journal of plant physiology,Solanum tuberosum,1
pmid:41091411,41091411,10.1007/s10528-025-11260-7,europe_pmc,2025,,Matricaria chamomilla,5
pmid:41092172,41092172,10.1590/1519-6984.292131,pubmed,2025,Brazilian journal of biology = Revista brasleira de biologia,Matricaria chamomilla,5
pmid:41093918,41093918,10.1038/s41598-025-02406-z,pubmed,2025,Scientific reports,Theobroma cacao,6
pmid:41094046,41094046,10.1038/s41598-025-19992-7,pubmed,2025,Scientific reports,Chenopodium quinoa,4
pmid:41095149,41095149,10.3390/plants14193007,europe_pmc,2025,,Chenopodium quinoa,8
pmid:41095240,41095240,10.3390/plants14193099,europe_pmc,2025,,Psidium guajava,4
pmid:41097075,41097075,10.3390/ijms26199807,europe_pmc,2025,,Punica granatum,5
pmid:41097160,41097160,10.3390/nu17193084,europe_pmc,2025,,Psidium guajava,6
pmid:41097169,41097169,10.3390/nu17193092,pubmed,2025,Nutrients,Taraxacum officinale,1
pmid:41097306,41097306,10.3390/molecules30193885,pubmed,2025,"Molecules (Basel, Switzerland)",Ilex guayusa,4
pmid:41097538,41097538,10.3390/foods14193370,europe_pmc,2025,,Aloe vera,5
pmid:41099938,41099938,10.1007/s11686-025-01137-5,europe_pmc,2025,,Opuntia ficus-indica,5
pmid:41099953,41099953,10.1186/s11671-025-04262-2,europe_pmc,2025,,Punica granatum,4
pmid:41101409,41101409,10.1016/j.ijbiomac.2025.148314,europe_pmc,2025,,Calendula officinalis,5
pmid:41101744,41101744,10.1016/j.ctim.2025.103261,pubmed,2025,Complementary therapies in medicine,Rosmarinus officinalis,8
pmid:41102240,41102240,10.1038/s41598-025-20130-6,europe_pmc,2025,,Punica granatum,6
pmid:41103383,41103383,10.1016/j.fochx.2025.103113,europe_pmc,2025,,Malva sylvestris,4
pmid:41107390,41107390,10.1038/s41598-025-21603-4,europe_pmc,2025,,Psidium guajava,6
pmid:41110764,41110764,10.1016/j.pharma.2025.10.006,europe_pmc,2026,,Psidium guajava,6
pmid:41111509,41111509,10.3389/fphar.2025.1676006,europe_pmc,2025,,Carica papaya,7
pmid:41118029,41118029,10.1007/s10787-025-01938-0,pubmed,2025,Inflammopharmacology,Psidium guajava,6
pmid:41120878,41120878,10.1186/s12870-025-07467-w,pubmed,2025,BMC plant biology,Physalis peruviana,5
pmid:41124240,41124240,10.1002/cbdv.202501742,pubmed,2025,Chemistry & biodiversity,Solanum americanum,6
pmid:41124441,41124441,10.1590/1414-431X2025e14684,pubmed,2025,Brazilian journal of medical and biological research = Revista brasileira de pesquisas medicas e biologicas,Plukenetia volubilis,5
pmid:41127188,41127188,10.1039/d5ra04571a,europe_pmc,2025,,Solanum tuberosum,5
pmid:41131220,41131220,10.1007/s12223-025-01346-5,pubmed,2025,Folia microbiologica,Physalis peruviana,7
pmid:41133688,41133688,10.3390/biotech14040077,europe_pmc,2025,,Solanum tuberosum,5
pmid:41134439,41134439,10.1007/s11130-025-01427-3,pubmed,2025,"Plant foods for human nutrition (Dordrecht, Netherlands)",Oxalis tuberosa,4
pmid:41134448,41134448,10.1007/s11010-025-05418-5,pubmed,2026,Molecular and cellular biochemistry,Uncaria tomentosa,4
pmid:41136857,41136857,10.1186/s11671-025-04341-4,europe_pmc,2025,,Annona muricata,5
pmid:41139379,41139379,10.1007/s12011-025-04863-z,pubmed,2026,Biological trace element research,Taraxacum officinale,6
pmid:41140378,41140378,10.3389/fpls.2025.1658779,europe_pmc,2025,,Passiflora edulis,5
pmid:41140939,41140939,10.21142/2523-2754-1303-2025-248,pubmed,2025,Revista cientifica odontologica (Universidad Cientifica del Sur),Schinus molle,3
pmid:41148658,41148658,10.3390/antibiotics14100965,semantic_scholar,2025,Antibiotics,Rosmarinus officinalis,6
pmid:41149599,41149599,10.3390/md23100396,europe_pmc,2025,,Aloe vera,7
pmid:41152323,41152323,10.1038/s41598-025-17012-2,europe_pmc,2025,,Chenopodium quinoa,6
pmid:41152613,41152613,10.1007/s00210-025-04765-w,europe_pmc,2026,,Aloe vera,6
pmid:41154549,41154549,10.3390/antiox14101240,europe_pmc,2025,,Psidium guajava,6
pmid:41155598,41155598,10.3390/ph18101483,europe_pmc,2025,,Calendula officinalis,6
pmid:41159072,41159072,10.1039/d5ra05550d,europe_pmc,2025,,Aloe vera,6
pmid:41160200,41160200,10.1007/s11130-025-01421-9,pubmed,2025,"Plant foods for human nutrition (Dordrecht, Netherlands)",Chenopodium quinoa,5
pmid:41164240,41164240,10.3389/fpls.2025.1686914,europe_pmc,2025,,Carica papaya,5
pmid:41165567,41165567,10.1111/jcmm.70910,pubmed,2025,Journal of cellular and molecular medicine,Passiflora edulis,6
pmid:41166019,41166019,10.1007/s10787-025-01999-1,europe_pmc,2025,,Aloe vera,4
pmid:41169226,41169226,10.1021/acs.langmuir.5c03925,pubmed,2025,Langmuir : the ACS journal of surfaces and colloids,Aloe vera,5
pmid:41172973,41172973,10.1016/j.jchromb.2025.124837,europe_pmc,2025,,Punica granatum,5
pmid:41176997,41176997,10.1016/j.plaphy.2025.110692,pubmed,2025,Plant physiology and biochemistry : PPB,Matricaria chamomilla,5
pmid:41177312,41177312,10.1016/j.micpath.2025.108144,europe_pmc,2026,,Carica papaya,9
pmid:41179138,41179138,10.1021/acsomega.5c08001,europe_pmc,2025,,Punica granatum,7
pmid:41180086,41180086,10.3746/pnf.2025.30.5.467,europe_pmc,2025,,Theobroma cacao,5
pmid:41184820,41184820,10.1186/s12885-025-15158-w,europe_pmc,2025,,Malva sylvestris,7
pmid:41185274,41185274,10.1016/j.foodres.2025.117516,pubmed,2025,"Food research international (Ottawa, Ont.)",Mauritia flexuosa,5
pmid:41186441,41186441,10.1021/acs.jafc.5c05819,europe_pmc,2025,,Punica granatum,4
pmid:41187611,41187611,10.1016/j.biopha.2025.118734,pubmed,2025,Biomedicine & pharmacotherapy = Biomedecine & pharmacotherapie,Morinda citrifolia,6
pmid:41198724,41198724,10.1038/s41598-025-22635-6,pubmed,2025,Scientific reports,Origanum vulgare,3
pmid:41199194,41199194,10.1186/s12870-025-07294-z,pubmed,2025,BMC plant biology,Eucalyptus globulus,5
pmid:41203645,41203645,10.1038/s41598-025-05663-0,pubmed,2025,Scientific reports,Origanum vulgare,5
pmid:41205209,41205209,10.1002/cbdv.202501668,europe_pmc,2026,,Punica granatum,4
pmid:41208581,41208581,10.1111/ppl.70628,europe_pmc,2025,,Aloe vera,6
pmid:41213743,41213743,10.1016/j.rcpeng.2025.10.009,pubmed,2025,Revista Colombiana de psiquiatria,Banisteriopsis caapi; Psychotria viridis,7
pmid:41214477,41214477,10.1080/21505594.2025.2587491,europe_pmc,2025,,Carica papaya,6
pmid:41214764,41214764,10.1186/s41182-025-00851-0,pubmed,2025,Tropical medicine and health,Amaranthus caudatus,8
pmid:41219289,41219289,10.1038/s41598-025-22965-5,europe_pmc,2025,,Psidium guajava,6
pmid:41220369,41220369,10.1002/ame2.70084,pubmed,2025,Animal models and experimental medicine,Urtica urens,7
pmid:41221089,41221089,10.1002/fsn3.70939,europe_pmc,2025,,Psidium guajava,5
pmid:41223085,41223085,10.1111/jcmm.70904,pubmed,2025,Journal of cellular and molecular medicine,Annona muricata,4
pmid:41223581,41223581,10.1016/j.jaim.2025.101196,europe_pmc,2025,,Aloe vera,6
pmid:41224053,41224053,10.1016/j.ijbiomac.2025.148900,pubmed,2025,International journal of biological macromolecules,Matricaria chamomilla,3
pmid:41226145,41226145,10.3390/molecules30214182,europe_pmc,2025,,Rosmarinus officinalis,5
pmid:41226306,41226306,10.3390/ijms262110255,europe_pmc,2025,,Punica granatum,6
pmid:41227619,41227619,10.3390/foods14213645,europe_pmc,2025,,Psidium guajava,5
pmid:41232352,41232352,10.1016/j.biopha.2025.118745,pubmed,2025,Biomedicine & pharmacotherapy = Biomedecine & pharmacotherapie,Bixa orellana,5
pmid:41238594,41238594,10.1038/s41598-025-23630-7,europe_pmc,2025,,Chenopodium quinoa,5
pmid:41239234,41239234,10.1186/s12870-025-07609-0,europe_pmc,2025,,Matricaria chamomilla,4
pmid:41244556,41244556,10.12669/pjms.41.10.12445,europe_pmc,2025,,Psidium guajava,5
pmid:41246427,41246427,10.5455/ovj.2025.v15.i10.8,europe_pmc,2025,,Taraxacum officinale,6
pmid:41247659,41247659,10.1007/s10266-025-01258-3,europe_pmc,2025,,Aloe vera,5
pmid:41248613,41248613,10.1016/j.bmc.2025.118481,pubmed,2026,Bioorganic & medicinal chemistry,Psidium guajava,3
pmid:41250904,41250904,10.1111/jfd.70085,europe_pmc,2026,,Origanum vulgare,5
pmid:41258463,41258463,10.1038/s41598-025-24590-8,europe_pmc,2025,,Malva sylvestris,6
pmid:41259467,41259467,10.1590/1519-6984.291632,europe_pmc,2025,,Punica granatum,5
pmid:41261278,41261278,10.1007/s11356-025-37226-1,europe_pmc,2025,,Opuntia ficus-indica,5
pmid:41263015,41263015,10.4081/ijfs.2025.12817,europe_pmc,2026,,Opuntia ficus-indica,5
pmid:41263638,41263638,10.1039/d5bm01372k,europe_pmc,2026,,Aloe vera,5
pmid:41264189,41264189,10.1007/s44445-025-00083-2,europe_pmc,2025,,Punica granatum,6
pmid:41265522,41265522,10.1016/j.clnesp.2025.11.017,europe_pmc,2026,,Punica granatum,9
pmid:41270007,41270007,10.1371/journal.pone.0336812,europe_pmc,2025,,Punica granatum,6
pmid:41270990,41270990,10.1016/j.fitote.2025.107000,europe_pmc,2026,,Aloe vera,5
pmid:41276618,41276618,10.1038/s41598-025-29469-2,europe_pmc,2025,,Aloe vera,5
pmid:41280785,41280785,10.1021/acsomega.5c03088,europe_pmc,2025,,Annona muricata,5
pmid:41283317,41283317,10.3390/biotech14040082,europe_pmc,2025,,Argemone mexicana,7
pmid:41283585,41283585,10.3390/reports8040217,europe_pmc,2025,,Aloe vera,5
pmid:41286304,41286304,10.1038/s41598-025-28940-4,europe_pmc,2025,,Malva sylvestris,5
pmid:41287595,41287595,10.61882/ibj.5073,pubmed,2025,Iranian biomedical journal,Punica granatum,4
pmid:41289182,41289182,10.1002/cbdv.202502470,europe_pmc,2026,,Punica granatum,4
pmid:41289904,41289904,10.1016/j.foodchem.2025.147252,europe_pmc,2026,,Matricaria chamomilla,4
pmid:41290078,41290078,10.1016/j.fitote.2025.106998,pubmed,2026,Fitoterapia,Annona muricata,6
pmid:41290741,41290741,10.1038/s41598-025-24924-6,pubmed,2025,Scientific reports,Psidium guajava,6
pmid:41292009,41292009,10.1071/FP25281,pubmed,2025,Functional plant biology : FPB,Chenopodium quinoa,5
pmid:41294043,41294043,10.1111/jcmm.70957,europe_pmc,2025,,Uncaria tomentosa,5
pmid:41294565,41294565,10.3390/gels11110880,europe_pmc,2025,,Aloe vera; Calendula officinalis,4
pmid:41300043,41300043,10.3390/foods14223885,europe_pmc,2025,,Carica papaya,5
pmid:41300544,41300544,10.3390/children12111426,europe_pmc,2025,,Aloe vera,8
pmid:41300675,41300675,10.3390/children12111559,europe_pmc,2025,,Aloe vera,6
pmid:41302052,41302052,10.3390/ani15223344,europe_pmc,2025,,Punica granatum,5
pmid:41303363,41303363,10.3390/ijms262210875,pubmed,2025,International journal of molecular sciences,Aloe vera,4
pmid:41303488,41303488,10.3390/ijms262211006,europe_pmc,2025,,Theobroma cacao,4
pmid:41303607,41303607,10.3390/ijms262211122,europe_pmc,2025,,Carica papaya,6
pmid:41304598,41304598,10.3390/plants14223447,europe_pmc,2025,,Solanum tuberosum,6
pmid:41304652,41304652,10.3390/plants14223501,europe_pmc,2025,,Annona muricata,5
pmid:41304906,41304906,10.3390/ph18111661,europe_pmc,2025,,Schinus molle,5
pmid:41305573,41305573,10.3390/nu17223521,europe_pmc,2025,,Aloe vera,7
pmid:41306278,41306278,10.3389/fmicb.2025.1662564,pubmed,2025,Frontiers in microbiology,Krameria lappacea,6
pmid:41306336,41306336,10.1002/fsn3.71229,europe_pmc,2025,,Punica granatum,5
pmid:41309495,41309495,10.1002/advs.202509143,europe_pmc,2026,,Solanum tuberosum,5
pmid:41310421,41310421,10.1186/s12870-025-07780-4,europe_pmc,2025,,Psidium guajava,7
pmid:41316995,41316995,10.1002/mnfr.70337,europe_pmc,2026,,Chenopodium quinoa,4
pmid:41317252,41317252,10.1007/s12033-025-01538-x,pubmed,2025,Molecular biotechnology,Origanum vulgare,4
pmid:41317432,41317432,10.1016/j.phymed.2025.157277,pubmed,2025,Phytomedicine : international journal of phytotherapy and phytopharmacology,Taraxacum officinale,10
pmid:41318665,41318665,10.1038/s41598-025-30119-w,europe_pmc,2025,,Aloe vera,6
pmid:41320730,41320730,10.1007/s12032-025-03094-5,pubmed,2025,"Medical oncology (Northwood, London, England)",Calendula officinalis,6
pmid:41322534,41322534,10.1021/acsomega.5c08483,europe_pmc,2025,,Psidium guajava,5
pmid:41322706,41322706,10.1155/ijod/5614623,europe_pmc,2025,,Punica granatum,6
pmid:41323804,41323804,10.1016/j.bbrep.2025.102354,europe_pmc,2025,,Annona muricata,6
pmid:41323815,41323815,10.1002/fsn3.71264,europe_pmc,2025,,Aloe vera,5
pmid:41324359,41324359,10.1080/15592324.2025.2591495,europe_pmc,2025,,Chenopodium quinoa,5
pmid:41326552,41326552,10.1038/s41598-025-29772-y,europe_pmc,2025,,Aloe vera,6
pmid:41326583,41326583,10.1038/s41598-025-30151-w,pubmed,2025,Scientific reports,Annona muricata,5
pmid:41326733,41326733,10.1038/s41598-025-30616-y,europe_pmc,2025,,Carica papaya; Eucalyptus globulus,7
pmid:41334249,41334249,10.1016/j.imr.2025.101264,europe_pmc,2026,,Punica granatum,7
pmid:41334661,41334661,10.36721/PJPS.2025.38.6.REG.14742.1,pubmed,2025,Pakistan journal of pharmaceutical sciences,Calendula officinalis,4
pmid:41346313,41346313,10.1111/1750-3841.70743,pubmed,2025,Journal of food science,Plukenetia volubilis,5
pmid:41347240,41347240,10.3389/fmicb.2025.1724685,europe_pmc,2025,,Punica granatum,6
pmid:41348873,41348873,10.1126/sciadv.aea5207,europe_pmc,2025,,Solanum tuberosum,4
pmid:41349744,41349744,10.1016/j.ijbiomac.2025.149451,europe_pmc,2026,,Carica papaya,5
pmid:41350318,41350318,10.1038/s41598-025-27573-x,pubmed,2025,Scientific reports,Matricaria chamomilla,2
pmid:41351710,41351710,10.1007/s12035-025-05434-y,pubmed,2025,Molecular neurobiology,Matricaria chamomilla,6
pmid:41352469,41352469,10.1016/j.jep.2025.120999,pubmed,2026,Journal of ethnopharmacology,Psidium guajava,7
pmid:41352799,41352799,10.1016/j.foodres.2025.117868,europe_pmc,2026,,Chenopodium quinoa,7
pmid:41360405,41360405,10.1055/s-0045-1813237,europe_pmc,2025,,Taraxacum officinale,6
pmid:41360836,41360836,10.1038/s41598-025-24160-y,pubmed,2025,Scientific reports,Physalis peruviana,3
pmid:41362433,41362433,10.2147/idr.s565852,europe_pmc,2025,,Aloe vera,6
pmid:41367415,41367415,10.3389/fmicb.2025.1714087,europe_pmc,2025,,Opuntia ficus-indica,9
pmid:41368616,41368616,10.1155/anu/4057455,europe_pmc,2025,,Punica granatum,6
pmid:41370287,41370287,10.1002/cbdv.202503294,pubmed,2026,Chemistry & biodiversity,Annona muricata,5
pmid:41370414,41370414,10.5935/1518-0557.20250034,europe_pmc,2025,,Aloe vera,5
pmid:41372343,41372343,10.1038/s41598-025-31656-0,europe_pmc,2025,,Eucalyptus globulus,5
pmid:41378186,41378186,10.3389/fpls.2025.1688246,europe_pmc,2025,,Chenopodium quinoa,5
pmid:41383170,41383170,10.1021/acsami.5c18735,europe_pmc,2025,,Aloe vera,6
pmid:41383925,41383925,10.3389/fpls.2025.1540535,pubmed,2025,Frontiers in plant science,Myrciaria dubia,5
pmid:41386863,41386863,10.1016/j.jgeb.2025.100599,pubmed,2025,"Journal, genetic engineering & biotechnology",Physalis peruviana,5
pmid:41389093,41389093,10.1007/s12035-025-05396-1,pubmed,2025,Molecular neurobiology,Morinda citrifolia,5
pmid:41393916,41393916,10.47895/amp.vi0.10918,europe_pmc,2025,,Psidium guajava,8
pmid:41394268,41394268,10.22088/cjim.16.4.630,pubmed,2025,Caspian journal of internal medicine,Matricaria chamomilla,5
pmid:41394907,41394907,10.3389/fvets.2025.1695881,europe_pmc,2025,,Taraxacum officinale,7
pmid:41403097,41403097,10.1515/jcim-2025-0288,europe_pmc,2026,,Psidium guajava,5
pmid:41408255,41408255,10.1186/s12903-025-07358-4,europe_pmc,2025,,Punica granatum,9
pmid:41411995,41411995,10.1016/j.ultsonch.2025.107722,europe_pmc,2026,,Punica granatum,7
pmid:41413538,41413538,10.1186/s12906-025-05222-0,pubmed,2025,BMC complementary medicine and therapies,Opuntia ficus-indica,4
pmid:41416136,41416136,10.3389/frabi.2025.1615787,europe_pmc,2025,,Psidium guajava,5
pmid:41426506,41426506,10.1002/fsn3.71163,europe_pmc,2025,,Opuntia ficus-indica,7
pmid:41427149,41427149,10.3389/fvets.2025.1720985,europe_pmc,2025,,Aloe vera,5
pmid:41438184,41438184,10.1002/fsn3.71340,europe_pmc,2025,,Punica granatum,6
pmid:41441453,41441453,10.3390/nano15241839,europe_pmc,2025,,Punica granatum,6
pmid:41451330,41451330,10.3389/fvets.2025.1690281,europe_pmc,2025,,Punica granatum,7
pmid:41452254,41452254,10.1002/mnfr.70358,pubmed,2026,Molecular nutrition & food research,Smallanthus sonchifolius,4
pmid:41455567,41455567,10.1016/j.jep.2025.121081,pubmed,2026,Journal of ethnopharmacology,Taraxacum officinale,6
pmid:41455855,41455855,10.1007/s12032-025-03175-5,europe_pmc,2025,,Morinda citrifolia,5
pmid:41456425,41456425,10.1016/j.bioorg.2025.109436,pubmed,2026,Bioorganic chemistry,Origanum vulgare,6
pmid:41458132,41458132,10.1016/j.fochx.2025.103378,pubmed,2025,Food chemistry: X,Caesalpinia spinosa,6
pmid:41460592,41460592,10.1007/s11130-025-01423-7,pubmed,2025,"Plant foods for human nutrition (Dordrecht, Netherlands)",Chenopodium quinoa,4
pmid:41463679,41463679,10.3390/antibiotics14121176,europe_pmc,2025,,Psidium guajava,7
pmid:41464886,41464886,10.3390/foods14244179,europe_pmc,2025,,Opuntia ficus-indica,5
pmid:41465661,41465661,10.3390/insects16121222,europe_pmc,2025,,Punica granatum,4
pmid:41465817,41465817,10.3390/life15121878,europe_pmc,2025,,Punica granatum,5
pmid:41466705,41466705,10.6026/973206300213309,europe_pmc,2025,,Aloe vera,4
pmid:41468273,41468273,10.1002/jbma.70024,europe_pmc,2026,,Aloe vera,5
pmid:41470604,41470604,10.3390/plants14243720,europe_pmc,2025,,Tagetes minuta,7
pmid:41470691,41470691,10.3390/plants14243809,europe_pmc,2025,,Calendula officinalis,5
pmid:41473214,41473214,10.1155/cjid/3192659,europe_pmc,2025,,Punica granatum,7
pmid:41476712,41476712,10.1002/fsn3.71411,europe_pmc,2026,,Punica granatum,6
pmid:41482393,41482393,10.21873/invivo.14191,europe_pmc,2026,,Morinda citrifolia,5
pmid:41487026,41487026,10.1111/jocd.70641,europe_pmc,2026,,Punica granatum,6
pmid:41488498,41488498,10.1039/d5ra08541a,europe_pmc,2025,,Aloe vera,5
pmid:41490312,41490312,10.1371/journal.pone.0339953,europe_pmc,2026,,Matricaria chamomilla,7
pmid:41491072,41491072,10.1038/s41598-025-31482-4,pubmed,2026,Scientific reports,Rosmarinus officinalis,7
pmid:41492466,41492466,10.1016/j.isci.2025.114170,europe_pmc,2026,,Punica granatum,4
pmid:41493501,41493501,10.1007/s00203-025-04669-6,europe_pmc,2026,,Carica papaya,4
pmid:41493986,41493986,10.1371/journal.pone.0340190,pubmed,2026,PloS one,Plukenetia volubilis,7
pmid:41495290,41495290,10.1007/s44445-025-00108-w,europe_pmc,2026,,Psidium guajava,4
pmid:41496510,41496510,10.4196/kjpp.25.317,europe_pmc,2026,,Aloe vera,5
pmid:41504210,41504210,10.1002/cbdv.202502117,europe_pmc,2026,,Psidium guajava,5
pmid:41509984,41509984,10.1016/j.crmicr.2025.100536,pubmed,2026,Current research in microbial sciences,Lupinus mutabilis,3
pmid:41515318,41515318,10.3390/molecules31010021,europe_pmc,2025,,Theobroma cacao,6
pmid:41515413,41515413,10.3390/molecules31010117,europe_pmc,2025,,Plukenetia volubilis,6
pmid:41519619,41519619,10.1016/j.numecd.2025.104470,pubmed,2026,"Nutrition, metabolism, and cardiovascular diseases : NMCD",Amaranthus caudatus,5
pmid:41521189,41521189,10.1038/s41598-025-26731-5,pubmed,2026,Scientific reports,Argemone mexicana,5
pmid:41523600,41523600,10.5511/plantbiotechnology.25.0616a,europe_pmc,2025,,Carica papaya,5
pmid:41523614,41523614,10.1155/sci5/9954324,europe_pmc,2025,,Carica papaya,6
pmid:41525270,41525270,10.1371/journal.pone.0340665,pubmed,2026,PloS one,Eucalyptus globulus; Punica granatum,6
pmid:41527980,41527980,10.2478/acph-2025-0035,europe_pmc,2025,,Calendula officinalis,5
pmid:41530387,41530387,10.1038/s41598-026-35535-0,pubmed,2026,Scientific reports,Annona muricata,2
pmid:41534752,41534752,10.1016/j.jep.2026.121182,pubmed,2026,Journal of ethnopharmacology,Matricaria chamomilla,7
pmid:41538720,41538720,10.1097/cad.0000000000001804,europe_pmc,2026,,Matricaria chamomilla,6
pmid:41539457,41539457,10.1016/j.ctim.2026.103319,europe_pmc,2026,,Opuntia ficus-indica,5
pmid:41540217,41540217,10.1007/s00210-025-04955-6,europe_pmc,2026,,Chenopodium quinoa,5
pmid:41542068,41542068,10.1016/j.jobcr.2025.08.026,europe_pmc,2025,,Aloe vera,5
pmid:41543144,41543144,10.1093/jbcr/irag004,europe_pmc,2026,,Psidium guajava,8
pmid:41544047,41544047,10.1371/journal.pone.0340960,pubmed,2026,PloS one,Aloe vera,6
pmid:41545154,41545154,10.1016/j.funbio.2025.101702,pubmed,2026,Fungal biology,Theobroma cacao,5
pmid:41552029,41552029,10.5005/jp-journals-10005-3349,europe_pmc,2025,,Aloe vera,8
pmid:41552506,41552506,10.1021/acsomega.5c01812,europe_pmc,2026,,Chenopodium quinoa,4
pmid:41553428,41553428,10.1007/s00114-025-02065-0,pubmed,2026,Die Naturwissenschaften,Matricaria chamomilla,1
pmid:41558540,41558540,10.1055/s-0045-1814462,europe_pmc,2026,,Aloe vera,5
pmid:41559570,41559570,10.1186/s12864-025-12494-w,europe_pmc,2026,,Chenopodium quinoa,8
pmid:41559827,41559827,10.1186/s40659-025-00664-9,europe_pmc,2026,,Punica granatum,9
pmid:41562249,41562249,10.1080/14786419.2026.2616800,europe_pmc,2026,,Psidium guajava,4
pmid:41564023,41564023,10.1371/journal.pone.0339641,europe_pmc,2026,,Psidium guajava,7
pmid:41568486,41568486,10.2174/0115680266398981251117100048,pubmed,2026,Current topics in medicinal chemistry,Opuntia ficus-indica,6
pmid:41579558,41579558,10.1016/j.compbiolchem.2026.108910,pubmed,2026,Computational biology and chemistry,Passiflora edulis,8
pmid:41580500,41580500,10.1038/s41598-026-35591-6,semantic_scholar,2026,Scientific Reports,Tagetes minuta,6
pmid:41582585,41582585,10.2174/0115680266413831251120132852,europe_pmc,2026,,Eucalyptus globulus,7
pmid:41584645,41584645,10.4103/jomfp.jomfp_128_25,europe_pmc,2025,,Bixa orellana,6
pmid:41588530,41588530,10.1002/tpg2.70193,pubmed,2026,The plant genome,Oxalis tuberosa,5
pmid:41589043,41589043,10.1039/d5mh02143j,europe_pmc,2026,,Aloe vera,6
pmid:41592645,41592645,10.1016/j.ijbiomac.2026.150536,pubmed,2026,International journal of biological macromolecules,Plantago major,5
pmid:41594058,41594058,10.3390/antibiotics15010020,europe_pmc,2025,,Origanum vulgare,6
pmid:41594915,41594915,10.3390/biology15020180,europe_pmc,2026,,Solanum tuberosum,6
pmid:41595720,41595720,10.3390/biomedicines14010186,europe_pmc,2026,,Aloe vera,6
pmid:41596362,41596362,10.3390/ijms27020711,europe_pmc,2026,,Calendula officinalis; Matricaria chamomilla; Taraxacum officinale,7
pmid:41596887,41596887,10.3390/foods15020288,europe_pmc,2026,,Chenopodium quinoa,5
pmid:41596906,41596906,10.3390/foods15020308,europe_pmc,2026,,Eucalyptus globulus,6
pmid:41596907,41596907,10.3390/foods15020306,europe_pmc,2026,,Lepidium meyenii,7
pmid:41597841,41597841,10.3390/mi17010060,europe_pmc,2025,,Punica granatum,5
pmid:41598923,41598923,10.3390/insects17010068,europe_pmc,2026,,Eucalyptus globulus,5
pmid:41599330,41599330,10.3390/molecules31020281,europe_pmc,2026,,Punica granatum,5
pmid:41599382,41599382,10.3390/molecules31020334,europe_pmc,2026,,Punica granatum,8
pmid:41599719,41599719,10.3390/ph19010121,europe_pmc,2026,,Aloe vera,6
pmid:41599771,41599771,10.3390/ph19010173,europe_pmc,2026,,Opuntia ficus-indica,5
pmid:41599795,41599795,10.3390/nu18020183,europe_pmc,2026,,Aloe vera,5
pmid:41600015,41600015,10.3390/plants15020209,europe_pmc,2026,,Carica papaya,4
pmid:41600104,41600104,10.3390/plants15020297,europe_pmc,2026,,Theobroma cacao,6
pmid:41601549,41601549,10.1016/j.ibneur.2024.12.006,europe_pmc,2025,,Carica papaya,6
pmid:41602262,41602262,10.7759/cureus.100197,europe_pmc,2025,,Carica papaya,4
pmid:41602460,41602460,10.3389/fbioe.2025.1729503,europe_pmc,2025,,Theobroma cacao,5
pmid:41602525,41602525,10.3389/fpls.2025.1737240,europe_pmc,2025,,Chenopodium quinoa,6
pmid:41602767,41602767,10.3389/fmicb.2025.1673235,europe_pmc,2025,,Carica papaya,7
pmid:41604059,41604059,10.1007/s11033-026-11488-5,europe_pmc,2026,,Carica papaya,9
pmid:41605631,41605631,10.5115/acb.25.331,europe_pmc,2026,,Aloe vera,5
pmid:41606749,41606749,10.3923/pjbs.2025.685.690,europe_pmc,2025,,Morinda citrifolia,5
pmid:41608598,41608598,10.12998/wjcc.v14.i3.113275,europe_pmc,2026,,Aloe vera,5
pmid:41613412,41613412,10.17912/micropub.biology.001900,europe_pmc,2026,,Taraxacum officinale,3
pmid:41614737,41614737,10.3390/cimb47120972,europe_pmc,2025,,Punica granatum,5
pmid:41614765,41614765,10.3390/cimb47121000,europe_pmc,2025,,Aloe vera,4
pmid:41616597,41616597,10.1016/j.jaim.2025.101269,europe_pmc,2026,,Aloe vera,4
pmid:41616707,41616707,10.1016/j.mycmed.2026.101604,europe_pmc,2026,,Aloe vera,7
pmid:41617877,41617877,10.1038/s41598-026-37376-3,europe_pmc,2026,,Aloe vera,4
pmid:41618984,41618984,10.1002/bab.70135,europe_pmc,2026,,Annona muricata,4
pmid:41619245,41619245,10.47665/tb.42.4.011,pubmed,2025,Tropical biomedicine,Eucalyptus globulus,5
pmid:41622096,41622096,10.1016/j.ijom.2026.01.020,europe_pmc,2026,,Aloe vera,5
pmid:41622150,41622150,10.1186/s12906-026-05256-y,europe_pmc,2026,,Aloe vera,8
pmid:41624802,41624802,,europe_pmc,2025,,Aloe vera,3
pmid:41629823,41629823,10.1186/s12870-026-08275-6,pubmed,2026,BMC plant biology,Taraxacum officinale,7
pmid:41630721,41630721,10.5455/ovj.2025.v15.i11.5,europe_pmc,2025,,Matricaria chamomilla,6
pmid:41631826,41631826,10.1128/spectrum.02839-25,europe_pmc,2026,,Punica granatum,9
pmid:41633493,41633493,10.1016/j.jep.2026.121309,pubmed,2026,Journal of ethnopharmacology,Schinus molle,6
pmid:41634113,41634113,10.1038/s41598-026-38001-z,pubmed,2026,Scientific reports,Matricaria chamomilla,1
pmid:41637271,41637271,10.1590/1519-6984.300780,pubmed,2026,Brazilian journal of biology = Revista brasleira de biologia,Eucalyptus globulus; Rosmarinus officinalis,5
pmid:41643380,41643380,10.1016/j.foodchem.2026.148238,pubmed,2026,Food chemistry,Ilex guayusa,5
pmid:41656914,41656914,10.1002/ptr.70115,europe_pmc,2026,,Taraxacum officinale,11
pmid:41658213,41658213,10.1021/acsomega.5c10562,europe_pmc,2026,,Aloe vera,5
pmid:41660021,41660021,10.4103/jcde.jcde_910_25,europe_pmc,2026,,Aloe vera,6
pmid:41661420,41661420,10.1007/s44154-025-00283-0,pubmed,2026,Stress biology,Chenopodium quinoa,4
pmid:41662251,41662251,10.1371/journal.pone.0339021,europe_pmc,2026,,Solanum tuberosum,6
pmid:41667569,41667569,10.1038/s41598-026-37908-x,europe_pmc,2026,,Solanum tuberosum,5
pmid:41667700,41667700,10.1038/s41598-026-38231-1,europe_pmc,2026,,Psidium guajava,7
pmid:41668808,41668808,10.3389/fphar.2025.1703727,europe_pmc,2025,,Banisteriopsis caapi,6
pmid:41671793,41671793,10.1016/j.bbrc.2026.153404,europe_pmc,2026,,Taraxacum officinale,6
pmid:41681677,41681677,10.3390/plants15030514,europe_pmc,2026,,Solanum tuberosum,5
pmid:41683242,41683242,10.3390/nu18030420,europe_pmc,2026,,Opuntia ficus-indica,5
pmid:41683317,41683317,10.3390/nu18030495,europe_pmc,2026,,Malva sylvestris,7
pmid:41683345,41683345,10.3390/nu18030523,europe_pmc,2026,,Morinda citrifolia,9
pmid:41684243,41684243,10.1111/1750-3841.70908,pubmed,2026,Journal of food science,Theobroma cacao,6
pmid:41686855,41686855,10.1371/journal.pone.0339829,europe_pmc,2026,,Punica granatum,6
pmid:41693198,41693198,10.1002/ps.70636,pubmed,2026,Pest management science,Solanum tuberosum,6
pmid:41693318,41693318,10.1002/bab.70138,pubmed,2026,Biotechnology and applied biochemistry,Argemone mexicana,6
pmid:41695684,41695684,10.5187/jast.2024.e109,europe_pmc,2026,,Psidium guajava,6
pmid:41695798,41695798,10.1007/s10068-025-02051-2,europe_pmc,2026,,Punica granatum,4
pmid:41706177,41706177,10.1007/s00284-026-04773-w,europe_pmc,2026,,Punica granatum,4
pmid:41706352,41706352,10.1007/s11130-025-01466-w,pubmed,2026,"Plant foods for human nutrition (Dordrecht, Netherlands)",Psidium guajava,6
pmid:41709671,41709671,10.1111/1750-3841.70938,pubmed,2026,Journal of food science,Carica papaya; Passiflora edulis,3
pmid:41710346,41710346,10.2147/nsa.s576435,europe_pmc,2026,,Psidium guajava,7
pmid:41719765,41719765,10.1016/j.ultsonch.2026.107769,europe_pmc,2026,,Aloe vera,6
pmid:41722381,41722381,10.1016/j.scitotenv.2026.181536,pubmed,2026,The Science of the total environment,Mauritia flexuosa,3
pmid:41722876,41722876,10.1016/j.jep.2026.121406,europe_pmc,2026,,Carica papaya,8
pmid:41725826,41725826,10.1039/d6ra00738d,europe_pmc,2026,,Aloe vera,5
pmid:41730892,41730892,10.1038/s41467-026-68826-1,europe_pmc,2026,,Taraxacum officinale,5
pmid:41732027,41732027,10.1002/ptr.70281,europe_pmc,2026,,Punica granatum,5
pmid:41732415,41732415,10.1016/j.bbrep.2026.102497,europe_pmc,2026,,Carica papaya,6
pmid:41734279,41734279,10.1002/mabi.202500661,europe_pmc,2026,,Aloe vera,4
pmid:41737481,41737481,10.2147/jep.s580084,europe_pmc,2026,,Punica granatum,6
pmid:41739529,41739529,10.1093/nutrit/nuaf307,pubmed,2026,Nutrition reviews,Myrciaria dubia,5
pmid:41739817,41739817,10.1371/journal.pone.0337785,europe_pmc,2026,,Aloe vera,6
pmid:41742954,41742954,10.2147/jep.s562891,europe_pmc,2026,,Carica papaya,8
pmid:41745002,41745002,10.3390/gels12020130,europe_pmc,2026,,Opuntia ficus-indica,4
pmid:41745432,41745432,10.3390/jimaging12020067,europe_pmc,2026,,Opuntia ficus-indica,5
pmid:41747782,41747782,10.1016/j.micpath.2026.108405,europe_pmc,2026,,Punica granatum,6
pmid:41748733,41748733,10.1038/s41598-026-41546-8,europe_pmc,2026,,Chenopodium quinoa,5
pmid:41751487,41751487,10.3390/cimb48020225,europe_pmc,2026,,Punica granatum,6
pmid:41751822,41751822,10.3390/ijms27041687,europe_pmc,2026,,Opuntia ficus-indica,5
pmid:41754663,41754663,10.3390/polym18040474,pubmed,2026,Polymers,Opuntia ficus-indica,5
pmid:41755506,41755506,10.1080/10286020.2026.2626963,europe_pmc,2026,,Punica granatum,4
pmid:41761799,41761799,10.36721/PJPS.2026.39.4.REG.14507.1,pubmed,2026,Pakistan journal of pharmaceutical sciences,Solanum americanum,7
pmid:41766135,41766135,10.1080/03601234.2026.2628466,europe_pmc,2026,,Punica granatum,5
pmid:41766994,41766994,10.1007/s10068-025-02073-w,europe_pmc,2026,,Aloe vera,4
pmid:41767834,41767834,10.1002/fsn3.71600,europe_pmc,2026,,Matricaria chamomilla,6
pmid:41770390,41770390,10.1007/s11130-026-01478-0,pubmed,2026,"Plant foods for human nutrition (Dordrecht, Netherlands)",Opuntia ficus-indica,1
pmid:41775830,41775830,10.1038/s41598-026-42069-y,europe_pmc,2026,,Matricaria chamomilla,5
pmid:41779103,41779103,10.1007/s44446-026-00070-6,europe_pmc,2026,,Aloe vera,6
pmid:41781570,41781570,10.1007/s00705-026-06533-4,europe_pmc,2026,,Psidium guajava,4
pmid:41790612,41790612,10.1371/journal.pone.0344372,europe_pmc,2026,,Opuntia ficus-indica,4
pmid:41790771,41790771,10.1371/journal.pone.0344281,pubmed,2026,PloS one,Argemone mexicana,4
pmid:41798850,41798850,10.3389/fnut.2026.1750178,europe_pmc,2026,,Aloe vera; Punica granatum,10
pmid:41799120,41799120,10.1021/acsomega.5c08598,europe_pmc,2026,,Bixa orellana,6
pmid:41803858,41803858,10.1186/s12917-026-05400-3,europe_pmc,2026,,Annona muricata,6
pmid:41804345,41804345,10.1002/fsn3.71557,europe_pmc,2026,,Aloe vera,5
pmid:41805431,41805431,10.1177/23247096261429179,europe_pmc,2026,,Morinda citrifolia,5
pmid:41810120,41810120,10.1016/j.vas.2026.100598,europe_pmc,2026,,Croton lechleri,4
pmid:41812092,41812092,10.1200/go-25-00386,europe_pmc,2026,,Carica papaya,7
pmid:41817241,41817241,10.1080/20565623.2026.2641016,europe_pmc,2026,,Aloe vera,6
pmid:41822995,41822995,10.1002/cbdv.202503042,pubmed,2026,Chemistry & biodiversity,Rosmarinus officinalis,5
pmid:41823816,41823816,10.3390/biology15050388,europe_pmc,2026,,Chenopodium quinoa,4
pmid:41827287,41827287,10.3390/jcm15051869,europe_pmc,2026,,Malva sylvestris,6
pmid:41827723,41827723,10.3390/cancers18050786,europe_pmc,2026,,Annona muricata,6
pmid:41828194,41828194,10.3390/ma19050929,europe_pmc,2026,,Punica granatum,5
pmid:41828961,41828961,10.3390/ani16050753,europe_pmc,2026,,Opuntia ficus-indica,6
pmid:41829226,41829226,10.3390/foods15050953,europe_pmc,2026,,Opuntia ficus-indica,5
pmid:41833027,41833027,10.2174/0118715206383549251208065934,europe_pmc,2026,,Aloe vera; Calendula officinalis; Rosmarinus officinalis,5
pmid:41835402,41835402,10.1007/s10616-026-00922-y,europe_pmc,2026,,Aloe vera,5
pmid:41839659,41839659,10.1016/j.jgeb.2025.100632,europe_pmc,2026,,Carica papaya,7
pmid:41840403,41840403,10.1186/s13002-026-00879-4,europe_pmc,2026,,Psidium guajava,6
pmid:41840877,41840877,10.1002/tpg2.70213,europe_pmc,2026,,Passiflora edulis,5
pmid:41847131,41847131,10.3389/fphar.2026.1792358,europe_pmc,2026,,Malva sylvestris,8
pmid:41849322,41849322,10.1371/journal.pone.0342650,europe_pmc,2026,,Psidium guajava,6
pmid:41850101,41850101,10.1016/j.foodchem.2026.148854,pubmed,2026,Food chemistry,Annona muricata,4
pmid:41851177,41851177,10.1038/s41598-026-41280-1,europe_pmc,2026,,Aloe vera,5
pmid:41852295,41852295,10.1002/mnfr.70442,pubmed,2026,Molecular nutrition & food research,Chenopodium quinoa,4
pmid:41859992,41859992,10.24425/pjvs.2026.158498,europe_pmc,2026,,Malva sylvestris,5
pmid:41863239,41863239,10.2174/0113895575417548251208235008,pubmed,2026,Mini reviews in medicinal chemistry,Argemone mexicana,5
pmid:41866514,41866514,10.1186/s12870-026-08581-z,pubmed,2026,BMC plant biology,Eucalyptus globulus,5
pmid:41867681,41867681,10.3389/fnut.2026.1797519,europe_pmc,2026,,Punica granatum,7
pmid:41872917,41872917,10.1186/s41182-026-00936-4,europe_pmc,2026,,Carica papaya,6
pmid:41875753,41875753,10.1016/j.bioorg.2026.109780,europe_pmc,2026,,Opuntia ficus-indica,5
pmid:41880927,41880927,10.1016/j.jpba.2026.117476,pubmed,2026,Journal of pharmaceutical and biomedical analysis,Clinopodium bolivianum; Minthostachys mollis,7
pmid:41883451,41883451,10.5493/wjem.v16.i1.115535,europe_pmc,2026,,Aloe vera,4
pmid:41888218,41888218,10.1038/s41598-026-45832-3,europe_pmc,2026,,Punica granatum,7
pmid:41891190,41891190,10.1177/10781552261422456,pubmed,2026,Journal of oncology pharmacy practice : official publication of the International Society of Oncology Pharmacy Practitioners,Plantago major,4
pmid:41892511,41892511,10.3390/gels12030188,europe_pmc,2026,,Aloe vera,5
pmid:41894239,41894239,10.1093/bbb/zbag046,pubmed,2026,"Bioscience, biotechnology, and biochemistry",Origanum vulgare,4
pmid:41897423,41897423,10.3390/antiox15030276,europe_pmc,2026,,Punica granatum,8
pmid:41898668,41898668,10.3390/ijms27062808,europe_pmc,2026,,Punica granatum,8
pmid:41900097,41900097,10.3390/molecules31060998,europe_pmc,2026,,Opuntia ficus-indica,5
pmid:41901412,41901412,10.3390/plants15060893,europe_pmc,2026,,Carica papaya,7
pmid:41901470,41901470,10.3390/plants15060951,europe_pmc,2026,,Punica granatum,7
pmid:41901505,41901505,10.3390/plants15060987,europe_pmc,2026,,Punica granatum,6
pmid:41901875,41901875,10.3390/polym18060745,europe_pmc,2026,,Calendula officinalis,6
pmid:41907805,41907805,10.2147/opth.s594587,europe_pmc,2026,,Aloe vera,6
pmid:41910918,41910918,10.1186/s11671-026-04489-7,europe_pmc,2026,,Aloe vera,7
pmid:41916163,41916163,10.1016/j.jplph.2026.154739,europe_pmc,2026,,Taraxacum officinale,7
pmid:41918395,41918395,10.1002/cbdv.202503142,pubmed,2026,Chemistry & biodiversity,Argemone mexicana,6
pmid:41918409,41918409,10.1002/cbdv.71179,europe_pmc,2026,,Punica granatum,4
pmid:41922955,41922955,10.1186/s12870-026-08536-4,pubmed,2026,BMC plant biology,Calendula officinalis,8
pmid:41923850,41923850,10.5455/javar.2025.l970,europe_pmc,2025,,Eucalyptus globulus,5
pmid:41923856,41923856,10.5455/javar.2025.l982,europe_pmc,2025,,Eucalyptus globulus,5
pmid:41927746,41927746,10.1038/s41598-026-46933-9,europe_pmc,2026,,Aloe vera,6
pmid:41928093,41928093,10.1186/s12870-026-08683-8,pubmed,2026,BMC plant biology,Physalis peruviana,7
pmid:41930599,41930599,10.2174/0118715206438008260212054456,pubmed,2026,Anti-cancer agents in medicinal chemistry,Solanum americanum,9
pmid:41935155,41935155,10.1038/s41598-026-45320-8,europe_pmc,2026,,Psidium guajava,6
pmid:41935465,41935465,10.1016/j.phymed.2026.158124,europe_pmc,2026,,Aloe vera,6
pmid:41937517,41937517,10.2174/0113816128421302251213065502,europe_pmc,2026,,Aloe vera,5
pmid:41937531,41937531,10.2174/0113816128406204251203155900,europe_pmc,2026,,Punica granatum,5
pmid:41937756,41937756,10.3389/fpls.2026.1779007,europe_pmc,2026,,Aloe vera,6
pmid:41943862,41943862,10.1002/mnfr.70458,pubmed,2026,Molecular nutrition & food research,Physalis peruviana,4
pmid:41944113,41944113,10.2174/0118715206437234260120080158,europe_pmc,2026,,Punica granatum,7
pmid:41958831,41958831,10.3389/fbioe.2026.1768930,europe_pmc,2026,,Aloe vera,6
pmid:41960020,41960020,10.1016/j.fochms.2026.100393,europe_pmc,2026,,Punica granatum,5
pmid:41965411,41965411,10.1038/s41598-026-48038-9,pubmed,2026,Scientific reports,Eucalyptus globulus,5
pmid:41966322,41966322,10.1016/j.tvjl.2026.106667,pubmed,2026,"Veterinary journal (London, England : 1997)",Punica granatum,8
pmid:41972189,41972189,10.3389/fimmu.2026.1714915,europe_pmc,2026,,Eucalyptus globulus,5
pmid:41972370,41972370,10.1155/bmri/8998340,pubmed,2026,BioMed research international,Psidium guajava,9
pmid:41976263,41976263,10.3390/molecules31071224,europe_pmc,2026,,Bixa orellana,5
pmid:41977192,41977192,10.3390/ijms27073003,europe_pmc,2026,,Passiflora edulis,5
pmid:41978207,41978207,10.3390/nu18071157,europe_pmc,2026,,Opuntia ficus-indica,5
pmid:41981793,41981793,10.1002/prp2.70249,europe_pmc,2026,,Morinda citrifolia,5
pmid:41981813,41981813,10.1111/1750-3841.71065,pubmed,2026,Journal of food science,Mauritia flexuosa,8
pmid:41983370,41983370,10.1002/cbdv.202503245,pubmed,2026,Chemistry & biodiversity,Mauritia flexuosa,4
pmid:41983862,41983862,10.1590/0001-3765202620250291,pubmed,2026,Anais da Academia Brasileira de Ciencias,Azorella compacta,5
pmid:41989695,41989695,10.1007/s44463-025-00019-8,europe_pmc,2026,,Punica granatum,5
pmid:41993049,41993049,10.1155/ijod/5544638,europe_pmc,2026,,Aloe vera,6
pmid:41994470,41994470,10.1155/sci5/9959255,europe_pmc,2026,,Eucalyptus globulus; Schinus molle,8
pmid:41995147,41995147,10.1039/d5tb02920a,europe_pmc,2026,,Aloe vera,8
pmid:41999101,41999101,10.1155/bmri/5516794,pubmed,2026,BioMed research international,Opuntia ficus-indica,6
pmid:42004976,42004976,10.1016/j.parepi.2026.e00483,europe_pmc,2026,,Carica papaya,6
pmid:42005361,42005361,10.1155/ijfo/3344999,europe_pmc,2026,,Psidium guajava,6
pmid:42015445,42015445,10.29271/jcpsp.2026.04.547,europe_pmc,2026,,Aloe vera,3
pmid:42022999,42022999,10.3389/fpls.2026.1812647,europe_pmc,2026,,Psidium guajava,8
pmid:42024248,42024248,10.1007/s11130-026-01499-9,pubmed,2026,"Plant foods for human nutrition (Dordrecht, Netherlands)",Passiflora edulis,1
pmid:42025235,42025235,10.1016/j.plaphy.2026.111311,pubmed,2026,Plant physiology and biochemistry : PPB,Solanum tuberosum,6
pmid:42025773,42025773,10.1016/j.plantsci.2026.113159,europe_pmc,2026,,Opuntia ficus-indica,6
pmid:42026094,42026094,10.1038/s41538-026-00833-4,europe_pmc,2026,,Taraxacum officinale,4
pmid:42027672,42027672,10.1016/j.parepi.2026.e00505,europe_pmc,2026,,Annona muricata,7
pmid:42030795,42030795,10.1016/j.tice.2026.103537,europe_pmc,2026,,Psidium guajava,5
pmid:42031567,42031567,10.1002/ps.70815,pubmed,2026,Pest management science,Eucalyptus globulus,7
pmid:42037773,42037773,10.21769/bioprotoc.5664,europe_pmc,2026,,Aloe vera,8
pmid:42038826,42038826,10.31661/gmj.v14i.3737,pubmed,2025,Galen medical journal,Matricaria chamomilla; Rosmarinus officinalis,8
pmid:42040489,42040489,10.1021/acsomega.5c13440,europe_pmc,2026,,Aloe vera,6
pmid:42041369,42041369,10.3390/antibiotics15040406,europe_pmc,2026,,Punica granatum,8
pmid:42043714,42043714,10.1007/s10787-026-02245-y,europe_pmc,2026,,Punica granatum,5
pmid:42043716,42043716,10.1007/s10787-026-02251-0,pubmed,2026,Inflammopharmacology,Matricaria chamomilla; Origanum vulgare,6
pmid:42044097,42044097,10.1371/journal.pone.0338585,europe_pmc,2026,,Aloe vera,6
pmid:42044467,42044467,10.1021/acs.jafc.5c18008,europe_pmc,2026,,Chenopodium quinoa,4
pmid:42046378,42046378,10.1021/acs.jafc.5c16652,europe_pmc,2026,,Punica granatum,5
pmid:42052350,42052350,10.3389/fvets.2026.1812558,europe_pmc,2026,,Aloe vera,6
pmid:42056158,42056158,10.1038/s41598-026-41582-4,pubmed,2026,Scientific reports,Opuntia ficus-indica,4
pmid:42056769,42056769,10.1016/j.foodchem.2026.149325,europe_pmc,2026,,Opuntia ficus-indica,4
pmid:42056969,42056969,10.1186/s12906-026-05393-4,pubmed,2026,BMC complementary medicine and therapies,Plantago major,6
pmid:42057336,42057336,10.1111/nph.71183,pubmed,2026,The New phytologist,Amaranthus caudatus,4
pmid:42059361,42059361,10.1002/ardp.70247,europe_pmc,2026,,Aloe vera,7
pmid:42060235,42060235,10.1007/s10123-026-00829-w,europe_pmc,2026,,Psidium guajava,6
pmid:42068787,42068787,10.1016/j.ultsonch.2026.107871,pubmed,2026,Ultrasonics sonochemistry,Taraxacum officinale,4
pmid:42071016,42071016,10.1038/s41598-026-50090-4,pubmed,2026,Scientific reports,Eucalyptus globulus,6
pmid:42074083,42074083,10.3390/ijms27083438,europe_pmc,2026,,Carica papaya,5
pmid:42075449,42075449,10.3390/plants15081247,europe_pmc,2026,,Punica granatum,5
pmid:42075933,42075933,10.3390/molecules31081254,europe_pmc,2026,,Punica granatum,4
pmid:42078004,42078004,10.1155/crdm/9959087,europe_pmc,2026,,Aloe vera,7
pmid:42082570,42082570,10.1038/s41598-026-48151-9,europe_pmc,2026,,Punica granatum,7
pmid:42085084,42085084,10.4103/njcp.njcp_767_25,europe_pmc,2026,,Aloe vera,7
pmid:42090564,42090564,10.1093/gbe/evag115,pubmed,2026,Genome biology and evolution,Tropaeolum tuberosum,5
pmid:42096106,42096106,10.1007/s11130-026-01510-3,europe_pmc,2026,,Opuntia ficus-indica,6
pmid:42102580,42102580,10.1016/j.chroma.2026.467063,europe_pmc,2026,,Eucalyptus globulus,5
pmid:42108266,42108266,10.1038/s41598-026-49913-1,pubmed,2026,Scientific reports,Psidium guajava,4
pmid:42111816,42111816,10.7717/peerj.21233,europe_pmc,2026,,Morinda citrifolia,7
pmid:42112722,42112722,10.1155/bmri/5037275,pubmed,2026,BioMed research international,Rosmarinus officinalis,7
pmid:42116036,42116036,10.1186/s12917-026-05487-8,pubmed,2026,BMC veterinary research,Calendula officinalis; Chenopodium quinoa,5
pmid:42118693,42118693,10.1002/ptr.70353,pubmed,2026,Phytotherapy research : PTR,Punica granatum,5
pmid:42122729,42122729,10.3390/polym18091100,europe_pmc,2026,,Punica granatum,5
pmid:42122886,42122886,10.3390/plants15091392,europe_pmc,2026,,Matricaria chamomilla,6
pmid:42126338,42126338,10.1080/14786419.2026.2669209,europe_pmc,2026,,Morinda citrifolia,3
pmid:42129639,42129639,10.1186/s12870-026-08566-y,europe_pmc,2026,,Calendula officinalis,7
pmid:42134776,42134776,10.1111/bph.70497,pubmed,2026,British journal of pharmacology,Senecio nutans,3
pmid:42135626,42135626,10.1186/s12870-026-08913-z,europe_pmc,2026,,Chenopodium quinoa,7
pmid:4229533,4229533,,pubmed,1967,Comptes rendus des seances de la Societe de biologie et de ses filiales,Baccharis genistelloides,1
pmid:4249809,4249809,,pubmed,1970,"Zeitschrift fur Immunitatsforschung, Allergie und klinische Immunologie",Amaranthus caudatus,1
pmid:4442716,4442716,10.1093/genetics/78.1.503,europe_pmc,1974,,Chenopodium quinoa,1
pmid:4754243,4754243,,pubmed,1973,Farmatsiia,Argemone mexicana,1
pmid:4781135,4781135,,pubmed,1973,Revista medico-chirurgicala a Societatii de Medici si Naturalisti din Iasi,Plantago major,1
pmid:544950,544950,10.1016/0378-8741(79)90017-5,pubmed,1979,Journal of ethnopharmacology,Erythroxylum coca,3
pmid:614820,614820,,pubmed,1977,Archivos latinoamericanos de nutricion,Lupinus mutabilis,3
pmid:6275056,6275056,10.1093/jn/112.1.70,pubmed,1982,The Journal of nutrition,Lupinus mutabilis,5
pmid:6379304,6379304,10.1016/0378-8741(84)90015-1,pubmed,1984,Journal of ethnopharmacology,Erythroxylum coca,4
pmid:6496496,6496496,,pubmed,1984,American journal of hospital pharmacy,Annona muricata; Solanum americanum,4
pmid:6587171,6587171,10.1016/0378-8741(84)90003-5,pubmed,1984,Journal of ethnopharmacology,Banisteriopsis caapi; Psychotria viridis,7
pmid:6660217,6660217,10.1142/S0192415X83000124,pubmed,1983,The American journal of Chinese medicine,Psidium guajava,3
pmid:6675549,6675549,,pubmed,1983,Archivos latinoamericanos de nutricion,Lupinus mutabilis,4
pmid:6677816,6677816,10.1016/0378-8741(83)90033-8,pubmed,1983,Journal of ethnopharmacology,Erythroxylum coca,3
pmid:6768879,6768879,,pubmed,1980,Journal of postgraduate medicine,Argemone mexicana,1
pmid:6834148,6834148,10.1093/jn/113.4.773,pubmed,1983,The Journal of nutrition,Lupinus mutabilis,6
pmid:6867056,6867056,10.1016/0091-3057(83)90273-3,pubmed,1983,"Pharmacology, biochemistry, and behavior",Erythroxylum coca,4
pmid:7017289,7017289,10.1016/0378-8741(81)90054-4,pubmed,1981,Journal of ethnopharmacology,Erythroxylum coca,3
pmid:7057655,7057655,10.1016/0378-8741(82)90040-x,pubmed,1982,Journal of ethnopharmacology,Tropaeolum tuberosum,4
pmid:7154697,7154697,10.1016/0378-8741(82)90051-4,pubmed,1982,Journal of ethnopharmacology,Erythroxylum coca,3
pmid:7210473,7210473,,pubmed,1980,Veterinary and human toxicology,Aloe vera,1
pmid:7242114,7242114,10.1016/0378-8741(81)90061-1,pubmed,1981,Journal of ethnopharmacology,Erythroxylum coca,6
pmid:7441088,7441088,,pubmed,1980,Journal of environmental pathology and toxicology,Lupinus mutabilis,2
pmid:7494150,7494150,10.1021/np50123a015,pubmed,1995,Journal of natural products,Annona muricata,3
pmid:7539770,7539770,10.1016/0014-5793(95)00430-h,pubmed,1995,FEBS letters,Amaranthus caudatus,3
pmid:7546549,7546549,10.1016/0031-9422(95)00233-w,pubmed,1995,Phytochemistry,Eucalyptus globulus,1
pmid:758452,758452,10.1002/jps.2600680145,pubmed,1979,Journal of pharmaceutical sciences,Croton lechleri,1
pmid:7608704,7608704,10.1136/jnnp.59.1.25,pubmed,1995,"Journal of neurology, neurosurgery, and psychiatry",Erythroxylum coca,1
pmid:7623043,7623043,10.1021/np50119a001,pubmed,1995,Journal of natural products,Tessaria integrifolia,2
pmid:7656986,7656986,10.1016/0014-5793(95)00835-w,pubmed,1995,FEBS letters,Amaranthus caudatus,3
pmid:7673935,7673935,10.1021/np50120a013,pubmed,1995,Journal of natural products,Annona muricata,3
pmid:7673936,7673936,10.1021/np50120a014,pubmed,1995,Journal of natural products,Annona muricata,3
pmid:7736849,7736849,10.1002/9780470514634.ch8,pubmed,1994,Ciba Foundation symposium,Ilex guayusa,5
pmid:7786474,7786474,10.1016/0031-9422(94)00780-w,pubmed,1995,Phytochemistry,Croton lechleri,5
pmid:7809208,7809208,10.1055/s-2006-959567,pubmed,1994,Planta medica,Croton lechleri,3
pmid:7860196,7860196,10.1007/BF02767650,pubmed,1994,International urology and nephrology,Taraxacum officinale,3
pmid:7990497,7990497,10.1016/0378-8741(94)90046-9,pubmed,1994,Journal of ethnopharmacology,Rosmarinus officinalis,4
pmid:8002704,8002704,,pubmed,1993,Archivos latinoamericanos de nutricion,Lupinus mutabilis; Solanum tuberosum,3
pmid:8018898,8018898,,pubmed,1994,Revista de gastroenterologia del Peru : organo oficial de la Sociedad de Gastroenterologia del Peru,Punica granatum,4
pmid:8055554,8055554,,pubmed,1993,The Central African journal of medicine,Schinus molle,4
pmid:8158163,8158163,10.1021/np50103a003,pubmed,1994,Journal of natural products,Piper aduncum,3
pmid:8180737,8180737,10.1111/j.1365-294x.1993.tb00003.x,pubmed,1993,Molecular ecology,Theobroma cacao,4
pmid:8208790,8208790,10.1016/0091-3057(94)90175-9,pubmed,1994,"Pharmacology, biochemistry, and behavior",Banisteriopsis caapi,3
pmid:8302955,8302955,10.1055/s-2006-959758,pubmed,1993,Planta medica,Piper aduncum,4
pmid:8340222,8340222,,pubmed,1993,Hawaii medical journal,Solanum americanum,3
pmid:8350090,8350090,10.1021/np50096a013,pubmed,1993,Journal of natural products,Croton lechleri,4
pmid:8479203,8479203,10.1016/0378-8741(93)90080-o,pubmed,1993,Journal of ethnopharmacology,Uncaria tomentosa,3
pmid:8583798,8583798,10.1016/0378-8741(95)01288-o,pubmed,1995,Journal of ethnopharmacology,Bixa orellana; Piper aduncum,3
pmid:8701041,8701041,10.1590/s0037-86821996000300002,pubmed,1996,Revista da Sociedade Brasileira de Medicina Tropical,Plantago major; Solanum americanum,3
pmid:8728061,8728061,10.1016/0031-9422(95)00865-9,pubmed,1996,Phytochemistry,Taraxacum officinale,3
pmid:8733119,8733119,10.1016/0378-8741(96)01390-6,pubmed,1996,Journal of ethnopharmacology,Banisteriopsis caapi,3
pmid:8771452,8771452,10.1016/0378-8741(96)01394-3,pubmed,1996,Journal of ethnopharmacology,Plantago major,4
pmid:8835453,8835453,10.1016/0031-9422(95)00712-1,pubmed,1996,Phytochemistry,Amaranthus caudatus,5
pmid:8843942,8843942,10.1007/BF00040718,pubmed,1996,Plant molecular biology,Amaranthus caudatus,7
pmid:8861830,8861830,10.1007/BF00449688,pubmed,1996,Pharmacy world & science : PWS,Urtica urens,7
pmid:8941866,8941866,10.1016/0378-8741(96)01448-1,pubmed,1996,Journal of ethnopharmacology,Psychotria viridis,4
pmid:8941869,8941869,10.1016/0378-8741(96)01444-4,pubmed,1996,Journal of ethnopharmacology,Equisetum bogotense,1
pmid:9080340,9080340,10.1016/s0378-8741(96)01500-0,pubmed,1997,Journal of ethnopharmacology,Mutisia acuminata,4
pmid:9147258,9147258,10.1016/s0378-8741(96)01515-2,pubmed,1997,Journal of ethnopharmacology,Psidium guajava,3
pmid:9201607,9201607,10.1016/s0378-8741(97)00030-5,pubmed,1997,Journal of ethnopharmacology,Erythroxylum coca,2
pmid:9201613,9201613,10.1016/s0378-8741(97)00038-x,europe_pmc,1997,,Tagetes minuta,3
pmid:9247688,9247688,10.1111/j.1751-0813.1997.tb14342.x,pubmed,1997,Australian veterinary journal,Aloe vera,3
pmid:9270378,9270378,10.1055/s-2006-957693,pubmed,1997,Planta medica,Argemone mexicana,3
pmid:9401954,9401954,10.1111/j.2042-7158.1997.tb06058.x,pubmed,1997,The Journal of pharmacy and pharmacology,Annona muricata,5
pmid:9406898,9406898,10.1016/s0378-8741(97)00087-1,pubmed,1997,Journal of ethnopharmacology,Croton lechleri,4
pmid:9461656,9461656,10.1021/np970232k,pubmed,1998,Journal of natural products,Maytenus macrocarpa,3
pmid:9507906,9507906,10.1016/s0378-8741(97)00113-x,pubmed,1998,Journal of ethnopharmacology,Mutisia acuminata,1
pmid:961620,961620,10.1093/ajcn/29.9.933,pubmed,1976,The American journal of clinical nutrition,Lupinus mutabilis,1
pmid:9653673,9653673,10.3109/08923979809038545,pubmed,1998,Immunopharmacology and immunotoxicology,Taraxacum officinale,3
pmid:9687082,9687082,10.1016/s0378-8741(98)00015-4,pubmed,1998,Journal of ethnopharmacology,Carica papaya; Psidium guajava,4
pmid:9711465,9711465,10.1111/j.1472-8206.1998.tb00967.x,europe_pmc,1998,,Tagetes minuta,6
pmid:9751462,9751462,10.1111/j.2042-7158.1998.tb04013.x,pubmed,1998,The Journal of pharmacy and pharmacology,Lupinus mutabilis,4
pmid:9776900,9776900,10.7748/ns.12.41.49.s40,pubmed,,Nursing standard (Royal College of Nursing (Great Britain) : 1987),Aloe vera,1
pmid:9784154,9784154,10.1021/np980088i,pubmed,1998,Journal of natural products,Plantago major,3
pmid:9830717,9830717,,pubmed,1998,Boletin chileno de parasitologia,Azorella compacta,3
pmid:9848004,9848004,10.1097/00019052-199810000-00017,pubmed,1998,Current opinion in neurology,Annona muricata,4
pmid:9849628,9849628,10.1016/s0378-8741(98)00140-8,pubmed,1998,Journal of ethnopharmacology,Solanum americanum,4
pmid:9882039,9882039,10.1046/j.1365-2036.1998.00424.x,pubmed,1998,Alimentary pharmacology & therapeutics,Uncaria tomentosa,6
pmid:crossref_007b03b189a71536,crossref_007b03b189a71536,10.1079/cpc.6878.20210099961,crossref,,,Argemone mexicana,3
pmid:crossref_00c428fde997cc92,crossref_00c428fde997cc92,10.24133/cctespe.v13i1.816,crossref,2018,Congreso de Ciencia y Tecnología ESPE,Croton lechleri,3
pmid:crossref_0140a36a373ea744,crossref_0140a36a373ea744,10.12688/f1000research.13528.1,crossref,2018,F1000Research,Equisetum bogotense,7
pmid:crossref_0168d5ae145407c4,crossref_0168d5ae145407c4,10.15381/ci.v22i2.17614,crossref,2020,Ciencia e Investigación,Croton lechleri,4
pmid:crossref_019063f6927dbbf6,crossref_019063f6927dbbf6,10.4314/sa.v24i1.14,crossref,2025,Scientia Africana,Annona muricata,5
pmid:crossref_01eb1f0e0f413c0e,crossref_01eb1f0e0f413c0e,10.71068/4z7e3v21,crossref,2025,Sapiens International Multidisciplinary Journal,Eucalyptus globulus,4
pmid:crossref_02327e941e6d7523,crossref_02327e941e6d7523,10.34117/bjdv8n5-328,crossref,2022,Brazilian Journal of Development,Mauritia flexuosa,5
pmid:crossref_0295047153034759,crossref_0295047153034759,10.1590/s0100-83582011000400005,crossref,2011,Planta Daninha,Solanum americanum,4
pmid:crossref_02d3d77d473eed34,crossref_02d3d77d473eed34,10.33554/riv.13.1.167,crossref,2019,Investigación Valdizana,Croton lechleri,5
pmid:crossref_0369d69ab28c6a31,crossref_0369d69ab28c6a31,10.54753/cedamaz.v14i2.1912,crossref,2024,CEDAMAZ,Smallanthus sonchifolius,5
pmid:crossref_038315033b76e97d,crossref_038315033b76e97d,10.36483/vanvetj.1270602,crossref,2023,Van Veterinary Journal,Malva sylvestris,4
pmid:crossref_03b6c67bc94e468d,crossref_03b6c67bc94e468d,10.9734/jpri/2025/v37i107749,crossref,2025,Journal of Pharmaceutical Research International,Solanum americanum,4
pmid:crossref_03c14ef32cbdd168,crossref_03c14ef32cbdd168,10.5586/asbp.1976.021,crossref,2015,Acta Societatis Botanicorum Poloniae,Lupinus mutabilis,1
pmid:crossref_03ee4f053c5ff835,crossref_03ee4f053c5ff835,10.1002/bab.2319,crossref,2022,Biotechnology and Applied Biochemistry,Amaranthus caudatus,5
pmid:crossref_0484e7d825d33bd4,crossref_0484e7d825d33bd4,10.1101/2021.08.03.453701,crossref,,,Solanum tuberosum,8
pmid:crossref_04d23aa1b4afd684,crossref_04d23aa1b4afd684,10.54753/blc.v16i1.2633,crossref,2026,Bosques Latitud Cero,Cinchona officinalis,6
pmid:crossref_054c5368824ec530,crossref_054c5368824ec530,10.30574/wjbphs.2025.22.3.0497,crossref,2025,World Journal of Biology Pharmacy and Health Sciences,Uncaria tomentosa,5
pmid:crossref_0561d6838a63e630,crossref_0561d6838a63e630,10.13037/rbcs.vol8n24.1058,crossref,2010,Revista de Atenção à Saúde,Chenopodium quinoa,5
pmid:crossref_05ab401bcff0ee9a,crossref_05ab401bcff0ee9a,10.1093/jof/44.2.92,crossref,1946,Journal of Forestry,Cinchona officinalis,2
pmid:crossref_060bddb901ed6f58,crossref_060bddb901ed6f58,10.26439/ing.ind2018.n036.2450,crossref,2018,Ingeniería Industrial,Eucalyptus globulus,1
pmid:crossref_060e1814406950a8,crossref_060e1814406950a8,10.56152/ffs.v12i2.2217,crossref,2022,Steviana,Solanum americanum,6
pmid:crossref_066f49557f841dec,crossref_066f49557f841dec,10.1002/ffj.2730010408,crossref,1986,Flavour and Fragrance Journal,Tagetes minuta,3
pmid:crossref_06cb58b23c5fcacc,crossref_06cb58b23c5fcacc,10.46492/ijai/2023.8.1.15,crossref,2023,International Journal of Agricultural Invention,Carica papaya,5
pmid:crossref_06eac0e9c317b04a,crossref_06eac0e9c317b04a,10.1590/0100-29452023879,crossref,2023,Revista Brasileira de Fruticultura,Myrciaria dubia; Origanum vulgare,6
pmid:crossref_07154cdff176d4be,crossref_07154cdff176d4be,10.3390/f16071141,crossref,2025,Forests,Juglans neotropica,5
pmid:crossref_071db064772806a0,crossref_071db064772806a0,10.22146/bib.v15i1.10483,crossref,2024,Berkala Ilmiah Biologi,Carica papaya,4
pmid:crossref_077578f5ce07404c,crossref_077578f5ce07404c,10.24857/rgsa.v18n8-150,crossref,2024,Revista de Gestão Social e Ambiental,Lupinus mutabilis,10
pmid:crossref_08bcd69d3da12d07,crossref_08bcd69d3da12d07,10.24200/jams.vol5iss1pp25-27,crossref,2000,Journal of Agricultural and Marine Sciences [JAMS],Tagetes minuta,3
pmid:crossref_08c8a9a1e703c3b2,crossref_08c8a9a1e703c3b2,10.15381/rpb.v12i1.2367,crossref,2005,Revista Peruana de Biología,Ullucus tuberosus,1
pmid:crossref_0942f1d76fce1dd2,crossref_0942f1d76fce1dd2,10.47191/rajar/v8i4.03,crossref,2022,RA JOURNAL OF APPLIED RESEARCH,Theobroma cacao,6
pmid:crossref_098905b41e43bfd8,crossref_098905b41e43bfd8,10.47230/unesum-ciencias.v5.n6.2021.559,crossref,2021,UNESUM-Ciencias. Revista Científica Multidisciplinaria. ISSN 2602-8166,Prosopis pallida,5
pmid:crossref_09b0d3f35d16d668,crossref_09b0d3f35d16d668,10.30972/bon.133942,crossref,1963,Bonplandia,Schinus molle,2
pmid:crossref_09c5961176a98304,crossref_09c5961176a98304,10.18271/ria.2023.459,crossref,2023,Revista de Investigaciones Altoandinas - Jornal of High Andean Research,Chenopodium pallidicaule; Chenopodium quinoa,6
pmid:crossref_09ccf5719861d169,crossref_09ccf5719861d169,10.15381/anales.v71i2.78,crossref,2011,Anales de la Facultad de Medicina,Croton lechleri,6
pmid:crossref_09f1d9ed8fb6fa19,crossref_09f1d9ed8fb6fa19,10.26495/tzh.v11i4.1239,crossref,2019,TZHOECOEN,Schinus molle,4
pmid:crossref_0a81f7ef31ccd02d,crossref_0a81f7ef31ccd02d,10.53287/aevy8046fp84j,crossref,2022,Revista Apthapi,Ullucus tuberosus,6
pmid:crossref_0ab94ee78e7d9b0c,crossref_0ab94ee78e7d9b0c,10.15381/rpb.v26i4.17220,crossref,2019,Revista Peruana de Biología,Theobroma cacao,4
pmid:crossref_0b22101c28f830b7,crossref_0b22101c28f830b7,10.35381/cm.v11i2.1651,crossref,2025,CIENCIAMATRIA,Banisteriopsis caapi,4
pmid:crossref_0b5e69f1eb8524e6,crossref_0b5e69f1eb8524e6,10.15381/rpb.v19i3.1002,crossref,2012,Revista Peruana de Biología,Tagetes minuta,4
pmid:crossref_0c9ac541156ba095,crossref_0c9ac541156ba095,10.46602/jcsn.v47i6.834,crossref,2023,Journal of Chemical Society of Nigeria,Solanum americanum,5
pmid:crossref_0dbda5a01a4a3365,crossref_0dbda5a01a4a3365,10.1079/fc.41354.20210113892,crossref,,,Piper aduncum,1
pmid:crossref_0dd2b9f4e4d591c4,crossref_0dd2b9f4e4d591c4,10.26696/sci.epg.0168,crossref,2015,SCIENTIARVM,Physalis peruviana,6
pmid:crossref_0e38925dd8ea1433,crossref_0e38925dd8ea1433,10.18502/pbr.v8i3.11035,crossref,2022,Pharmaceutical and Biomedical Research,Plantago major,7
pmid:crossref_0e53e0668f783eb7,crossref_0e53e0668f783eb7,10.1101/027615,crossref,,,Psidium guajava,4
pmid:crossref_0e5579aa5344c819,crossref_0e5579aa5344c819,10.1002/chin.199908197,crossref,1999,ChemInform,Azorella compacta,1
pmid:crossref_0e7ca8b17d0e6a47,crossref_0e7ca8b17d0e6a47,10.48048/tis.2024.7661,crossref,2024,Trends in Sciences,Plantago major,8
pmid:crossref_0efadb3ff1a4e39c,crossref_0efadb3ff1a4e39c,10.71701/mtz35h19,crossref,2023,Revista I+i,Oxalis tuberosa,3
pmid:crossref_0efef601e3a9f374,crossref_0efef601e3a9f374,10.1093/botlinnean/boaf069,crossref,2025,Botanical Journal of the Linnean Society,Tessaria integrifolia,4
pmid:crossref_0fa154e035319688,crossref_0fa154e035319688,10.15381/anales.v71i2.79,crossref,2011,Anales de la Facultad de Medicina,Baccharis genistelloides,7
pmid:crossref_0fc204c10db6f328,crossref_0fc204c10db6f328,10.37874/mh.v4i2.819,crossref,2023,Medimuh : Jurnal Kesehatan Muhammadiyah,Annona muricata,6
pmid:crossref_0fd4245535ca4690,crossref_0fd4245535ca4690,10.24036/student.v2i1.78,crossref,2018,JURNAL BUANA,Passiflora ligularis,5
pmid:crossref_10085fe43e270432,crossref_10085fe43e270432,10.1163/22941932-90000114,crossref,2005,IAWA Journal,Uncaria guianensis; Uncaria tomentosa,3
pmid:crossref_1028612ed51c627a,crossref_1028612ed51c627a,10.37787/pakamuros-unj.v10i1.272,crossref,2022,Revista Científica Pakamuros,Chenopodium pallidicaule; Chenopodium quinoa,4
pmid:crossref_102aaa95c9b34ae9,crossref_102aaa95c9b34ae9,10.29296/25419218-2025-07-01,crossref,2025,Farmaciya (Pharmacy),Rosmarinus officinalis,6
pmid:crossref_107e541f63216b30,crossref_107e541f63216b30,10.23880/ijoac-16000216,crossref,2021,International Journal of Oceanography &amp; Aquaculture,Carica papaya,6
pmid:crossref_110806e194a02ac3,crossref_110806e194a02ac3,10.15381/rpb.v25i3.14035,crossref,2018,Revista Peruana de Biología,Lepidium meyenii,3
pmid:crossref_111d7b0d71763f56,crossref_111d7b0d71763f56,10.22214/ijraset.2026.77693,crossref,2026,International Journal for Research in Applied Science and Engineering Technology,Punica granatum,4
pmid:crossref_111e10019c1124d3,crossref_111e10019c1124d3,10.52904/0718-4646.1991.144,crossref,1991,Ciencia &amp; Investigación Forestal,Eucalyptus globulus,4
pmid:crossref_1141060ad55f8cae,crossref_1141060ad55f8cae,10.19159/tutad.585170,crossref,2020,Türkiye Tarımsal Araştırmalar Dergisi,Rosmarinus officinalis,5
pmid:crossref_1143188430bf68c9,crossref_1143188430bf68c9,10.24326/asphc.2022.1.11,crossref,2022,Acta Scientiarum Polonorum Hortorum Cultus,Smallanthus sonchifolius,4
pmid:crossref_1161486867178a0c,crossref_1161486867178a0c,10.15446/rcciquifa.v53n3.119217,crossref,2025,Revista Colombiana de Ciencias Químico-Farmacéuticas,Mauritia flexuosa,6
pmid:crossref_11895d8e4efac9f3,crossref_11895d8e4efac9f3,10.31533/pubvet.v14n1a497.1-5,crossref,2020,Pubvet,Mauritia flexuosa,5
pmid:crossref_11b38a8f1c192284,crossref_11b38a8f1c192284,10.20944/preprints202306.0599.v1,crossref,,,Juglans neotropica,5
pmid:crossref_11b89d71f9222c5e,crossref_11b89d71f9222c5e,10.56499/jppres22.1471_10.6.1026,crossref,2022,Journal of Pharmacy &amp; Pharmacognosy Research,Senecio nutans,5
pmid:crossref_12062a44e1ec4c20,crossref_12062a44e1ec4c20,10.48141/sscon_23_2024.pdf,crossref,2024,Proceedings of the Second Southern Science Conference. Book B,Bixa orellana,5
pmid:crossref_1229c0394433cb95,crossref_1229c0394433cb95,10.15381/ci.v25i1.23476,crossref,2022,Ciencia e Investigación,Brunfelsia grandiflora,4
pmid:crossref_128ba362c1bdffc7,crossref_128ba362c1bdffc7,10.25176/rfmh.v22i4.5115,crossref,2022,Revista de la Facultad de Medicina Humana,Maytenus macrocarpa,5
pmid:crossref_12b9d833bf920c18,crossref_12b9d833bf920c18,10.2134/agronj1998.00021962009000050021x,crossref,1998,Agronomy Journal,Erythroxylum coca,3
pmid:crossref_12d1615e555839c0,crossref_12d1615e555839c0,10.53470/riu.v12i1.73,crossref,2022,Revista Investigación Universitaria,Piper aduncum,5
pmid:crossref_12d2558e608f197c,crossref_12d2558e608f197c,10.12681/eadd/49307,crossref,,,Rosmarinus officinalis,11
pmid:crossref_1302b84c59066b2f,crossref_1302b84c59066b2f,10.71701/7thcww45,crossref,2018,Revista I+i,Stipa ichu,3
pmid:crossref_13389589941826ca,crossref_13389589941826ca,10.58694/20.500.12479/1041,crossref,,,Chenopodium quinoa,5
pmid:crossref_13558231bdfa3603,crossref_13558231bdfa3603,10.56294/hl2024.519,crossref,2024,Health Leadership and Quality of Life,Malva sylvestris,5
pmid:crossref_13c829c934f65220,crossref_13c829c934f65220,10.56238/arev7n9-094,crossref,2025,ARACÊ,Uncaria tomentosa,5
pmid:crossref_13cbbc78333ab486,crossref_13cbbc78333ab486,10.1177/1934578x0900401008,crossref,2009,Natural Product Communications,Chuquiraga spinosa,3
pmid:crossref_1427b065faea18cf,crossref_1427b065faea18cf,10.2139/ssrn.6353350,crossref,,,Solanum americanum,5
pmid:crossref_14479f9ba94c5334,crossref_14479f9ba94c5334,10.47187/zk29ve32,crossref,2022,RECIENA,Oxalis tuberosa,5
pmid:crossref_144e645b552ff824,crossref_144e645b552ff824,10.22270/jddt.v11i3.4832,crossref,2021,Journal of Drug Delivery and Therapeutics,Punica granatum,6
pmid:crossref_14e978fce5c5d9f7,crossref_14e978fce5c5d9f7,10.47280/revfacagron(luz).v41.n3.08,crossref,2024,"Revista de la Facultad de Agronomía, Universidad del Zulia",Ilex guayusa,5
pmid:crossref_1577b4e1038c0d29,crossref_1577b4e1038c0d29,10.19159/tutad.460892,crossref,2019,Türkiye Tarımsal Araştırmalar Dergisi,Chenopodium quinoa,4
pmid:crossref_159d5e54ccc0e8da,crossref_159d5e54ccc0e8da,10.1055/s-0043-107030,crossref,2017,Planta Medica International Open,Morinda citrifolia,5
pmid:crossref_167b81bde362a631,crossref_167b81bde362a631,10.37317/biul-2006-0059,crossref,2006,Biuletyn Instytutu Hodowli i Aklimatyzacji Roślin,Lupinus mutabilis,5
pmid:crossref_1700d571c74ab954,crossref_1700d571c74ab954,10.21597/jist.747673,crossref,2021,Iğdır Üniversitesi Fen Bilimleri Enstitüsü Dergisi,Malva sylvestris,4
pmid:crossref_17364db782cbf3cb,crossref_17364db782cbf3cb,10.26722/rpmi.2025.v10n1.824,crossref,2025,Revista Peruana de Medicina Integrativa,Solanum americanum,5
pmid:crossref_17a7861cdf44474d,crossref_17a7861cdf44474d,10.51470/plantarchives.2022.v22.no1.015,crossref,2022,PLANT ARCHIVES,Chenopodium quinoa,3
pmid:crossref_17cf34baeecfe126,crossref_17cf34baeecfe126,10.12681/eadd/43290,crossref,,,Solanum tuberosum,18
pmid:crossref_17f7996987686f9a,crossref_17f7996987686f9a,10.60158/ay550w61,crossref,2026,Revista mexicana de agroecosistemas,Opuntia ficus-indica,4
pmid:crossref_186e511a592dca1e,crossref_186e511a592dca1e,10.1590/s0044-59672011000200017,crossref,2011,Acta Amazonica,Uncaria guianensis,3
pmid:crossref_189c72ddda118bbf,crossref_189c72ddda118bbf,10.37711/rpcs.2019.1.1.3,crossref,2019,Revista Peruana de Ciencias de la Salud,Croton lechleri,4
pmid:crossref_18d257d6bd5bba56,crossref_18d257d6bd5bba56,10.36312/wg991k17,crossref,2025,Empiricism Journal,Plukenetia volubilis,10
pmid:crossref_18e822107af5e643,crossref_18e822107af5e643,10.22490/ecapma.5480,crossref,2022,,Plukenetia volubilis,4
pmid:crossref_19309e9ffbd0b261,crossref_19309e9ffbd0b261,10.33133/jres-2-2017-169,crossref,2017,Journal of Research in Engineering Science- JRES,Vallea stipularis,6
pmid:crossref_195e3ad0d86cb876,crossref_195e3ad0d86cb876,10.26788/ri.v14i1.6516,crossref,2025,Revista de Investigaciones,Lupinus mutabilis,5
pmid:crossref_1980570401247481,crossref_1980570401247481,10.31055/1851.2372.v52.n1.16908,crossref,2017,Boletín de la Sociedad Argentina de Botánica,Tagetes minuta,4
pmid:crossref_198fb1fdc71a89ee,crossref_198fb1fdc71a89ee,10.47460/uct.v26i114.605,crossref,2022,Universidad Ciencia y Tecnología,Cantua buxifolia,4
pmid:crossref_199130759dd82154,crossref_199130759dd82154,10.5772/intechopen.97174,crossref,2021,Solanum tuberosum - A Promising Crop for Starvation Problem,Solanum tuberosum,3
pmid:crossref_19abe8b59e931483,crossref_19abe8b59e931483,10.1055/a-2686-4040,crossref,2026,Planta Medica,Plantago major,7
pmid:crossref_1a3f40793de8d597,crossref_1a3f40793de8d597,10.24841/fa.v21i1-2.35,crossref,2012,Folia Amazónica,Myrciaria dubia,3
pmid:crossref_1aabd2808886a6a6,crossref_1aabd2808886a6a6,10.23880/ipcm-16000202,crossref,2020,International Journal of Pharmacognosy &amp; Chinese Medicine,Annona muricata,3
pmid:crossref_1aebbfd523529446,crossref_1aebbfd523529446,10.24857/rgsa.v18n9-030,crossref,2024,Revista de Gestão Social e Ambiental,Minthostachys mollis,5
pmid:crossref_1b769cfba78de7e1,crossref_1b769cfba78de7e1,10.31285/agro.30.1695,crossref,2026,Agrociencia Uruguay,Eucalyptus globulus,4
pmid:crossref_1bac325cbbdfae1a,crossref_1bac325cbbdfae1a,10.58837/chula.the.2013.2105,crossref,,,Psidium guajava,6
pmid:crossref_1bccc3602152e682,crossref_1bccc3602152e682,10.9734/ajb2t/2024/v10i3208,crossref,2024,Asian Journal of Biotechnology and Bioresource Technology,Cinchona officinalis,8
pmid:crossref_1bcdce9048913572,crossref_1bcdce9048913572,10.33003/sajols-2025-0302-38,crossref,2025,Sahel Journal of Life Sciences FUDMA,Eucalyptus globulus,6
pmid:crossref_1c8100f877b7efda,crossref_1c8100f877b7efda,10.52711/0975-4385.2023.00005,crossref,2023,Research Journal of Pharmacognosy and Phytochemistry,Argemone mexicana,3
pmid:crossref_1cd4de560596a547,crossref_1cd4de560596a547,10.15446/acag.v73n2.112163,crossref,2025,Acta Agronómica,Passiflora ligularis,6
pmid:crossref_1cdcd40a911f29f5,crossref_1cdcd40a911f29f5,10.5867/medwave.2023.s1.uta358,crossref,2023,Medwave,Oxalis tuberosa; Solanum tuberosum,11
pmid:crossref_1d12e4cf96fce65d,crossref_1d12e4cf96fce65d,10.17268/manglar.2022.003,crossref,2022,Manglar,Polylepis rugulosa,4
pmid:crossref_1d3515c6a3c09111,crossref_1d3515c6a3c09111,10.25077/jpt.3.1.34-46.2019,crossref,2019,Jurnal Proteksi Tanaman (Journal of Plant Protection),Piper aduncum,4
pmid:crossref_1d59fa7dc97b9dd9,crossref_1d59fa7dc97b9dd9,10.58837/chula.the.2008.950,crossref,,,Passiflora edulis,7
pmid:crossref_1dc65034e80ab416,crossref_1dc65034e80ab416,10.32859/era.33.31.1-11,crossref,2025,Ethnobotany Research and Applications,Rosmarinus officinalis,5
pmid:crossref_1e11747b7bff6f5e,crossref_1e11747b7bff6f5e,10.3390/app13031735,crossref,2023,Applied Sciences,Croton lechleri; Myrciaria dubia,4
pmid:crossref_1e37de554b02481e,crossref_1e37de554b02481e,10.5380/raega.v49i0.67208,crossref,2020,Raega - O Espaço Geográfico em Análise,Banisteriopsis caapi; Psychotria viridis,5
pmid:crossref_1e3f215a171fede7,crossref_1e3f215a171fede7,10.31594/commagene.1351365,crossref,2023,Commagene Journal of Biology,Matricaria chamomilla,5
pmid:crossref_1e417a0f559b287b,crossref_1e417a0f559b287b,10.15381/rpb.v10i1.2477,crossref,2003,Revista Peruana de Biología,Lupinus mutabilis,3
pmid:crossref_2033f5a154f4a21e,crossref_2033f5a154f4a21e,10.33448/rsd-v11i2.25130,crossref,2022,"Research, Society and Development",Myrciaria dubia,5
pmid:crossref_2041e6f81fbba355,crossref_2041e6f81fbba355,10.15237/gida.gd22010,crossref,2022,Gıda,Rosmarinus officinalis,4
pmid:crossref_206da454a9bd0d5c,crossref_206da454a9bd0d5c,10.47760/ijpsm.2023.v08i03.008,crossref,2023,International Journal of Pharmaceutical Sciences and Medicine,Carica papaya,4
pmid:crossref_215e90ffd609be3c,crossref_215e90ffd609be3c,10.24841/fa.v15i1-2.225,crossref,2006,Folia Amazónica,Myrciaria dubia,4
pmid:crossref_219b22b1ce6d8c7c,crossref_219b22b1ce6d8c7c,10.19053/01228420.v15.n1.2018.7760,crossref,2018,Ciencia y Agricultura,Sambucus peruviana,4
pmid:crossref_21af72b761af9b16,crossref_21af72b761af9b16,10.1002/food.19810250709,crossref,1981,Food / Nahrung,Lupinus mutabilis,6
pmid:crossref_21c5238ce4b12801,crossref_21c5238ce4b12801,10.22579/20112629.329,crossref,2016,Orinoquia,Minthostachys mollis,5
pmid:crossref_21d7b14bcb34f904,crossref_21d7b14bcb34f904,10.22270/jddt.v8i5-s.1962,crossref,2018,Journal of Drug Delivery and Therapeutics,Aloe vera,4
pmid:crossref_21f5c41940eb521b,crossref_21f5c41940eb521b,10.26722/rpmi.2019.41.104,crossref,2019,Revista Peruana de Medicina Integrativa,Chuquiraga spinosa,5
pmid:crossref_22281bc46f89d279,crossref_22281bc46f89d279,10.59415/ijfas.v14i2.274,crossref,2025,International Journal of Fundamental and Applied Sciences (IJFAS),Annona muricata,7
pmid:crossref_2318a0091b073565,crossref_2318a0091b073565,10.37195/arview.v4i1.1369,crossref,2025,Jurnal : Agricultural Review,Morinda citrifolia,4
pmid:crossref_2380833f8c735fd6,crossref_2380833f8c735fd6,10.51470/plantarchives.2021.v21.no1.006,crossref,2021,PLANT ARCHIVES,Argemone mexicana,5
pmid:crossref_239bf3de55884386,crossref_239bf3de55884386,10.21142/tl.2024.3471,crossref,,,Grindelia boliviana,6
pmid:crossref_240f61781fdde331,crossref_240f61781fdde331,10.3390/agronomy12112599,crossref,2022,Agronomy,Krameria lappacea,5
pmid:crossref_24253d02c350bb26,crossref_24253d02c350bb26,10.21897/rta.v20i1.751,crossref,2016,Temas Agrarios,Ullucus tuberosus,5
pmid:crossref_24dec0e7b7498451,crossref_24dec0e7b7498451,10.17533/udea.vitae.v32n2a360310,crossref,2025,Vitae,Buddleja incana,5
pmid:crossref_252021cf746a0102,crossref_252021cf746a0102,10.29303/profood.v6i2.143,crossref,2021,Pro Food,Smallanthus sonchifolius,9
pmid:crossref_253e3adb0fadafe3,crossref_253e3adb0fadafe3,10.15421/0217101,crossref,2017,Regulatory Mechanisms in Biosystems,Punica granatum,5
pmid:crossref_254ffe54231ca13a,crossref_254ffe54231ca13a,10.26787/nydha-2686-6838-2025-27-3-95-99,crossref,2025,"""Medical &amp; pharmaceutical journal ""Pulse""",Malva sylvestris,5
pmid:crossref_25a577f5f1e2eeb5,crossref_25a577f5f1e2eeb5,10.1046/j.1365-2621.2000.00394.x,crossref,2000,International Journal of Food Science and Technology,Prosopis pallida,4
pmid:crossref_25a9c340bdc13cc1,crossref_25a9c340bdc13cc1,10.7490/f1000research.1112818.1,crossref,,,Caesalpinia spinosa,7
pmid:crossref_25acd9b22d4deacf,crossref_25acd9b22d4deacf,10.70151/rgd2ae09,crossref,2005,Revista Brasileira de Plantas Medicinais,Calendula officinalis,3
pmid:crossref_267682205eae455b,crossref_267682205eae455b,10.3390/life11050434,crossref,2021,Life,Juglans neotropica,5
pmid:crossref_26817e582dab2ddb,crossref_26817e582dab2ddb,10.9734/jocamr/2024/v25i5535,crossref,2024,Journal of Complementary and Alternative Medical Research,Malva sylvestris,4
pmid:crossref_26dd61caa2a276d5,crossref_26dd61caa2a276d5,10.1079/fc.5812.20210115101,crossref,,,Annona muricata,3
pmid:crossref_2724b0d7144f66b4,crossref_2724b0d7144f66b4,10.15381/rpb.v20i3.5219,crossref,2013,Revista Peruana de Biología,Maytenus macrocarpa,5
pmid:crossref_274c787048be2019,crossref_274c787048be2019,10.12873/422garcia,crossref,2022,Nutrición Clínica y Dietética Hospitalaria,Smallanthus sonchifolius,6
pmid:crossref_2781e845b80169fe,crossref_2781e845b80169fe,10.33448/rsd-v9i4.2939,crossref,2020,"Research, Society and Development",Baccharis genistelloides,6
pmid:crossref_27c7924ef32240aa,crossref_27c7924ef32240aa,10.1079/fc.22680.20210113789,crossref,,,Eucalyptus globulus,5
pmid:crossref_27ef1f4b5ecaf283,crossref_27ef1f4b5ecaf283,10.25685/krm.2023.8.2023.003,crossref,2023,Кормопроизводство,Chenopodium quinoa,9
pmid:crossref_281b0ed6ae55157b,crossref_281b0ed6ae55157b,10.3390/d17090627,crossref,2025,Diversity,Juglans neotropica,5
pmid:crossref_281d3a51562de5ae,crossref_281d3a51562de5ae,10.26722/rpmi.2023.v8n4.760,crossref,2023,Revista Peruana de Medicina Integrativa,Lepidium meyenii,5
pmid:crossref_28ad68d7711a0624,crossref_28ad68d7711a0624,10.23850/24220582.3254,crossref,2021,Revista Colombiana de Investigaciones Agroindustriales,Baccharis latifolia,5
pmid:crossref_28ae885beb643e43,crossref_28ae885beb643e43,10.20944/preprints202105.0090.v1,crossref,,,Plukenetia volubilis,5
pmid:crossref_28ba367da855b1ea,crossref_28ba367da855b1ea,10.15381/ci.v12i1.3382,crossref,2009,Ciencia e Investigación,Erythroxylum coca,4
pmid:crossref_28cb877bd3d07aa9,crossref_28cb877bd3d07aa9,10.32598/immunoregulation.4.1.1,crossref,2021,ImmunoRegulation,Origanum vulgare,5
pmid:crossref_28de41e37167be3d,crossref_28de41e37167be3d,10.18359/rfcb.1858,crossref,2016,Revista Facultad de Ciencias Básicas,Baccharis latifolia,4
pmid:crossref_29480cb3e071bf0e,crossref_29480cb3e071bf0e,10.31603/pharmacy.v11i3.12719,crossref,2025,Jurnal Farmasi Sains dan Praktis,Plukenetia volubilis,5
pmid:crossref_29d2ea253a93ffd5,crossref_29d2ea253a93ffd5,10.52711/2231-5691.2025.00007,crossref,2025,Asian Journal of Pharmaceutical Research,Carica papaya,5
pmid:crossref_2a276451aa125298,crossref_2a276451aa125298,10.29073/e3.v12i3.1085,crossref,2025,e3,Polylepis rugulosa,5
pmid:crossref_2a4c1991cfad46f6,crossref_2a4c1991cfad46f6,10.31196/huvfd.325672,crossref,2017,Harran Üniversitesi Veteriner Fakültesi Dergisi,Taraxacum officinale,6
pmid:crossref_2a6bb936d77e0914,crossref_2a6bb936d77e0914,10.55006/biolsciences.2022.2205,crossref,2022,Biological Sciences,Calendula officinalis,6
pmid:crossref_2aa5d888b53b9e74,crossref_2aa5d888b53b9e74,10.15406/hij.2024.08.00302,crossref,2024,Horticulture International Journal,Myrciaria dubia,4
pmid:crossref_2b2e23467e12e8b7,crossref_2b2e23467e12e8b7,10.58837/chula.the.2004.899,crossref,,,Carica papaya,7
pmid:crossref_2b4160bc5352878b,crossref_2b4160bc5352878b,10.47187/perf.v1i35.376,crossref,2026,Perfiles,Plukenetia volubilis,5
pmid:crossref_2b97299a1e4d62e0,crossref_2b97299a1e4d62e0,10.26423/rctu.v11i2.844,crossref,2024,Revista Científica y Tecnológica UPSE,Cinchona officinalis,4
pmid:crossref_2bc5b240967f359f,crossref_2bc5b240967f359f,10.56369/tsaes.3925,crossref,2022,Tropical and Subtropical Agroecosystems,Chenopodium quinoa,5
pmid:crossref_2c41fd2c36e94e43,crossref_2c41fd2c36e94e43,10.21503/sd.v4i1.1581,crossref,2018,Revista Científica Alas Peruanas,Schinus molle,4
pmid:crossref_2c5f6bf446d196e1,crossref_2c5f6bf446d196e1,10.26722/rpmi.2024.v9.n2.773,crossref,2024,Revista Peruana de Medicina Integrativa,Annona muricata,5
pmid:crossref_2c9ed411fdeef335,crossref_2c9ed411fdeef335,10.3989/graellsia.2020.v76.263,crossref,2020,Graellsia,Prosopis pallida,4
pmid:crossref_2ca8ad02ed200faa,crossref_2ca8ad02ed200faa,10.22267/rcia.20234002.207,crossref,2023,Revista de Ciencias Agrícolas,Uncaria guianensis; Uncaria tomentosa,5
pmid:crossref_2d6dc4870a5e55f6,crossref_2d6dc4870a5e55f6,10.15381/idata.v18i2.12100,crossref,2015,Industrial Data,Myrciaria dubia,3
pmid:crossref_2db094cebbf069c7,crossref_2db094cebbf069c7,10.36560/16820231763,crossref,2023,Scientific Electronic Archives,Bixa orellana,4
pmid:crossref_2de4fc5763cce905,crossref_2de4fc5763cce905,10.26439/ing.ind2021.n41.5545,crossref,2021,Ingeniería Industrial,Chenopodium quinoa; Lupinus mutabilis; Prosopis pallida,2
pmid:crossref_2df912ed0ed2e667,crossref_2df912ed0ed2e667,10.5772/intechopen.98179,crossref,2021,Solanum tuberosum - A Promising Crop for Starvation Problem,Solanum tuberosum,4
pmid:crossref_2e3c48deb7e9ab7f,crossref_2e3c48deb7e9ab7f,10.37787/xp1anq08,crossref,2023,Revista Científica Pakamuros,Chenopodium pallidicaule; Chenopodium quinoa,2
pmid:crossref_2e45e4e7ab607f21,crossref_2e45e4e7ab607f21,10.11144/javeriana.10554.12032,crossref,,,Caesalpinia spinosa,4
pmid:crossref_2e4bb7fc9c009e27,crossref_2e4bb7fc9c009e27,10.31910/rudca.v28.n1.2025.2540,crossref,2025,Revista U.D.C.A  Actualidad &amp; Divulgación Científica,Lupinus mutabilis,5
pmid:crossref_2ec952e50707e271,crossref_2ec952e50707e271,10.1111/j.1467-8748.2010.01707.x,crossref,2010,Curtis's Botanical Magazine,Tropaeolum tuberosum,1
pmid:crossref_2ee1a0cce5e634f2,crossref_2ee1a0cce5e634f2,10.26439/ing.ind2015.n033.541,crossref,2015,Ingeniería Industrial,Carica papaya,1
pmid:crossref_2f0a87bcbe38c479,crossref_2f0a87bcbe38c479,10.33128/k.67.2.1,crossref,2026,Krmiva,Matricaria chamomilla,4
pmid:crossref_2f6748cd2a71fae2,crossref_2f6748cd2a71fae2,10.5772/intechopen.104910,crossref,2022,The Toxicity of Environmental Pollutants,Passiflora ligularis,7
pmid:crossref_2f9756cf77dbd930,crossref_2f9756cf77dbd930,10.15381/iigeo.v26i51.25056,crossref,2023,"Revista del Instituto de investigación de la Facultad de minas, metalurgia y ciencias geográficas",Stipa ichu,4
pmid:crossref_2fbe7be905cea7a1,crossref_2fbe7be905cea7a1,10.5867/medwave.2023.s1.uta355,crossref,2023,Medwave,Solanum tuberosum,12
pmid:crossref_3013022cf64c97f2,crossref_3013022cf64c97f2,10.57166/micaela.v6.n1.2025.180,crossref,2025,Micaela Revista de Investigación - UNAMBA,Passiflora edulis; Tropaeolum tuberosum,4
pmid:crossref_3092b968101fc96b,crossref_3092b968101fc96b,10.5994/jei.23.1.30,crossref,2026,Jurnal Entomologi Indonesia,Piper aduncum,4
pmid:crossref_30ce13fb253cc465,crossref_30ce13fb253cc465,10.1096/fasebj.29.1_supplement.lb456,crossref,2015,The FASEB Journal,Croton lechleri,6
pmid:crossref_31847149c4bb9bd3,crossref_31847149c4bb9bd3,10.26722/rpmi.2024.v9.n2.764,crossref,2024,Revista Peruana de Medicina Integrativa,Minthostachys mollis,5
pmid:crossref_32453323efa55ea9,crossref_32453323efa55ea9,10.47328/ufvbbt.2021.256,crossref,,,Bixa orellana,5
pmid:crossref_32699e2e4da6e346,crossref_32699e2e4da6e346,10.32779/gf.6.2-3.4,crossref,2023,Glasilo Future,Taraxacum officinale,5
pmid:crossref_32c6777c3ad5a6c0,crossref_32c6777c3ad5a6c0,10.1111/jfpe.13743,crossref,2021,Journal of Food Process Engineering,Urtica urens,6
pmid:crossref_32d4004751d8c6da,crossref_32d4004751d8c6da,10.21142/tl.2023.3158,crossref,,,Caesalpinia spinosa,6
pmid:crossref_33354ae84989f1a3,crossref_33354ae84989f1a3,10.1590/1981-6723.06323,crossref,2024,Brazilian Journal of Food Technology,Bixa orellana,5
pmid:crossref_3348b111687e7f0f,crossref_3348b111687e7f0f,10.1520/jfs2005121,crossref,2005,Journal of Forensic Sciences,Erythroxylum coca,3
pmid:crossref_33646986201e1f1a,crossref_33646986201e1f1a,10.21897/rta.v21i1.869,crossref,2016,Temas Agrarios,Oxalis tuberosa; Tropaeolum tuberosum,4
pmid:crossref_33a83eece0a60be2,crossref_33a83eece0a60be2,10.58837/chula.the.2008.1048,crossref,,,Psidium guajava,6
pmid:crossref_341feed4b17c60c2,crossref_341feed4b17c60c2,10.56499/jppres24.2021_13.1.227,crossref,2025,Journal of Pharmacy &amp; Pharmacognosy Research,Chuquiraga spinosa,6
pmid:crossref_34ed8c15258c7913,crossref_34ed8c15258c7913,10.3390/app132212233,crossref,2023,Applied Sciences,Brunfelsia grandiflora,6
pmid:crossref_350ebe24f95d5f0d,crossref_350ebe24f95d5f0d,10.1590/1806-908820230000029,crossref,2023,Revista Árvore,Mauritia flexuosa,4
pmid:crossref_35318771fa948e28,crossref_35318771fa948e28,10.31692/978-65-88970-18-8.408-422,crossref,2021,"Inovação, Gestão e Sustentabilidade na Agroindústria – Volume 02",Solanum americanum,6
pmid:crossref_3586493d070c4ad9,crossref_3586493d070c4ad9,10.12681/eadd/51595,crossref,,,Matricaria chamomilla,11
pmid:crossref_360981b6ac2becc4,crossref_360981b6ac2becc4,10.2174/0115734072377335250327064819,crossref,2026,Current Bioactive Compounds,Lepidium meyenii,7
pmid:crossref_361a8c18ed2ecedd,crossref_361a8c18ed2ecedd,10.53390/ijum.2022.15104,crossref,2022,Indian Journal of Unani Medicine,Carica papaya,4
pmid:crossref_3620aacd41b8054e,crossref_3620aacd41b8054e,10.47328/ufvbbt.2022.310,crossref,,,Physalis peruviana,11
pmid:crossref_3631829ba5adea23,crossref_3631829ba5adea23,10.53766/refa/2022.64.01.01,crossref,2022,Revista de la Facultad de Farmacia,Minthostachys mollis,5
pmid:crossref_36365d0bf0f6401f,crossref_36365d0bf0f6401f,10.33859/jpcs.v3i2.239,crossref,2023,Journal Pharmaceutical Care and Sciences,Uncaria tomentosa,7
pmid:crossref_3650df13e33a46e6,crossref_3650df13e33a46e6,10.52904/20.500.12220/17228,crossref,2007,,Eucalyptus globulus,1
pmid:crossref_36c111c3cd8cfcc1,crossref_36c111c3cd8cfcc1,10.33140/scri.06.02.02,crossref,2022,Stem Cell Research International,Solanum tuberosum,4
pmid:crossref_372d727622791fef,crossref_372d727622791fef,10.1890/13-1262.1,crossref,2014,Ecological Applications,Prosopis pallida,7
pmid:crossref_374bd6cb7fbeb4c3,crossref_374bd6cb7fbeb4c3,10.21203/rs.3.rs-16249/v1,crossref,,,Schinus molle,11
pmid:crossref_37976af3bd4ff94d,crossref_37976af3bd4ff94d,10.55905/rdelosv16.n45-010,crossref,2023,DELOS: DESARROLLO LOCAL SOSTENIBLE,Banisteriopsis caapi,5
pmid:crossref_37a4facccc1bd9f0,crossref_37a4facccc1bd9f0,10.24054/limentech.v18i1.321,crossref,2021,"@limentech, Ciencia y Tecnología Alimentaria",Ilex guayusa,4
pmid:crossref_37b0e1b975e6c047,crossref_37b0e1b975e6c047,10.58694/20.500.12479/2149,crossref,,,Physalis peruviana,6
pmid:crossref_37cce516d0814337,crossref_37cce516d0814337,10.21203/rs.3.rs-1637465/v1,crossref,,,Plantago major,5
pmid:crossref_37dd263f25951e9e,crossref_37dd263f25951e9e,10.18273/revion.v33n2-2020002,crossref,2020,Revista ION,Theobroma cacao,5
pmid:crossref_3813ee97d7ea88e9,crossref_3813ee97d7ea88e9,10.24823/nrbge.1978.3144,crossref,1978,Notes from the Royal Botanic Garden Edinburgh,Oxalis tuberosa; Tropaeolum tuberosum,1
pmid:crossref_3827fe17097d3042,crossref_3827fe17097d3042,10.17762/jaz.v44is5.962,crossref,2023,Journal of Advanced Zoology,Passiflora ligularis,5
pmid:crossref_39047f2102886b45,crossref_39047f2102886b45,10.34117/bjdv7n12-621,crossref,2021,Brazilian Journal of Development,Uncaria tomentosa,4
pmid:crossref_3950b591018c3506,crossref_3950b591018c3506,10.1017/s0043174500088809,crossref,1997,Weed Science,Erythroxylum coca,4
pmid:crossref_39c41c743e736c82,crossref_39c41c743e736c82,10.26656/fr.2017.4(6).279,crossref,2020,Food Research,Tagetes minuta,4
pmid:crossref_3a4c62b06eab93ce,crossref_3a4c62b06eab93ce,10.24310/abm.v41i0.2460,crossref,2016,Acta Botanica Malacitana,Oenothera rosea,1
pmid:crossref_3a4e68b65fc83a05,crossref_3a4e68b65fc83a05,10.5994/jei.22.1.52,crossref,2025,Jurnal Entomologi Indonesia,Piper aduncum,5
pmid:crossref_3a9746592f6e0b34,crossref_3a9746592f6e0b34,10.26495/icti.v8i1.1541,crossref,2021,"INGENIERÍA: Ciencia, Tecnología e Innovación",Oxalis tuberosa,3
pmid:crossref_3aaae063ede8f6da,crossref_3aaae063ede8f6da,10.52904/20.500.12220/4876,crossref,2005,,Eucalyptus globulus,3
pmid:crossref_3abaf9d502fc3fbd,crossref_3abaf9d502fc3fbd,10.31055/1851.2372.v53.n2.20537,crossref,2018,Boletín de la Sociedad Argentina de Botánica,Kageneckia lanceolata,4
pmid:crossref_3ac264c2e64fefaf,crossref_3ac264c2e64fefaf,10.21071/az.v64i245.379,crossref,2015,Archivos de Zootecnia,Carica papaya,5
pmid:crossref_3bcd20a6f8dcfedd,crossref_3bcd20a6f8dcfedd,10.23880/aabsc-16000144,crossref,2019,Annals of Advanced Biomedical Sciences,Bixa orellana,5
pmid:crossref_3c271ab6383977e3,crossref_3c271ab6383977e3,10.21142/tl.2020.1462,crossref,,,Piper aduncum; Tessaria integrifolia,5
pmid:crossref_3c3c8ae753310369,crossref_3c3c8ae753310369,10.15381/rpb.v25i3.15216,crossref,2018,Revista Peruana de Biología,Solanum tuberosum,5
pmid:crossref_3c4480ae0a2a8063,crossref_3c4480ae0a2a8063,10.20944/preprints202310.0243.v1,crossref,,,Lupinus mutabilis,5
pmid:crossref_3cab75537d7cb52e,crossref_3cab75537d7cb52e,10.15517/rja5zq95,crossref,2025,Agronomía Costarricense,Chenopodium pallidicaule,5
pmid:crossref_3cd221ad6b393a51,crossref_3cd221ad6b393a51,10.2139/ssrn.6175982,crossref,,,Oenothera rosea,5
pmid:crossref_3d34a7665d1f27f0,crossref_3d34a7665d1f27f0,10.20961/ekuilibrium.v14i1.2062,crossref,2015,EKUILIBIUM,Bixa orellana,3
pmid:crossref_3e2eee6f9a545991,crossref_3e2eee6f9a545991,10.29019/enfoqueute.827,crossref,2022,Enfoque UTE,Minthostachys mollis,4
pmid:crossref_3e397ff10c307c16,crossref_3e397ff10c307c16,10.58532/v3bcag13p1ch22,crossref,2023,IIP Series,Argemone mexicana,5
pmid:crossref_3e5a7781c33efa2c,crossref_3e5a7781c33efa2c,10.28955/alinterizbd.400354,crossref,2018,Alınteri Zirai Bilimler Dergisi,Chenopodium quinoa,3
pmid:crossref_3e7c0b4c1bb44854,crossref_3e7c0b4c1bb44854,10.54753/blc.v13i1.1737,crossref,2023,Bosques Latitud Cero,Juglans neotropica,6
pmid:crossref_3eafbdffe6bc6877,crossref_3eafbdffe6bc6877,10.35839/repis.2.1.209,crossref,2018,Revista Peruana de Investigación en Salud,Croton lechleri,6
pmid:crossref_3ed0d53e9c67cf24,crossref_3ed0d53e9c67cf24,10.21708/bdtd.ppgfito.tese.902,crossref,,,Punica granatum,12
pmid:crossref_3efea2d1406a50f2,crossref_3efea2d1406a50f2,10.51891/rease.v9i9.11088,crossref,2023,"Revista Ibero-Americana de Humanidades, Ciências e Educação",Annona muricata,4
pmid:crossref_3f2accc41c0fd29e,crossref_3f2accc41c0fd29e,10.7287/peerj.preprints.607v1,crossref,,,Azorella compacta,5
pmid:crossref_3f911e1631ec48a6,crossref_3f911e1631ec48a6,10.62183/2026-1-4,crossref,2026,Kazakh history,Plantago major,6
pmid:crossref_3f99abe177e5accf,crossref_3f99abe177e5accf,10.3389/fphar.2026.1772443,crossref,2026,Frontiers in Pharmacology,Senecio nutans,11
pmid:crossref_3fa15bf4195762dd,crossref_3fa15bf4195762dd,10.54207/bsmps2000-2015-orsyj9,crossref,2015,Journal of Non Timber Forest Products,Calendula officinalis,1
pmid:crossref_3fdb82d271e47d36,crossref_3fdb82d271e47d36,10.54495/rev.cientifica.v13i1.328,crossref,2000,Revista Científica,Bixa orellana,6
pmid:crossref_3fdca0e1bd7c886b,crossref_3fdca0e1bd7c886b,10.11646/phytotaxa.523.4.1,crossref,2021,Phytotaxa,Gamochaeta americana,4
pmid:crossref_3feffcc2fbd575b3,crossref_3feffcc2fbd575b3,10.33307/entomon.v48i4.989,crossref,2023,ENTOMON,Tagetes minuta,4
pmid:crossref_4003613c247443ec,crossref_4003613c247443ec,10.24925/turjaf.v8i1.1-6.2508,crossref,2020,Turkish Journal of Agriculture - Food Science and Technology,Rosmarinus officinalis,4
pmid:crossref_4027c18ab12cb03e,crossref_4027c18ab12cb03e,10.51252/raa.v5i2.974,crossref,2025,Revista Agrotecnológica Amazónica,Annona muricata; Mauritia flexuosa,4
pmid:crossref_40582abf59ca312b,crossref_40582abf59ca312b,10.11144/javeriana.10554.3384,crossref,,,Physalis peruviana,7
pmid:crossref_4063e61bb420e913,crossref_4063e61bb420e913,10.5867/medwave.2023.s1.uta107,crossref,2023,Medwave,Ilex guayusa; Uncaria tomentosa,8
pmid:crossref_407b9df9569d3320,crossref_407b9df9569d3320,10.30867/jifs.v2i1.7,crossref,2022,JURNAL ILMIAH FARMASI SIMPLISIA,Smallanthus sonchifolius,5
pmid:crossref_40f61b0b481ac55a,crossref_40f61b0b481ac55a,10.1089/jmf.2012.0216,crossref,2013,Journal of Medicinal Food,Rosmarinus officinalis,6
pmid:crossref_40f92a26e6e2904a,crossref_40f92a26e6e2904a,10.15517/am.v33i3.48750,crossref,2022,Agronomía Mesoamericana,Carica papaya,5
pmid:crossref_41ddb6d5a4edb781,crossref_41ddb6d5a4edb781,10.22267/rcia.213802.164,crossref,2021,Revista de Ciencias Agrícolas,Chenopodium pallidicaule,5
pmid:crossref_41dea706625f487e,crossref_41dea706625f487e,10.47059/ijmtlm/v27i3/331,crossref,2025,International Journal of Medical Toxicology and Legal Medicine,Solanum tuberosum,5
pmid:crossref_43aa8bf90a87554b,crossref_43aa8bf90a87554b,10.53287/qvci5769kx36v,crossref,2023,Revista de Investigación e Innovación Agropecuaria y de Recursos Naturales,Smallanthus sonchifolius,6
pmid:crossref_43db691c7c3b2004,crossref_43db691c7c3b2004,10.47328/ufvbbt.2024.362,crossref,,,Theobroma cacao,7
pmid:crossref_43e16269f6ee822a,crossref_43e16269f6ee822a,10.1590/s0044-59672006000200006,crossref,2006,Acta Amazonica,Uncaria guianensis,3
pmid:crossref_4426cb2d55ba1061,crossref_4426cb2d55ba1061,10.3390/ani11010018,crossref,2020,Animals,Amaranthus caudatus,6
pmid:crossref_442f7366756dd489,crossref_442f7366756dd489,10.1101/2023.07.21.550054,crossref,,,Argemone mexicana,6
pmid:crossref_4437d35cd70f00ce,crossref_4437d35cd70f00ce,10.1177/1934578x0700201211,crossref,2007,Natural Product Communications,Baccharis latifolia,4
pmid:crossref_445b7eac592323d2,crossref_445b7eac592323d2,10.58837/chula.the.2011.792,crossref,,,Morinda citrifolia,7
pmid:crossref_447d2ae0474e0ff4,crossref_447d2ae0474e0ff4,10.1515/znb-1981-0822,crossref,1981,Zeitschrift für Naturforschung B,Matricaria chamomilla,3
pmid:crossref_44a34024e8ab0b08,crossref_44a34024e8ab0b08,10.56451/10334/3743,crossref,2016,,Theobroma cacao,4
pmid:crossref_44b7b8f14d771e84,crossref_44b7b8f14d771e84,10.33859/jpcs.v3i1.234,crossref,2022,Journal Pharmaceutical Care and Sciences,Annona muricata,5
pmid:crossref_44df90b6226e54c8,crossref_44df90b6226e54c8,10.3390/plants12132484,crossref,2023,Plants,Malva sylvestris,5
pmid:crossref_44f19291834000a1,crossref_44f19291834000a1,10.21597/jist.458621,crossref,2018,Iğdır Üniversitesi Fen Bilimleri Enstitüsü Dergisi,Punica granatum,3
pmid:crossref_459510f2fceda0bb,crossref_459510f2fceda0bb,10.52711/2231-5713.2024.00055,crossref,2024,Asian Journal of Pharmacy and Technology,Argemone mexicana,2
pmid:crossref_462438e1d9635686,crossref_462438e1d9635686,10.35429/jesn.2023.23.9.22.27,crossref,2023,Journal of Enviromental Sciences and Natural Resources,Rosmarinus officinalis,3
pmid:crossref_4626aa6ab9dcfc22,crossref_4626aa6ab9dcfc22,10.2174/9789815165043123100014,crossref,2023,Frontiers in Medicinal Chemistry,Aloe vera,4
pmid:crossref_4646a5f85c2e7d2d,crossref_4646a5f85c2e7d2d,10.33202/comuagri.492908,crossref,2020,ÇOMÜ Ziraat Fakültesi Dergisi,Punica granatum,6
pmid:crossref_465fc83603d8ff0f,crossref_465fc83603d8ff0f,10.1111/rec.13848,crossref,2023,Restoration Ecology,Escallonia resinosa,4
pmid:crossref_46b0c9e3096c59ee,crossref_46b0c9e3096c59ee,10.26722/rpmi.2024.v9n3.799,crossref,2024,Revista Peruana de Medicina Integrativa,Croton lechleri,5
pmid:crossref_47bed3b6a6fa2cf3,crossref_47bed3b6a6fa2cf3,10.15381/anales.v73i1.2171,crossref,2013,Anales de la Facultad de Medicina,Passiflora ligularis,5
pmid:crossref_47c44af88416aa61,crossref_47c44af88416aa61,10.21897/rta.4032,crossref,2025,Temas Agrarios,Passiflora edulis,6
pmid:crossref_47e1fdeb649f1065,crossref_47e1fdeb649f1065,10.31579/2693-7247/062,crossref,2022,Pharmaceutics and Pharmacology Research,Passiflora edulis,9
pmid:crossref_47f8ebb698afa428,crossref_47f8ebb698afa428,10.26643/rb.v118i11.11546,crossref,2026,International Journal of Research,Argemone mexicana,5
pmid:crossref_487c43b2d9f47c31,crossref_487c43b2d9f47c31,10.21829/abm133.2026.2539,crossref,2026,Acta Botanica Mexicana,Polylepis incana,5
pmid:crossref_48960114fa24af0a,crossref_48960114fa24af0a,10.29244/jsdh.11.4.137-145,crossref,2025,Jurnal Sumberdaya Hayati,Solanum tuberosum,4
pmid:crossref_489788286c75161a,crossref_489788286c75161a,10.21142/tl.2025.4428,crossref,,,Lepidium meyenii; Solanum tuberosum,5
pmid:crossref_48e8747bd757ee9f,crossref_48e8747bd757ee9f,10.14719/pst.2021.8.4.1334,crossref,2021,Plant Science Today,Psidium guajava,5
pmid:crossref_491f839c2466624d,crossref_491f839c2466624d,10.24127/biolova.v5i1.3897,crossref,2024,BIOLOVA,Uncaria guianensis,5
pmid:crossref_4940209e4263977e,crossref_4940209e4263977e,10.47070/ayushdhara.v8i6.857,crossref,2022,AYUSHDHARA,Matricaria chamomilla,5
pmid:crossref_495dbf6360296ab0,crossref_495dbf6360296ab0,10.1079/isc.9242.20203482896,crossref,,,Bixa orellana,3
pmid:crossref_495e9dd3496ffc81,crossref_495e9dd3496ffc81,10.26722/rpmi.2023.v8n4.758,crossref,2024,Revista Peruana de Medicina Integrativa,Minthostachys mollis,6
pmid:crossref_4994b2c9eb359211,crossref_4994b2c9eb359211,10.17268/agroind.sci.2023.01.04,crossref,2023,Agroindustrial Science,Mauritia flexuosa,4
pmid:crossref_49e1383d31a7fdb3,crossref_49e1383d31a7fdb3,10.26897/978-5-9675-1855-3-2021-192,crossref,2021,International Scientific Conference,Chenopodium quinoa,1
pmid:crossref_4a19566d72cef907,crossref_4a19566d72cef907,10.11144/javeriana.10554.51058,crossref,,,Caesalpinia spinosa,17
pmid:crossref_4a19f63b386e580d,crossref_4a19f63b386e580d,10.59764/ceo.127,crossref,2025,,Baccharis latifolia,4
pmid:crossref_4a78c319820e1bab,crossref_4a78c319820e1bab,10.30843/nzpp.2000.53.3710,crossref,2000,New Zealand Plant Protection,Ullucus tuberosus,3
pmid:crossref_4a9c5dc4174ea764,crossref_4a9c5dc4174ea764,10.15381/ci.v4i1.3389,crossref,2001,Ciencia e Investigación,Minthostachys mollis,3
pmid:crossref_4aacb8b65aa2f1ee,crossref_4aacb8b65aa2f1ee,10.4336/2017.pfb.37.92.1488,crossref,2017,Pesquisa Florestal Brasileira,Copaifera paupera,4
pmid:crossref_4ad1a462cf32af3d,crossref_4ad1a462cf32af3d,10.21930/rcta.vol6_num2_art:52,crossref,2005,Ciencia &amp; Tecnología Agropecuaria,Sambucus peruviana,7
pmid:crossref_4afc480a38e1f458,crossref_4afc480a38e1f458,10.15381/ci.v23i1.18718,crossref,2020,Ciencia e Investigación,Minthostachys mollis,4
pmid:crossref_4b4d2f14876b39ce,crossref_4b4d2f14876b39ce,10.15237/gida.gd20078,crossref,2020,Gıda,Punica granatum,3
pmid:crossref_4b80e49268411402,crossref_4b80e49268411402,10.6001/biologija.v64i4.3904,crossref,2019,Biologija,Amaranthus caudatus,4
pmid:crossref_4ba61c02687872ab,crossref_4ba61c02687872ab,10.57188/manglar.2023.040,crossref,2023,Manglar,Schinus molle,5
pmid:crossref_4c4b7f34945756e3,crossref_4c4b7f34945756e3,10.21597/jist.631050,crossref,2020,Iğdır Üniversitesi Fen Bilimleri Enstitüsü Dergisi,Chenopodium quinoa,3
pmid:crossref_4c61c7d093f017ef,crossref_4c61c7d093f017ef,10.29048/makufebed.637515,crossref,2019,Mehmet Akif Ersoy Üniversitesi Fen Bilimleri Enstitüsü Dergisi,Punica granatum,4
pmid:crossref_4c6e97b656c7b1f9,crossref_4c6e97b656c7b1f9,10.15446/rcciquifa.v53n2.114449,crossref,2024,Revista Colombiana de Ciencias Químico-Farmacéuticas,Schinus molle,6
pmid:crossref_4cbf4747734394d1,crossref_4cbf4747734394d1,10.1002/ptr.2650080308,crossref,1994,Phytotherapy Research,Equisetum bogotense,4
pmid:crossref_4ccbe4314e1296da,crossref_4ccbe4314e1296da,10.29313/bcsms.v6i1.22411,crossref,2026,Bandung Conference Series: Medical Science,Smallanthus sonchifolius,9
pmid:crossref_4d12335ad7701298,crossref_4d12335ad7701298,10.29233/sdufeffd.616809,crossref,2019,Süleyman Demirel Üniversitesi Fen Edebiyat Fakültesi Fen Dergisi,Punica granatum,5
pmid:crossref_4d6264f9a1d1ad12,crossref_4d6264f9a1d1ad12,10.17268/rev.cyt.2022.01.14,crossref,2022,Revista Ciencia y Tecnología,Caesalpinia spinosa,4
pmid:crossref_4dcafb359f290337,crossref_4dcafb359f290337,10.9734/jamb/2025/v25i121028,crossref,2025,Journal of Advances in Microbiology,Argemone mexicana,8
pmid:crossref_4ee288c2c135b434,crossref_4ee288c2c135b434,10.21142/tl.2013.243,crossref,,,Theobroma cacao,7
pmid:crossref_4f183f9518a1bb58,crossref_4f183f9518a1bb58,10.24841/fa.v14i2.147,crossref,2005,Folia Amazónica,Myrciaria dubia,7
pmid:crossref_4f6a8f64ee7323a9,crossref_4f6a8f64ee7323a9,10.17268/sci.agropecu.2026.031,crossref,2026,Scientia Agropecuaria,Minthostachys mollis,6
pmid:crossref_4f9b3430cc3e566a,crossref_4f9b3430cc3e566a,10.3390/antibiotics10070799,crossref,2021,Antibiotics,Krameria lappacea,1
pmid:crossref_4fb7ec985f1abb96,crossref_4fb7ec985f1abb96,10.1614/ws-d-15-00205.1,crossref,2016,Weed Science,Urtica urens,6
pmid:crossref_507a481aa6d46f06,crossref_507a481aa6d46f06,10.31644/imasd.35.2024.a02,crossref,2024,Revista Espacio I+D Innovación más Desarrollo,Verbena litoralis,5
pmid:crossref_511ddf39fd75ea67,crossref_511ddf39fd75ea67,10.32999/ksu1990-553x/2019-15-2-3,crossref,2018,CHORNOMORSKI  BOTANICAL  JOURNAL,Origanum vulgare,5
pmid:crossref_512145413814208c,crossref_512145413814208c,10.22270/jddt.v14i6.6567,crossref,2024,Journal of Drug Delivery and Therapeutics,Urtica urens,5
pmid:crossref_5134c9a85bfca9b8,crossref_5134c9a85bfca9b8,10.22219/farmasains.v7i1.18134,crossref,2022,Farmasains : Jurnal Farmasi dan Ilmu Kesehatan,Cinchona officinalis,4
pmid:crossref_5137b030d2c011e1,crossref_5137b030d2c011e1,10.36103/ijas.v51i3.1049,crossref,2020,IRAQI JOURNAL OF AGRICULTURAL SCIENCES,Plantago major,5
pmid:crossref_5148cbc1f7f57746,crossref_5148cbc1f7f57746,10.1590/0103-8478cr20150138,crossref,2016,Ciência Rural,Uncaria guianensis; Uncaria tomentosa,4
pmid:crossref_51771028594a36fb,crossref_51771028594a36fb,10.26439/ing.ind2020.n039.4922,crossref,2020,Ingeniería Industrial,Plukenetia volubilis,2
pmid:crossref_51b260f3d3f7b996,crossref_51b260f3d3f7b996,10.29313/bcsp.v3i2.8912,crossref,2023,Bandung Conference Series: Pharmacy,Calendula officinalis,7
pmid:crossref_52b745b810a641dc,crossref_52b745b810a641dc,10.15381/os.v15i1.2829,crossref,2014,Odontología Sanmarquina,Caesalpinia spinosa,4
pmid:crossref_53185ef63afa8a5e,crossref_53185ef63afa8a5e,10.55549/zbs.1564629,crossref,2025,Zeugma Biological Science,Taraxacum officinale,1
pmid:crossref_531aed5b71fba457,crossref_531aed5b71fba457,10.21704/pja.v9i1.2028,crossref,2025,Peruvian Journal of Agronomy,Physalis peruviana,4
pmid:crossref_53be869067b8046d,crossref_53be869067b8046d,10.54943/ricci.v2i2.219,crossref,2022,Revista Científica Ciencias Ingenieriles,Stipa ichu,4
pmid:crossref_53efe7c82eac3b5a,crossref_53efe7c82eac3b5a,10.37885/230212224,crossref,2023,Ciências Agrárias: limites e potencialidades em pesquisa,Uncaria guianensis,3
pmid:crossref_54193acd77005e79,crossref_54193acd77005e79,10.55475/jcgtm/vol4.iss4.2025.517,crossref,2025,Journal of Chemistry of Goods and Traditional Medicine,Calendula officinalis,3
pmid:crossref_541adf85480e352b,crossref_541adf85480e352b,10.53287/xqbs7856zc26j,crossref,2023,Revista de Investigación e Innovación Agropecuaria y de Recursos Naturales,Chenopodium pallidicaule,8
pmid:crossref_541bb779882fc278,crossref_541bb779882fc278,10.60100/bciv.v5i1.196,crossref,2025,Boletín Científico Ideas y Voces,Theobroma cacao,4
pmid:crossref_5455e5aa33046799,crossref_5455e5aa33046799,10.17268/agroind.sci.2023.02.06,crossref,2023,Agroindustrial Science,Lupinus mutabilis,4
pmid:crossref_549469895c196553,crossref_549469895c196553,10.25127/ucni.v3i3.634,crossref,2021,Revista Científica UNTRM: Ciencias Naturales e Ingeniería,Gamochaeta americana,5
pmid:crossref_54b9d7b3cfc377d8,crossref_54b9d7b3cfc377d8,10.31830/2454-1761.2026.cr-1090,crossref,2026,Crop Research,Chenopodium quinoa,5
pmid:crossref_54c6cb229e2189cd,crossref_54c6cb229e2189cd,10.56238/arev7n9-316,crossref,2025,ARACÊ,Mauritia flexuosa,4
pmid:crossref_54cac4b5fe9e1b1b,crossref_54cac4b5fe9e1b1b,10.21203/rs.3.rs-4990923/v1,crossref,,,Caesalpinia spinosa,4
pmid:crossref_54ed1ac38e1f2e8d,crossref_54ed1ac38e1f2e8d,10.18502/pbr.v4i2.214,crossref,2018,Pharmaceutical and Biomedical Research,Calendula officinalis,4
pmid:crossref_5501be837fc3f1ec,crossref_5501be837fc3f1ec,10.1079/fc.34854.20210115060,crossref,,,Morinda citrifolia,1
pmid:crossref_55c5302ffec89783,crossref_55c5302ffec89783,10.71701/p2g68z98,crossref,2015,Revista I+i,Physalis peruviana,3
pmid:crossref_5602682f6432891a,crossref_5602682f6432891a,10.7897/2321-6328.112174,crossref,2023,Journal of Biological &amp; Scientific Opinion,Calendula officinalis,5
pmid:crossref_56a244e1b6ff1008,crossref_56a244e1b6ff1008,10.21704/rfp.v37i2.1952,crossref,2022,Revista Forestal del Perú,Erythroxylum coca,5
pmid:crossref_57184b4575e7af0a,crossref_57184b4575e7af0a,10.15835/hpm.v30i1-2.14459,crossref,2022,Hop and Medicinal Plants,Malva sylvestris,5
pmid:crossref_575910f5983d68b8,crossref_575910f5983d68b8,10.15446/rev.colomb.biote.v22n1.70949,crossref,2020,Revista Colombiana de Biotecnología,Prosopis pallida,6
pmid:crossref_57a7b209b9411070,crossref_57a7b209b9411070,10.3390/agriculture10120644,crossref,2020,Agriculture,Chenopodium quinoa,5
pmid:crossref_57c36d60e93199eb,crossref_57c36d60e93199eb,10.24323/akademik-gida.613590,crossref,2019,Akademik Gıda,Punica granatum,4
pmid:crossref_57dbbca1710e7bd8,crossref_57dbbca1710e7bd8,10.35622/j.rca.2026.01.002,crossref,2026,Revista Ciencia Agraria,Polylepis incana,4
pmid:crossref_5850f530ed5260dc,crossref_5850f530ed5260dc,10.18231/j.jpbs.2022.012,crossref,2023,Journal of Pharmaceutical and Biological Sciences,Bixa orellana,5
pmid:crossref_587291121f377031,crossref_587291121f377031,10.28941/pjwsr.v28i2.1049,crossref,2022,JOURNAL OF WEED SCIENCE RESEARCH,Chenopodium quinoa,5
pmid:crossref_58c27ec992e7ab5a,crossref_58c27ec992e7ab5a,10.24841/fa.v27i2.450,crossref,2018,Folia Amazónica,Myrciaria dubia,5
pmid:crossref_58d3430a4976e416,crossref_58d3430a4976e416,10.20944/preprints202307.1800.v1,crossref,,,Juglans neotropica,4
pmid:crossref_58e99d45b3d41c5e,crossref_58e99d45b3d41c5e,10.1111/j.1755-0998.2009.02542.x,crossref,2009,Molecular Ecology Resources,Plantago major,3
pmid:crossref_59346f39f50aa483,crossref_59346f39f50aa483,10.15446/rcciquifa.v54n3.117462,crossref,2025,Revista Colombiana de Ciencias Químico-Farmacéuticas,Eucalyptus globulus,4
pmid:crossref_596840388e57c41b,crossref_596840388e57c41b,10.26807/remcb.v36i1-2.64,crossref,2017,Revista Ecuatoriana de Medicina y Ciencias Biológicas,Cinchona officinalis,5
pmid:crossref_5969b1a0d5ac528b,crossref_5969b1a0d5ac528b,10.3390/agronomy13102531,crossref,2023,Agronomy,Juglans neotropica,4
pmid:crossref_5a27be98737b4014,crossref_5a27be98737b4014,10.14704/nq.2022.20.1.nq22260,crossref,2022,NeuroQuantology,Lepidium meyenii,7
pmid:crossref_5a6dea568e833a10,crossref_5a6dea568e833a10,10.25127/rcsh.20181.275,crossref,2018,Revista Científica UNTRM: Ciencias Sociales y Humanidades,Juglans neotropica; Tagetes elliptica,5
pmid:crossref_5b578f6850a6ff68,crossref_5b578f6850a6ff68,10.22270/jddt.v13i1.5878,crossref,2023,Journal of Drug Delivery and Therapeutics,Amaranthus caudatus,6
pmid:crossref_5b912a0c6e13b433,crossref_5b912a0c6e13b433,10.5994/jei.10.1.39,crossref,2015,Jurnal Entomologi Indonesia,Piper aduncum,5
pmid:crossref_5bc5e6b577309c2e,crossref_5bc5e6b577309c2e,10.29244/jhi.5.3.175-182,crossref,2015,Jurnal Hortikultura Indonesia,Solanum americanum,7
pmid:crossref_5c0d52d5830bed02,crossref_5c0d52d5830bed02,10.21071/c3b.vi6.18688,crossref,2025,C3-BIOECONOMY: Circular and Sustainable Bioeconomy,Physalis peruviana,4
pmid:crossref_5c28b4253832e9d9,crossref_5c28b4253832e9d9,10.11646/zoosymposia.22.1.148,crossref,2022,Zoosymposia,Tagetes minuta,8
pmid:crossref_5c3ae068f220921b,crossref_5c3ae068f220921b,10.37711/rpcs.2020.2.2.120,crossref,2020,Revista Peruana de Ciencias de la Salud,Psidium guajava,5
pmid:crossref_5c5ab30208314dd7,crossref_5c5ab30208314dd7,10.15359/rca.52-1.3,crossref,2017,Revista de Ciencias Ambientales,Prosopis pallida,6
pmid:crossref_5c722331a1e2ec3e,crossref_5c722331a1e2ec3e,10.54753/blc.v13i2.1881,crossref,2023,Bosques Latitud Cero,Juglans neotropica,4
pmid:crossref_5c933a5514689fc3,crossref_5c933a5514689fc3,10.32645/13906852.1238,crossref,2023,Visión Empresarial,Lupinus mutabilis,5
pmid:crossref_5ce06c736afdb678,crossref_5ce06c736afdb678,10.7818/ecos.2230,crossref,2021,Ecosistemas,Mauritia flexuosa,5
pmid:crossref_5ce0f02d8aa22c3c,crossref_5ce0f02d8aa22c3c,10.37090/jfl.v13i2.1629,crossref,2024,JFL : Jurnal Farmasi Lampung,Smallanthus sonchifolius,7
pmid:crossref_5d05eb3732d27f72,crossref_5d05eb3732d27f72,10.47192/rcs.v2i1.58,crossref,2021,SENDAS,Sambucus peruviana,8
pmid:crossref_5d90056ca7495000,crossref_5d90056ca7495000,10.30862/jn.v5i1.705,crossref,2008,Jurnal Natural,Carica papaya,4
pmid:crossref_5d9684b7525c74c2,crossref_5d9684b7525c74c2,10.1111/j.1442-9993.2004.01386.x,crossref,2004,Austral Ecology,Azorella compacta,4
pmid:crossref_5d9f12a23c799aa0,crossref_5d9f12a23c799aa0,10.33952/2542-0720-2020-5-9-10-70,crossref,2020,"PROCEEDINGS OF V INTERNATIONAL SCIENTIFIC CONFERENCE “CURRENT STATE, PROBLEMS AND PROSPECTS OF THE DEVELOPMENT OF AGRARIAN SCIENCE”",Origanum vulgare,3
pmid:crossref_5dc8099621b3d296,crossref_5dc8099621b3d296,10.1590/s0100-204x2011000400007,crossref,2011,Pesquisa Agropecuária Brasileira,Piper aduncum,3
pmid:crossref_5e605fc48ec2fadf,crossref_5e605fc48ec2fadf,10.1079/fc.9242.20210113777,crossref,,,Bixa orellana,6
pmid:crossref_5e6642c4369eaa13,crossref_5e6642c4369eaa13,10.3390/beverages10030055,crossref,2024,Beverages,Smallanthus sonchifolius,4
pmid:crossref_5ea062171c7a8a28,crossref_5ea062171c7a8a28,10.1163/22941932-90000112,crossref,2005,IAWA Journal,Eucalyptus globulus,5
pmid:crossref_5ec1fc81fc6894a4,crossref_5ec1fc81fc6894a4,10.26788/riepg.v6i2.31,crossref,2017,Revista de Investigaciones,Minthostachys mollis,6
pmid:crossref_5f4e679858b1cd44,crossref_5f4e679858b1cd44,10.37761/rsqp.v82i1.50,crossref,2016,Revista de la Sociedad Química del Perú,Lepidium meyenii,3
pmid:crossref_5f7263305da8277f,crossref_5f7263305da8277f,10.21597/jist.1249412,crossref,2023,Iğdır Üniversitesi Fen Bilimleri Enstitüsü Dergisi,Rosmarinus officinalis,6
pmid:crossref_5fcb9472e5a69887,crossref_5fcb9472e5a69887,10.15381/ci.v18i2.13610,crossref,2015,Ciencia e Investigación,Clinopodium bolivianum,5
pmid:crossref_6118206dc0bb179a,crossref_6118206dc0bb179a,10.47583/ijpsrr.2021.v67i02.003,crossref,2021,International Journal of Pharmaceutical Sciences Review and Research,Psidium guajava,4
pmid:crossref_6154b980b071585c,crossref_6154b980b071585c,10.22487/j24428744.2024.v10.i1.16454,crossref,2024,Jurnal Farmasi Galenika (Galenika Journal of Pharmacy) (e-Journal),Taraxacum officinale,5
pmid:crossref_617b8600b8292e78,crossref_617b8600b8292e78,10.1055/a-1272-2903,crossref,2020,Planta Medica International Open,Rosmarinus officinalis,5
pmid:crossref_61b8bebfc1939cfc,crossref_61b8bebfc1939cfc,10.3166/phyto-2019-0144,crossref,2018,Phytothérapie,Opuntia ficus-indica,3
pmid:crossref_61ddc0ff27c8bc91,crossref_61ddc0ff27c8bc91,10.1055/s-0043-106742,crossref,2017,Planta Medica International Open,Matricaria chamomilla,4
pmid:crossref_61fc3fff8a49849d,crossref_61fc3fff8a49849d,10.29019/enfoqueute.730,crossref,2021,Enfoque UTE,Minthostachys mollis,5
pmid:crossref_6203b8f3816abb5f,crossref_6203b8f3816abb5f,10.21273/hortsci.25.11.1407,crossref,1990,HortScience,Solanum americanum,5
pmid:crossref_623a72cb4ddcf235,crossref_623a72cb4ddcf235,10.24843/jchem.2018.v12.i02.p10,crossref,2018,Jurnal Kimia,Physalis peruviana,5
pmid:crossref_623cca46fad470df,crossref_623cca46fad470df,10.71068/8g09vn13,crossref,2025,Sapiens International Multidisciplinary Journal,Uncaria tomentosa,5
pmid:crossref_62bb93f60db38523,crossref_62bb93f60db38523,10.46876/ja.1721441,crossref,2025,Journal of Agriculture,Plantago major,5
pmid:crossref_62eb97d80c0e25af,crossref_62eb97d80c0e25af,10.69617/nuuz.v3i3.2.1.5800,crossref,2025,UzMU xabarlari,Plantago major,1
pmid:crossref_636a022c21ab0f38,crossref_636a022c21ab0f38,10.34907/jpqai.2020.82.52.003,crossref,2020,Вопросы обеспечения качества лекарственных средств,Calendula officinalis,5
pmid:crossref_63b86ae383a6cfc5,crossref_63b86ae383a6cfc5,10.33890/innova.v1.n12.2016.82,crossref,2016,INNOVA Research Journal,Ullucus tuberosus,6
pmid:crossref_63de6833403504ac,crossref_63de6833403504ac,10.18779/cyt.v13i1.350,crossref,2020,Ciencia y Tecnología,Juglans neotropica,5
pmid:crossref_64075d0e8a472b2e,crossref_64075d0e8a472b2e,10.51415/10321/2734,crossref,,,Calendula officinalis,1
pmid:crossref_641ae4cab189f6c9,crossref_641ae4cab189f6c9,10.53555/kuey.v30i6.5033,crossref,2024,Educational Administration: Theory and Practice,Amaranthus caudatus,5
pmid:crossref_64865cb99552f055,crossref_64865cb99552f055,10.17268/sci.agropecu.2022.037,crossref,2022,Scientia Agropecuaria,Carica papaya,5
pmid:crossref_64a1ee88f76558de,crossref_64a1ee88f76558de,10.11598/btb.2013.20.1.288,crossref,2013,BIOTROPIA,Carica papaya,6
pmid:crossref_64ae41c785e2efc1,crossref_64ae41c785e2efc1,10.33564/ijeast.2022.v07i06.037,crossref,2022,International Journal of Engineering Applied Sciences and Technology,Psidium guajava,6
pmid:crossref_64c92d49f63fd703,crossref_64c92d49f63fd703,10.32645/26028131.1303,crossref,2024,Tierra Infinita,Physalis peruviana,3
pmid:crossref_64d7fe07147a1a84,crossref_64d7fe07147a1a84,10.71097/ijsat.v16.i1.1892,crossref,2025,International Journal on Science and Technology,Aloe vera,3
pmid:crossref_6516e51425ac08f2,crossref_6516e51425ac08f2,10.17268/sci.agropecu.2021.029,crossref,2021,Scientia Agropecuaria,Caesalpinia spinosa,4
pmid:crossref_65201699236ea786,crossref_65201699236ea786,10.22445/avsp.v5i01.9857,crossref,2017,Anusandhaan - Vigyaan Shodh Patrika,Aloe vera,3
pmid:crossref_65812c66f7d1b1fe,crossref_65812c66f7d1b1fe,10.47552/ijam.v15i1.4359,crossref,2024,International Journal of Ayurvedic Medicine,Argemone mexicana,5
pmid:crossref_65b1dc450124d515,crossref_65b1dc450124d515,10.22159/ijcpr.2020v12i2.37495,crossref,2020,International Journal of Current Pharmaceutical Research,Baccharis latifolia,6
pmid:crossref_65c2b2c1ace76a59,crossref_65c2b2c1ace76a59,10.3390/d13050182,crossref,2021,Diversity,Ilex guayusa,4
pmid:crossref_65cb4ed54ecc4f14,crossref_65cb4ed54ecc4f14,10.37090/x4wcdm12,crossref,2025,JFL : Jurnal Farmasi Lampung,Punica granatum,5
pmid:crossref_663d036072646283,crossref_663d036072646283,10.1515/znb-1982-0420,crossref,1982,Zeitschrift für Naturforschung B,Matricaria chamomilla,2
pmid:crossref_667fd2ea8c9704c8,crossref_667fd2ea8c9704c8,10.37065/rem.v5i3.359,crossref,2019,Revista Experiencia en Medicina del Hospital Regional Lambayeque,Eucalyptus globulus,4
pmid:crossref_669b649fb5d3c4aa,crossref_669b649fb5d3c4aa,10.29296/24999490-2024-02-09,crossref,2024,Molekulyarnaya Meditsina (Molecular medicine),Solanum tuberosum,5
pmid:crossref_66b0574964f3e789,crossref_66b0574964f3e789,10.15381/rpb.v19i3.997,crossref,2012,Revista Peruana de Biología,Piper aduncum,4
pmid:crossref_66d8396d52070065,crossref_66d8396d52070065,10.26722/rpmi.2025.v10n2.825,crossref,2025,Revista Peruana de Medicina Integrativa,Minthostachys mollis,4
pmid:crossref_66f0c62fce0d3c6d,crossref_66f0c62fce0d3c6d,10.37779/nt.v25i2.4891,crossref,2024,Disciplinarum Scientia - Ciências Naturais e Tecnológicas,Oenothera rosea,3
pmid:crossref_6709be52fe454638,crossref_6709be52fe454638,10.24841/fa.v27i1.438,crossref,2018,Folia Amazónica,Theobroma cacao,5
pmid:crossref_673c489f5e9d7cd1,crossref_673c489f5e9d7cd1,10.1590/2236-8906-56-2021,crossref,2022,Hoehnea,Morinda citrifolia,4
pmid:crossref_6782c45e8a869572,crossref_6782c45e8a869572,10.58532/v3bfbt1p1ch20,crossref,2022,IIP series,Aloe vera,3
pmid:crossref_6831d02e2b49f18e,crossref_6831d02e2b49f18e,10.15446/agron.colomb.v40n1.98112,crossref,2022,Agronomía Colombiana,Passiflora ligularis,4
pmid:crossref_68ce6c9828f57af6,crossref_68ce6c9828f57af6,10.29121/granthaalayah.v3.i11.2015.2913,crossref,2015,International Journal of Research -GRANTHAALAYAH,Aloe vera,1
pmid:crossref_68e310058d0d7584,crossref_68e310058d0d7584,10.1111/rec.14276,crossref,2025,Restoration Ecology,Polylepis incana,5
pmid:crossref_68fb45280e8c3cfc,crossref_68fb45280e8c3cfc,10.26848/rbgf.v12.4.p1252-1258,crossref,2019,Revista Brasileira de Geografia Física,Mauritia flexuosa,6
pmid:crossref_69353abd2971d631,crossref_69353abd2971d631,10.2174/9789815196146124010006,crossref,2024,Micropropagation of Medicinal Plants,Aloe vera,3
pmid:crossref_6984adde1154c910,crossref_6984adde1154c910,10.47187/perf.v1i32.299,crossref,2024,Perfiles,Juglans neotropica,5
pmid:crossref_699322b82eba7516,crossref_699322b82eba7516,10.1155/2021/8867400,crossref,2021,Journal of Chemistry,Malva sylvestris,7
pmid:crossref_69f218be7f1e5533,crossref_69f218be7f1e5533,10.51343/rq.v16i2.1965,crossref,2026,Q'EUÑA,Gentianella alborosea,3
pmid:crossref_6a59dc0017cb1fd4,crossref_6a59dc0017cb1fd4,10.29312/remexca.v12i3.2599,crossref,2021,Revista Mexicana de Ciencias Agrícolas,Tropaeolum tuberosum,5
pmid:crossref_6a9c62215d94f2e5,crossref_6a9c62215d94f2e5,10.51343/rq.v9i2.586,crossref,2021,Q'EUÑA,Eucalyptus globulus,5
pmid:crossref_6b1621fed19198e3,crossref_6b1621fed19198e3,10.30574/gscbps.2022.21.3.0451,crossref,2022,GSC Biological and Pharmaceutical Sciences,Calendula officinalis,3
pmid:crossref_6b20685c279784c4,crossref_6b20685c279784c4,10.30574/gscbps.2024.27.2.0177,crossref,2024,GSC Biological and Pharmaceutical Sciences,Passiflora edulis,4
pmid:crossref_6b390a7535892c9b,crossref_6b390a7535892c9b,10.17268/agroind.sci.2022.02.09,crossref,2022,Agroindustrial Science,Opuntia ficus-indica,5
pmid:crossref_6b40452322e05800,crossref_6b40452322e05800,10.1079/fc.37714.20210115260,crossref,,,Opuntia ficus-indica,3
pmid:crossref_6b98abc9f959426d,crossref_6b98abc9f959426d,10.32734/dentika.v19i2.409,crossref,2016,Dentika: Dental Journal,Morinda citrifolia,5
pmid:crossref_6beb4d91ad2d8ced,crossref_6beb4d91ad2d8ced,10.15381/anales.v77i4.12646,crossref,2016,Anales de la Facultad de Medicina,Banisteriopsis caapi; Psychotria viridis,6
pmid:crossref_6c30205f3bc010a8,crossref_6c30205f3bc010a8,10.1055/a-1186-2400,crossref,2020,Planta Medica International Open,Matricaria chamomilla,5
pmid:crossref_6ceaa7682f52d5aa,crossref_6ceaa7682f52d5aa,10.37317/biul-2006-0060,crossref,2006,Biuletyn Instytutu Hodowli i Aklimatyzacji Roślin,Lupinus mutabilis,5
pmid:crossref_6cf30992130193c2,crossref_6cf30992130193c2,10.3390/plants10112279,crossref,2021,Plants,Chenopodium quinoa,4
pmid:crossref_6d1800f969be2de7,crossref_6d1800f969be2de7,10.3390/polysaccharides6010018,crossref,2025,Polysaccharides,Clinopodium bolivianum,4
pmid:crossref_6d2fe9ae05d725fd,crossref_6d2fe9ae05d725fd,10.62480/tjms.2023.vol26.pp172-173,crossref,2023,Texas Journal of Medical Science,Aloe vera,1
pmid:crossref_6d47bf80c5413c72,crossref_6d47bf80c5413c72,10.15381/rpb.v15i1.1678,crossref,2008,Revista Peruana de Biología,Solanum tuberosum,4
pmid:crossref_6d897c952fe20650,crossref_6d897c952fe20650,10.15381/rpb.v32i4.30838,crossref,2025,Revista Peruana de Biología,Oxalis tuberosa,4
pmid:crossref_6dac0551bff8b26a,crossref_6dac0551bff8b26a,10.15381/ci.v19i2.13632,crossref,2017,Ciencia e Investigación,Chuquiraga spinosa,5
pmid:crossref_6dfdcc55334943e2,crossref_6dfdcc55334943e2,10.69639/arandu.v12i3.1296,crossref,2025,Arandu UTIC,Schinus molle,4
pmid:crossref_6f2f606205d95b1f,crossref_6f2f606205d95b1f,10.53941/jmnp.2025.100023,crossref,2025,Journal of Medicinal Natural Products,Origanum vulgare,5
pmid:crossref_6fd130e0355a5402,crossref_6fd130e0355a5402,10.14483/23448393.21059,crossref,2024,Ingeniería,Tropaeolum tuberosum,7
pmid:crossref_702b5ba7bacb2d29,crossref_702b5ba7bacb2d29,10.31015/2025.1.10,crossref,2025,International Journal of Agriculture Environment and Food Sciences,Matricaria chamomilla,4
pmid:crossref_703fafe0fbf4f788,crossref_703fafe0fbf4f788,10.52711/0974-360x.2025.00255,crossref,2025,Research Journal of Pharmacy and Technology,Rosmarinus officinalis,5
pmid:crossref_704a3e3357c110d4,crossref_704a3e3357c110d4,10.18273/revion.v34n1-2021008,crossref,2021,Revista ION,Calendula officinalis,4
pmid:crossref_7062340a7855a45e,crossref_7062340a7855a45e,10.5772/intechopen.98554,crossref,2021,Solanum tuberosum - A Promising Crop for Starvation Problem,Solanum tuberosum,4
pmid:crossref_70b68df17c0762b6,crossref_70b68df17c0762b6,10.14483/23448393.15329,crossref,2020,Ingeniería,Sambucus peruviana,7
pmid:crossref_70c7132c1f347a88,crossref_70c7132c1f347a88,10.20324/nelumbo/v22/1980/75423,crossref,2024,Nelumbo,Argemone mexicana,1
pmid:crossref_717e74fbf9702e52,crossref_717e74fbf9702e52,10.51415/10321/3802,crossref,,,Opuntia ficus-indica,10
pmid:crossref_7185605229cca736,crossref_7185605229cca736,10.37811/cli_w945,crossref,2023,,Myrciaria dubia,1
pmid:crossref_71e4be1954900a68,crossref_71e4be1954900a68,10.25258/ijddt.16.8s.96,crossref,2026,International Journal of Drug Delivery Technology,Punica granatum,7
pmid:crossref_71e8c7d7a612dcf6,crossref_71e8c7d7a612dcf6,10.33140/jcrc.05.03.06,crossref,2020,Journal of Clinical Review &amp; Case Reports,Aloe vera; Argemone mexicana,5
pmid:crossref_725f43ce231545f2,crossref_725f43ce231545f2,10.35537/10915/100600,crossref,,,Lepidium meyenii,8
pmid:crossref_726c3a65e4367b8e,crossref_726c3a65e4367b8e,10.1111/j.1744-7348.1982.tb00802.x,crossref,1982,Annals of Applied Biology,Ullucus tuberosus,6
pmid:crossref_72d7baac672f1b66,crossref_72d7baac672f1b66,10.37090/jfl.v13i2.1908,crossref,2024,JFL : Jurnal Farmasi Lampung,Annona muricata,7
pmid:crossref_731a2226ba286af9,crossref_731a2226ba286af9,10.15381/os.v19i1.12175,crossref,2016,Odontología Sanmarquina,Caesalpinia spinosa,4
pmid:crossref_73b86ead5ad84ed3,crossref_73b86ead5ad84ed3,10.58837/chula.the.2005.922,crossref,,,Psidium guajava,8
pmid:crossref_73c73bd72c555722,crossref_73c73bd72c555722,10.58837/chula.the.2007.1497,crossref,,,Morinda citrifolia,5
pmid:crossref_740685c2adfb9c0e,crossref_740685c2adfb9c0e,10.33996/revistaalfa.v5i13.102,crossref,2021,Revista Alfa,Xenophyllum poposum,5
pmid:crossref_755af0f29ee64c10,crossref_755af0f29ee64c10,10.19159/tutad.510962,crossref,2019,Türkiye Tarımsal Araştırmalar Dergisi,Solanum tuberosum,5
pmid:crossref_760679cad36a3832,crossref_760679cad36a3832,10.1002/ffj.1204,crossref,2003,Flavour and Fragrance Journal,Senecio nutans,3
pmid:crossref_76aab6f6d54a2e9b,crossref_76aab6f6d54a2e9b,10.12681/eadd/55291,crossref,,,Origanum vulgare,28
pmid:crossref_776d12eedf10bb0e,crossref_776d12eedf10bb0e,10.36728/afp.v25i2.5424,crossref,2025,JURNAL ILMIAH AGRINECA,Plukenetia volubilis,5
pmid:crossref_77b8bd1b717c5778,crossref_77b8bd1b717c5778,10.22214/ijraset.2025.70038,crossref,2025,International Journal for Research in Applied Science and Engineering Technology,Argemone mexicana,4
pmid:crossref_77e9c4ef45740a8f,crossref_77e9c4ef45740a8f,10.32529/glasser.v2i2.19,crossref,2018,JURNAL PENDIDIKAN GLASSER,Morinda citrifolia,3
pmid:crossref_787481dd188a05c4,crossref_787481dd188a05c4,10.25077/jfmp.1.1.1-4.2020,crossref,2020,The Journal of Food and Medicinal Plants,Uncaria tomentosa,2
pmid:crossref_78a6e56a3893bb76,crossref_78a6e56a3893bb76,10.48165/bpas.2023.43.1.7,crossref,2023,Library Progress (International),Annona muricata,4
pmid:crossref_78f9757299e4278d,crossref_78f9757299e4278d,10.47606/acven/mv0135,crossref,2022,Más Vita,Smallanthus sonchifolius,11
pmid:crossref_7915492a9b118aa3,crossref_7915492a9b118aa3,10.38150/sajeb.11(3).p327-336,crossref,2021,South Asian Journal of Experimental Biology,Urtica urens,5
pmid:crossref_79449065eb700569,crossref_79449065eb700569,10.15381/ci.v15i2.2660,crossref,2012,Ciencia e Investigación,Brunfelsia grandiflora,5
pmid:crossref_797f1d54cc82ef71,crossref_797f1d54cc82ef71,10.58837/chula.the.2008.912,crossref,,,Psidium guajava,10
pmid:crossref_7988377a1d708d78,crossref_7988377a1d708d78,10.21142/tb.2020.1090,crossref,,,Urtica urens,4
pmid:crossref_79b7f66596d41b13,crossref_79b7f66596d41b13,10.2139/ssrn.6304001,crossref,,,Rosmarinus officinalis,5
pmid:crossref_79f9cff0fdd890ca,crossref_79f9cff0fdd890ca,10.29133/yyutbd.689862,crossref,2020,Yüzüncü Yıl Üniversitesi Tarım Bilimleri Dergisi,Opuntia ficus-indica,4
pmid:crossref_7a4e17ac122b5a8d,crossref_7a4e17ac122b5a8d,10.1590/s0100-83582010000100006,crossref,2010,Planta Daninha,Solanum americanum,4
pmid:crossref_7a4ed760d5c119c7,crossref_7a4ed760d5c119c7,10.37811/cl_rcm.v8i4.13667,crossref,2024,Ciencia Latina Revista Científica Multidisciplinar,Chuquiraga spinosa,4
pmid:crossref_7a96f460a7159d39,crossref_7a96f460a7159d39,10.17576/jsm-2022-5109-06,crossref,2022,Sains Malaysiana,Tagetes minuta,4
pmid:crossref_7aaceea4e740fbda,crossref_7aaceea4e740fbda,10.36385/fcbog-12-0,crossref,2020,,Passiflora ligularis,6
pmid:crossref_7aee1722ef95f506,crossref_7aee1722ef95f506,10.15446/rcciquifa.v52n2.107461,crossref,2024,Revista Colombiana de Ciencias Químico-Farmacéuticas,Punica granatum,4
pmid:crossref_7afc3bf54094662f,crossref_7afc3bf54094662f,10.57188/manglar.2025.026,crossref,2025,Manglar,Caesalpinia spinosa,4
pmid:crossref_7b229a923cfb45ea,crossref_7b229a923cfb45ea,10.29019/enfoque.v11n1.532,crossref,2020,Enfoque UTE,Passiflora edulis,4
pmid:crossref_7b252a980807f4b6,crossref_7b252a980807f4b6,10.20324/nelumbo/v14/1972/75274,crossref,2024,Nelumbo,Urtica urens,1
pmid:crossref_7bfc4c62119cf27f,crossref_7bfc4c62119cf27f,10.51189/rema/1707,crossref,2021,Anais do I Congresso Nacional On-line de Conservação e Educação Ambiental,Smallanthus sonchifolius,6
pmid:crossref_7c30a5f29bc14142,crossref_7c30a5f29bc14142,10.21203/rs.3.rs-3414715/v1,crossref,,,Tropaeolum tuberosum,4
pmid:crossref_7c35fad8bf34c6fa,crossref_7c35fad8bf34c6fa,10.36312/2cxdft67,crossref,2025,Empiricism Journal,Plukenetia volubilis,8
pmid:crossref_7caa4358828fff55,crossref_7caa4358828fff55,10.37761/rsqp.v88i1.373,crossref,2022,Revista de la Sociedad Química del Perú,Aristolochia didyma,4
pmid:crossref_7cc9b77824c6c9ab,crossref_7cc9b77824c6c9ab,10.35486/at.v12i1.34,crossref,2018,Alcances Tecnológicos,Psidium guajava,4
pmid:crossref_7d35c0544cb198d9,crossref_7d35c0544cb198d9,10.1590/s0100-83582003000300018,crossref,2003,Planta Daninha,Chenopodium quinoa,5
pmid:crossref_7d610e93468964d0,crossref_7d610e93468964d0,10.3390/agronomy14010094,crossref,2023,Agronomy,Lupinus mutabilis,3
pmid:crossref_7d6746ed96bd8c24,crossref_7d6746ed96bd8c24,10.15446/agron.colomb.v42n1.113585,crossref,2024,Agronomía Colombiana,Passiflora edulis,5
pmid:crossref_7eb5df8b24715d13,crossref_7eb5df8b24715d13,10.29303/pepadu.v6i1.6274,crossref,2025,Jurnal Pepadu,Annona muricata,4
pmid:crossref_7f07fc69f0905cd1,crossref_7f07fc69f0905cd1,10.31243/aci.v31i1.2460,crossref,2024,Alimentos Ciencia e Ingeniería,Lupinus mutabilis,4
pmid:crossref_7f439af4f9cd1d4a,crossref_7f439af4f9cd1d4a,10.1590/s0100-83582015000400007,crossref,2015,Planta Daninha,Solanum americanum,5
pmid:crossref_7fdcb5c1217941b5,crossref_7fdcb5c1217941b5,10.2174/2215083810666230330151402,crossref,2024,Current Traditional Medicine,Aloe vera,5
pmid:crossref_801825390c003aa2,crossref_801825390c003aa2,10.15835/nbha53114256,crossref,2025,Notulae Botanicae Horti Agrobotanici Cluj-Napoca,Polylepis rugulosa,5
pmid:crossref_801a858941ba46c4,crossref_801a858941ba46c4,10.33789/talentos.10.2.192,crossref,2023,Revista de Investigación Talentos,Ilex guayusa,5
pmid:crossref_809409bdf9b053fc,crossref_809409bdf9b053fc,10.1079/fc.47678.20210115066,crossref,,,Rosmarinus officinalis,1
pmid:crossref_80e13899edce71f0,crossref_80e13899edce71f0,10.52403/ijrr.20220442,crossref,2022,International Journal of Research and Review,Passiflora edulis,5
pmid:crossref_8110a0bef6f76a48,crossref_8110a0bef6f76a48,10.47328/ufvbbt.2025.621,crossref,,,Bixa orellana,7
pmid:crossref_81b145b6a9b04fdc,crossref_81b145b6a9b04fdc,10.54189/hbd.1275435,crossref,2023,Hemşirelik Bilimi Dergisi,Lepidium meyenii,4
pmid:crossref_81c4ae4602789275,crossref_81c4ae4602789275,10.2478/jppr-2014-0022,crossref,2014,Journal of Plant Protection Research,Tagetes minuta,6
pmid:crossref_81e79b877eb512f2,crossref_81e79b877eb512f2,10.1002/chin.200029147,crossref,2000,ChemInform,Maytenus macrocarpa,1
pmid:crossref_81f33d7267cbd1bb,crossref_81f33d7267cbd1bb,10.18016/ksutarimdoga.vi.1073982,crossref,2023,Kahramanmaraş Sütçü İmam Üniversitesi Tarım ve Doğa Dergisi,Opuntia ficus-indica,5
pmid:crossref_82ebc0f3ce38e04d,crossref_82ebc0f3ce38e04d,10.36948/ijfmr.2024.v06i02.17042,crossref,2024,International Journal For Multidisciplinary Research,Argemone mexicana,4
pmid:crossref_83b9ea972b83ef88,crossref_83b9ea972b83ef88,10.15359/ru.38-1.29,crossref,2024,Uniciencia,Annona muricata,5
pmid:crossref_842afb59c040cb38,crossref_842afb59c040cb38,10.36955/riulcb.2024v11n2.004,crossref,2024,Revista de Investigaciones de la Universidad Le Cordon Bleu,Lupinus mutabilis,5
pmid:crossref_847211237b6c58cf,crossref_847211237b6c58cf,10.26722/rpmi.2025.v10n3.900,crossref,2025,Revista Peruana de Medicina Integrativa,Lepidium meyenii,3
pmid:crossref_84b73cbb1b6d7dca,crossref_84b73cbb1b6d7dca,10.21203/rs.3.rs-2985469/v1,crossref,,,Aloe vera,5
pmid:crossref_851d9b5a00ad5041,crossref_851d9b5a00ad5041,10.57188/manglar.2025.038,crossref,2025,Manglar,Passiflora ligularis,4
pmid:crossref_8527cca6ee9c1cbd,crossref_8527cca6ee9c1cbd,10.53897/revaia.25.29.99,crossref,2025,Avances en Investigación Agropecuaria,Opuntia ficus-indica,6
pmid:crossref_8589fbdcbfb0c817,crossref_8589fbdcbfb0c817,10.52904/20.500.12220/17185,crossref,2007,,Eucalyptus globulus,4
pmid:crossref_864383f1d0a4002f,crossref_864383f1d0a4002f,10.15381/rpb.v3i2.8305,crossref,1990,Revista Peruana de Biología,Lepidium meyenii,8
pmid:crossref_865610a12e543442,crossref_865610a12e543442,10.15381/rpb.v28i2.20462,crossref,2021,Revista Peruana de Biología,Physalis peruviana,4
pmid:crossref_869430ce57d7841e,crossref_869430ce57d7841e,10.33263/lianbs141.014,crossref,2025,Letters in Applied NanoBioScience,Urtica urens,4
pmid:crossref_86a93ffbabf8b785,crossref_86a93ffbabf8b785,10.14233/ajomc.2022.ajomc-p377,crossref,2022,Asian Journal of Organic &amp; Medicinal Chemistry,Argemone mexicana,5
pmid:crossref_86d8ada4cf2650df,crossref_86d8ada4cf2650df,10.52783/jisem.v10i36s.6523,crossref,2025,Journal of Information Systems Engineering and Management,Oxalis tuberosa; Ullucus tuberosus,4
pmid:crossref_870a5f2596c1a702,crossref_870a5f2596c1a702,10.30574/gscbps.2023.22.2.0477,crossref,2023,GSC Biological and Pharmaceutical Sciences,Matricaria chamomilla,4
pmid:crossref_8713743376315a63,crossref_8713743376315a63,10.36385/fcbog-1-0,crossref,2019,,Passiflora edulis,3
pmid:crossref_873001f33445887c,crossref_873001f33445887c,10.33017/reveciperu2017.0006/,crossref,2018,Revista ECIPeru,Prosopis pallida,11
pmid:crossref_8791626b92794299,crossref_8791626b92794299,10.57188/manglar.2023.027,crossref,2023,Manglar,Opuntia ficus-indica,4
pmid:crossref_87a2de64aba9ef9d,crossref_87a2de64aba9ef9d,10.56579/rei.v7i4.1976,crossref,2025,Revista de Estudos Interdisciplinares,Morinda citrifolia,4
pmid:crossref_8824cb1c32416b17,crossref_8824cb1c32416b17,10.12692/ijb/7.4.102-110,crossref,2015,International Journal of Biosciences (IJB),Punica granatum,5
pmid:crossref_882f191fd8345f7a,crossref_882f191fd8345f7a,10.15381/rpb.v19i1.792,crossref,2012,Revista Peruana de Biología,Tropaeolum tuberosum,3
pmid:crossref_888011022314d02f,crossref_888011022314d02f,10.64252/g7jv3y71,crossref,2025,International Journal of Environmental Sciences,Argemone mexicana,5
pmid:crossref_8881ce2498a7812f,crossref_8881ce2498a7812f,10.1111/j.1744-7348.1982.tb00801.x,crossref,1982,Annals of Applied Biology,Oxalis tuberosa; Solanum tuberosum; Tropaeolum tuberosum; Ullucus tuberosus,8
pmid:crossref_88d179ef923ac61d,crossref_88d179ef923ac61d,10.54393/df.v4i03.100,crossref,2023,DIET FACTOR (Journal of Nutritional &amp; Food Sciences),Aloe vera,4
pmid:crossref_88f7b4c91691ac51,crossref_88f7b4c91691ac51,10.53861/lontarariset.v5i1.434,crossref,2024,Lontara Journal of Health Science and Technology,Annona muricata,5
pmid:crossref_89012e8862fe97d7,crossref_89012e8862fe97d7,10.21895/incres.2013.v4n1.10,crossref,2013,In Crescendo,Baccharis latifolia,3
pmid:crossref_890941f4454e3252,crossref_890941f4454e3252,10.21774/ing.v9i25.588,crossref,2015,Ingenium,Stipa ichu,4
pmid:crossref_8922af7b36646b50,crossref_8922af7b36646b50,10.25077/jpt.2.1.18-27.2018,crossref,2018,Jurnal Proteksi Tanaman (Journal of Plant Protection),Piper aduncum,5
pmid:crossref_894a2a02ea215978,crossref_894a2a02ea215978,10.15381/rpb.v7i1.6734,crossref,2000,Revista Peruana de Biología,Origanum vulgare,3
pmid:crossref_89624fee1cdb4d10,crossref_89624fee1cdb4d10,10.31243/aci.v27i2.932,crossref,2020,Alimentos Ciencia e Ingeniería,Physalis peruviana,5
pmid:crossref_8986874691f486d5,crossref_8986874691f486d5,10.54207/bsmps1000-1997-7p56b9,crossref,1997,Indian Journal of Forestry,Urtica urens,1
pmid:crossref_899702f0c80e076b,crossref_899702f0c80e076b,10.54167/tch.v10i1.581,crossref,2016,TECNOCIENCIA Chihuahua,Opuntia ficus-indica,6
pmid:crossref_89abc9b87bedf88a,crossref_89abc9b87bedf88a,10.1590/s0100-83582002000200001,crossref,2002,Planta Daninha,Solanum americanum,4
pmid:crossref_89bdc1eac469e7a5,crossref_89bdc1eac469e7a5,10.37811/cl_rcm.v6i6.4063,crossref,2022,Ciencia Latina Revista Científica Multidisciplinar,Chenopodium pallidicaule,4
pmid:crossref_8a00112d4fbe509f,crossref_8a00112d4fbe509f,10.3390/plants11233334,crossref,2022,Plants,Opuntia ficus-indica,6
pmid:crossref_8ab0daf3f5e1a79f,crossref_8ab0daf3f5e1a79f,10.59796/jcst.v13n2.2023.1762,crossref,2023,Journal of Current Science and Technology,Opuntia ficus-indica,5
pmid:crossref_8b04a34d9d183a65,crossref_8b04a34d9d183a65,10.59282/reincisol.v3(5)457-468,crossref,2024,Reincisol.,Ilex guayusa,5
pmid:crossref_8b646d286654a09c,crossref_8b646d286654a09c,10.59520/bapp.bapb/utyi0638,crossref,2018,,Lepidium meyenii,1
pmid:crossref_8c2ea86ee6ff8077,crossref_8c2ea86ee6ff8077,10.21203/rs.3.rs-423666/v1,crossref,,,Chenopodium pallidicaule,5
pmid:crossref_8c5bf9505801748f,crossref_8c5bf9505801748f,10.17648/2446-4775.2019.605,crossref,2019,Revista Fitos,Croton lechleri,4
pmid:crossref_8c8e4651fbdce6d2,crossref_8c8e4651fbdce6d2,10.29313/bcsms.v6i1.22165,crossref,2026,Bandung Conference Series: Medical Science,Smallanthus sonchifolius,9
pmid:crossref_8ca4c0f8416cdc62,crossref_8ca4c0f8416cdc62,10.15381/rpb.v13i3.2341,crossref,2006,Revista Peruana de Biología,Lepidium meyenii,5
pmid:crossref_8d357074f433d98a,crossref_8d357074f433d98a,10.15446/acag.v73n3.119320,crossref,2025,Acta Agronómica,Ullucus tuberosus,7
pmid:crossref_8e05e2ba48951932,crossref_8e05e2ba48951932,10.36955/riulcb.2024v11n1.002,crossref,2024,Revista de Investigaciones de la Universidad Le Cordon Bleu,Opuntia soehrensii,5
pmid:crossref_8e84b63782aded01,crossref_8e84b63782aded01,10.18502/espoch.v1i4.9522,crossref,2021,ESPOCH Congresses: The Ecuadorian Journal of S.T.E.A.M.,Vallea stipularis,10
pmid:crossref_8e999b62f9dfeaef,crossref_8e999b62f9dfeaef,10.32848/agrar.innov.2024.23.15,crossref,2024,Аграрні інновації,Taraxacum officinale,6
pmid:crossref_8ef826e02225f111,crossref_8ef826e02225f111,10.51372/bioagro362.7,crossref,2024,Bioagro,Passiflora ligularis,4
pmid:crossref_8f006fd19ca6275e,crossref_8f006fd19ca6275e,10.58837/chula.the.2005.1540,crossref,,,Morinda citrifolia,5
pmid:crossref_8f9d8447bdd3da2c,crossref_8f9d8447bdd3da2c,10.15381/ci.v12i2.3404,crossref,2009,Ciencia e Investigación,Minthostachys mollis,5
pmid:crossref_9023432e183ec2fa,crossref_9023432e183ec2fa,10.22159/ajpcr.2022.v15i8.43179,crossref,2022,Asian Journal of Pharmaceutical and Clinical Research,Psidium guajava,4
pmid:crossref_90409f538f22f616,crossref_90409f538f22f616,10.58720/ibs.v2i1.36,crossref,2022,Innova Biology Sciences,Uncaria tomentosa,5
pmid:crossref_907301a74d1d7a58,crossref_907301a74d1d7a58,10.37360/mpc.21.4.3.11,crossref,2021,Medicinal Plant Communications,Tiquilia paronychioides,3
pmid:crossref_9098df0c6fcb6aac,crossref_9098df0c6fcb6aac,10.54026/esecr/1082,crossref,2023,Environmental Sciences and Ecology: Current Research (ESECR,Passiflora ligularis,7
pmid:crossref_90d96a22d7ed3588,crossref_90d96a22d7ed3588,10.56238/levv16n49-104,crossref,2025,LUMEN ET VIRTUS,Mauritia flexuosa,5
pmid:crossref_90f2b3a79c9cdf3a,crossref_90f2b3a79c9cdf3a,10.20473/mgi.v18i2.123-131,crossref,2023,Media Gizi Indonesia,Psidium guajava,5
pmid:crossref_9113b0cfcbe414e1,crossref_9113b0cfcbe414e1,10.53287/pkmz3931tt33w,crossref,2025,CIBUM SCIENTIA,Chenopodium pallidicaule,5
pmid:crossref_9172ce0537e846e2,crossref_9172ce0537e846e2,10.36074/grail-of-science.06.03.2026.101,crossref,2026,Grail of Science,Amaranthus caudatus,1
pmid:crossref_919f4f44412d5964,crossref_919f4f44412d5964,10.47328/ufvbbt.2022.394,crossref,,,Bixa orellana,7
pmid:crossref_91f45837108ee5aa,crossref_91f45837108ee5aa,10.31893/multiscience.2026615,crossref,2026,Multidisciplinary Science Journal,Passiflora ligularis,5
pmid:crossref_91fc8400289e7051,crossref_91fc8400289e7051,10.15381/rpb.v13i3.2342,crossref,2006,Revista Peruana de Biología,Lepidium meyenii,4
pmid:crossref_9341ddda768d2ae9,crossref_9341ddda768d2ae9,10.24180/ijaws.1152389,crossref,2023,Uluslararası Tarım ve Yaban Hayatı Bilimleri Dergisi,Opuntia ficus-indica,4
pmid:crossref_9373e3b698f5b043,crossref_9373e3b698f5b043,10.18537/est.v014.n028.a01,crossref,2025,ESTOA,Stipa ichu,4
pmid:crossref_939a4d6c4dc6b94d,crossref_939a4d6c4dc6b94d,10.23880/beba-16000154,crossref,2021,Bioequivalence &amp; Bioavailability International Journal,Rosmarinus officinalis,5
pmid:crossref_93d2b216830e2264,crossref_93d2b216830e2264,10.53730/ijhs.v6ns4.10164,crossref,2022,International journal of health sciences,Annona muricata,4
pmid:crossref_94426ceca1e87c42,crossref_94426ceca1e87c42,10.21203/rs.3.rs-9457648/v1,crossref,,,Ilex guayusa,8
pmid:crossref_9447d424d83013bd,crossref_9447d424d83013bd,10.20453/reh.v20i4.1733,crossref,2014,Revista Estomatológica Herediana,Ephedra americana,4
pmid:crossref_9473066d434768b1,crossref_9473066d434768b1,10.3390/su17146470,crossref,2025,Sustainability,Oxalis tuberosa,5
pmid:crossref_952a53de74217f30,crossref_952a53de74217f30,10.59743/jbs.v38i1.329,crossref,2025,Journal of Basic Sciences,Annona muricata,3
pmid:crossref_95a0f0378d34dab4,crossref_95a0f0378d34dab4,10.18684/rbsaa.v20.n1.2022.1585,crossref,2021,Biotecnología en el Sector Agropecuario y Agroindustrial,Plukenetia volubilis,4
pmid:crossref_9719a1f30028f518,crossref_9719a1f30028f518,10.26452/ijrps.v11i3.2758,crossref,2020,International Journal of Research in Pharmaceutical Sciences,Punica granatum,5
pmid:crossref_9741a8a7723a941c,crossref_9741a8a7723a941c,10.26787/nydha-2686-6838-2023-25-10-17-22,crossref,2023,"""Medical &amp; pharmaceutical journal ""Pulse""",Origanum vulgare,5
pmid:crossref_9749bf5d52294d9e,crossref_9749bf5d52294d9e,10.37768/unw.rinv.06.01.010,crossref,2019,Revista de Investigación de la Universidad Privada Norbert Wiener,Croton lechleri,1
pmid:crossref_976e4f4a0d3a3f56,crossref_976e4f4a0d3a3f56,10.1139/g2012-050,crossref,2012,Genome,Amaranthus caudatus,4
pmid:crossref_980b7816ea2559a9,crossref_980b7816ea2559a9,10.53730/ijhs.v6ns3.8557,crossref,2022,International journal of health sciences,Carica papaya,4
pmid:crossref_992c3ed38240866f,crossref_992c3ed38240866f,10.21142/tl.2019.826,crossref,,,Tropaeolum tuberosum,3
pmid:crossref_993aead6e965b3f2,crossref_993aead6e965b3f2,10.51161/ii-conbrai/6869,crossref,2022,Anais do II Congresso Brasileiro de Imunologia On-line,Mauritia flexuosa,6
pmid:crossref_995190482f9d9757,crossref_995190482f9d9757,10.15381/rpb.v26i2.16378,crossref,2019,Revista Peruana de Biología,Mauritia flexuosa,4
pmid:crossref_9985fa64e5d4d6c2,crossref_9985fa64e5d4d6c2,10.37073/puriq.2.3.100,crossref,2020,Puriq,Oxalis tuberosa; Ullucus tuberosus,3
pmid:crossref_9a32cad816f6c344,crossref_9a32cad816f6c344,10.3390/molecules29194617,crossref,2024,Molecules,Origanum vulgare,6
pmid:crossref_9a37997fa19ef51b,crossref_9a37997fa19ef51b,10.1590/s0100-83582003000300017,crossref,2003,Planta Daninha,Amaranthus caudatus,5
pmid:crossref_9a6f87f85fb67e06,crossref_9a6f87f85fb67e06,10.2174/0118756921412111251202141216,crossref,2026,Current Pharmacogenomics and Personalized Medicine,Matricaria chamomilla,7
pmid:crossref_9ad174ed138a5ae0,crossref_9ad174ed138a5ae0,10.52904/0718-4646.2007.285,crossref,2007,Ciencia &amp; Investigación Forestal,Eucalyptus globulus,3
pmid:crossref_9adb74a9a6ccbaf8,crossref_9adb74a9a6ccbaf8,10.32712/2446-4775.2006.40,crossref,2006,Revista Fitos,Uncaria guianensis; Uncaria tomentosa,4
pmid:crossref_9b0e4895e8dacec4,crossref_9b0e4895e8dacec4,10.15446/agron.colomb.v43n3.120180,crossref,2025,Agronomía Colombiana,Plukenetia volubilis,4
pmid:crossref_9b29ecf77a7d5f08,crossref_9b29ecf77a7d5f08,10.34188/bjaerv5n2-073,crossref,2022,Brazilian Journal of Animal and Environmental Research,Myrciaria dubia,6
pmid:crossref_9c0240dfacb6dbb1,crossref_9c0240dfacb6dbb1,10.32712/2446-4775.2006.37,crossref,2006,Revista Fitos,Piper aduncum,4
pmid:crossref_9c13f456dbc0532a,crossref_9c13f456dbc0532a,10.37761/rsqp.v87i3.350,crossref,2021,Revista de la Sociedad Química del Perú,Juglans neotropica; Schinus molle; Tagetes elliptica,6
pmid:crossref_9c23b8164e97a4f1,crossref_9c23b8164e97a4f1,10.37929/nveo.704056,crossref,2020,Natural Volatiles and Essential Oils,Tagetes minuta,3
pmid:crossref_9c3a6b382d3c4ed6,crossref_9c3a6b382d3c4ed6,10.5867/medwave.2023.s1.uta051,crossref,2023,Medwave,Uncaria tomentosa,7
pmid:crossref_9c6c50ea22c0a85e,crossref_9c6c50ea22c0a85e,10.3390/cosmetics12030088,crossref,2025,Cosmetics,Clinopodium bolivianum,5
pmid:crossref_9c8ba8cdfc3502c0,crossref_9c8ba8cdfc3502c0,10.1002/tax.601021,crossref,2011,TAXON,Taraxacum officinale,4
pmid:crossref_9c9b317a02cb8749,crossref_9c9b317a02cb8749,10.57188/manglar.2022.040,crossref,2022,Manglar,Maytenus macrocarpa,4
pmid:crossref_9cfe450f93ac42d0,crossref_9cfe450f93ac42d0,10.7818/ecos.2314,crossref,2022,Ecosistemas,Cinchona officinalis,4
pmid:crossref_9d47ddc25d3658a0,crossref_9d47ddc25d3658a0,10.21203/rs.3.rs-3055879/v1,crossref,,,Uncaria tomentosa,7
pmid:crossref_9d5112b6f979ad79,crossref_9d5112b6f979ad79,10.47328/ufvbbt.2022.323,crossref,,,Bixa orellana,5
pmid:crossref_9dc974fb2a257003,crossref_9dc974fb2a257003,10.56712/latam.v4i1.283,crossref,2023,LATAM Revista Latinoamericana de Ciencias Sociales y Humanidades,Lupinus mutabilis,5
pmid:crossref_9df80d177a07a5af,crossref_9df80d177a07a5af,10.14719/pst.3070,crossref,2024,Plant Science Today,Piper aduncum,6
pmid:crossref_9e0d66461e2d177c,crossref_9e0d66461e2d177c,10.18502/espoch.v1i4.9514,crossref,2021,ESPOCH Congresses: The Ecuadorian Journal of S.T.E.A.M.,Caesalpinia spinosa,9
pmid:crossref_9e4ecc160e87de95,crossref_9e4ecc160e87de95,10.1055/a-1038-6592,crossref,2020,Planta Medica,Punica granatum,3
pmid:crossref_9f251ac93a4a094b,crossref_9f251ac93a4a094b,10.55475/jcgtm/vol4.iss1.2025.456,crossref,2025,Journal of Chemistry of Goods and Traditional Medicine,Solanum tuberosum,3
pmid:crossref_9fa2637d1169bd4f,crossref_9fa2637d1169bd4f,10.52301/1684-940x-2023-1-23-33,crossref,2023,BIOLOGICAL SCIENCES OF KAZAKHSTAN,Plantago major,1
pmid:crossref_9fa2913e2f56552c,crossref_9fa2913e2f56552c,10.47280/revfacagron(luz).v39.n4.03,crossref,2022,"Revista de la Facultad de Agronomía, Universidad del Zulia",Plukenetia volubilis,5
pmid:crossref_9fe782f60a15fd6f,crossref_9fe782f60a15fd6f,10.46876/ja.938170,crossref,2021,Journal of Agriculture,Rosmarinus officinalis,4
pmid:crossref_a048d0c3921027d8,crossref_a048d0c3921027d8,10.17163/lgr.n6.2007.01,crossref,2007,La Granja,Ilex guayusa,8
pmid:crossref_a1153606e46c9df5,crossref_a1153606e46c9df5,10.56275/fitovida.v3i2.42,crossref,2024,FitoVida,Polylepis incana,4
pmid:crossref_a1377df9b8b790e7,crossref_a1377df9b8b790e7,10.17584/rcch.2023v17i3.16231,crossref,2023,Revista Colombiana de Ciencias Hortícolas,Physalis peruviana,4
pmid:crossref_a169d5465fa5262a,crossref_a169d5465fa5262a,10.36921/kos.2019_2505,crossref,2019,Kosmos,Taraxacum officinale,2
pmid:crossref_a18b8c5aba737727,crossref_a18b8c5aba737727,10.26722/rpmi.2020.51.165,crossref,2020,Revista Peruana de Medicina Integrativa,Dracontium loretense,4
pmid:crossref_a21c8176910dc5fa,crossref_a21c8176910dc5fa,10.31219/osf.io/upk9s,crossref,,,Theobroma cacao,1
pmid:crossref_a23edd1dc144c34b,crossref_a23edd1dc144c34b,10.12666/drktzj27,crossref,2025,Növénytermelés,Solanum tuberosum,5
pmid:crossref_a2763cc096e5fca8,crossref_a2763cc096e5fca8,10.34119/bjhrv7n9-337,crossref,2024,Brazilian Journal of Health Review,Rosmarinus officinalis,4
pmid:crossref_a2da924f02c146f6,crossref_a2da924f02c146f6,10.1079/fc.44447.20210113980,crossref,,,Prosopis pallida,4
pmid:crossref_a355bde97c63ba65,crossref_a355bde97c63ba65,10.32473/edis-fp087-1999,crossref,1999,EDIS,Calendula officinalis,3
pmid:crossref_a3597a654bfcc181,crossref_a3597a654bfcc181,10.58837/chula.the.2016.1345,crossref,,,Plukenetia volubilis,5
pmid:crossref_a382503e5b44dd9a,crossref_a382503e5b44dd9a,10.57188/manglar.2025.047,crossref,2025,Manglar,Mauritia flexuosa,4
pmid:crossref_a3c7dd190995b150,crossref_a3c7dd190995b150,10.19083/tesis/684490,crossref,,,Caesalpinia spinosa,8
pmid:crossref_a3d91b01a43bf2c7,crossref_a3d91b01a43bf2c7,10.21708/avb.2021.15.1.9662,crossref,2021,Acta Veterinaria Brasilica,Uncaria guianensis,7
pmid:crossref_a480b4c4d0b19ef3,crossref_a480b4c4d0b19ef3,10.38001/ijlsb.487354,crossref,2018,International Journal of Life Sciences and Biotechnology,Tagetes minuta,6
pmid:crossref_a4ba7027f7dcb796,crossref_a4ba7027f7dcb796,10.5937/zasmat2302204a,crossref,2023,Zastita Materijala,Rosmarinus officinalis,3
pmid:crossref_a4de949aca9ca1ad,crossref_a4de949aca9ca1ad,10.3390/ijpb16040142,crossref,2025,International Journal of Plant Biology,Theobroma cacao,4
pmid:crossref_a548d3337ba549e1,crossref_a548d3337ba549e1,10.9734/ajaar/2019/v9i229994,crossref,2019,Asian Journal of Advances in Agricultural Research,Amaranthus caudatus,7
pmid:crossref_a55d11d327706cb5,crossref_a55d11d327706cb5,10.3390/plants12071566,crossref,2023,Plants,Amaranthus caudatus,4
pmid:crossref_a56b8bc31f4b4dd6,crossref_a56b8bc31f4b4dd6,10.15381/rpb.v18i3.450,crossref,2011,Revista Peruana de Biología,Carica papaya,3
pmid:crossref_a56c6fc63d3c503e,crossref_a56c6fc63d3c503e,10.3390/horticulturae11091058,crossref,2025,Horticulturae,Passiflora ligularis,7
pmid:crossref_a5e4592154479c5b,crossref_a5e4592154479c5b,10.1590/s0100-29452013000300023,crossref,2013,Revista Brasileira de Fruticultura,Passiflora edulis; Passiflora ligularis,5
pmid:crossref_a5f67e93c96185ca,crossref_a5f67e93c96185ca,10.53287/vsck1816ar39i,crossref,2023,Revista de Investigación e Innovación Agropecuaria y de Recursos Naturales,Aloe vera; Erythroxylum coca,4
pmid:crossref_a6964454c2815b16,crossref_a6964454c2815b16,10.1088/1742-6596/1433/1/012003,crossref,2020,Journal of Physics: Conference Series,Stipa ichu,4
pmid:crossref_a6acd4cd6587c2f7,crossref_a6acd4cd6587c2f7,10.32553/jbpr.v8i2.591,crossref,2019,Journal of Biomedical and Pharmaceutical Research,Calendula officinalis,5
pmid:crossref_a6d009458e611d5b,crossref_a6d009458e611d5b,10.35335/midwifery.v10i4.826,crossref,2022,Science Midwifery,Aloe vera,2
pmid:crossref_a72f19339dbaebac,crossref_a72f19339dbaebac,10.61453/intij.202214,crossref,2022,INTI Journal,Passiflora edulis,4
pmid:crossref_a7b27b5dc2100986,crossref_a7b27b5dc2100986,10.25085/rsea.820404,crossref,2023,Revista de la Sociedad Entomológica Argentina,Solanum tuberosum,5
pmid:crossref_a7fec6811fe9bbba,crossref_a7fec6811fe9bbba,10.21829/myb.2018.2411560,crossref,2018,Madera y Bosques,Juglans neotropica,5
pmid:crossref_a824e19484d66995,crossref_a824e19484d66995,10.69667/amj.26203,crossref,2026,Attahadi Medical Journal,Urtica urens,6
pmid:crossref_a83b0c80ae6bffa9,crossref_a83b0c80ae6bffa9,10.31381/biotempo.v2i0.1533,crossref,2018,Biotempo,Oxalis tuberosa,3
pmid:crossref_a93602e060e0c29e,crossref_a93602e060e0c29e,10.26722/rpmi.2023.v8n1.707,crossref,2023,Revista Peruana de Medicina Integrativa,Plukenetia volubilis,8
pmid:crossref_a940cdf0b1f4b7e5,crossref_a940cdf0b1f4b7e5,10.5772/intechopen.104139,crossref,2022,Medicinal Plants,Annona muricata,5
pmid:crossref_a964d78e1e64f7b2,crossref_a964d78e1e64f7b2,10.3390/molecules19043898,crossref,2014,Molecules,Azorella compacta,3
pmid:crossref_a97969eb98caec5d,crossref_a97969eb98caec5d,10.58837/chula.the.2008.943,crossref,,,Carica papaya,10
pmid:crossref_a9e6c737dab25c72,crossref_a9e6c737dab25c72,10.32911/as.2025.v18.n2.1324,crossref,2025,Aporte Santiaguino,Lupinus mutabilis,4
pmid:crossref_aa12af4981afd2f1,crossref_aa12af4981afd2f1,10.26656/fr.2017.4(5).088,crossref,2020,Food Research,Urtica urens,5
pmid:crossref_aa68404e8114672b,crossref_aa68404e8114672b,10.21930/rcta.vol6_num2_art:53,crossref,2005,Ciencia &amp; Tecnología Agropecuaria,Sambucus peruviana,5
pmid:crossref_aa728ea08126c808,crossref_aa728ea08126c808,10.58837/chula.the.2012.797,crossref,,,Solanum tuberosum,8
pmid:crossref_aa9c4552a392d05d,crossref_aa9c4552a392d05d,10.26897/978-5-9675-1855-3-2021-166,crossref,2021,International Scientific Conference,Taraxacum officinale,1
pmid:crossref_aaa849fed1996b85,crossref_aaa849fed1996b85,10.21203/rs.3.rs-3333626/v1,crossref,,,Matricaria chamomilla,4
pmid:crossref_aae5889e04fd66a1,crossref_aae5889e04fd66a1,10.21930/agrosavia.fichascontexto.2020.26,crossref,2020,,Theobroma cacao,1
pmid:crossref_ab253a58b8f63cf5,crossref_ab253a58b8f63cf5,10.36074/grail-of-science.17.03.2023.025,crossref,2023,Grail of Science,Malva sylvestris,3
pmid:crossref_ab59dc220608de2e,crossref_ab59dc220608de2e,10.33989/2021.7.2.261544,crossref,2022,BIOLOGY &amp; ECOLOGY,Punica granatum,7
pmid:crossref_ab7b0e3ca641058d,crossref_ab7b0e3ca641058d,10.19136/hs.a12n2.224,crossref,2014,Horizonte Sanitario,Carica papaya,5
pmid:crossref_aba874fd6015c47c,crossref_aba874fd6015c47c,10.1002/slct.202003062,crossref,2020,ChemistrySelect,Tropaeolum tuberosum,5
pmid:crossref_abb025529b0c4e0a,crossref_abb025529b0c4e0a,10.55475/jcgtm/vol4.iss1.2025.437,crossref,2025,Journal of Chemistry of Goods and Traditional Medicine,Taraxacum officinale,3
pmid:crossref_abc6e21eb58d137e,crossref_abc6e21eb58d137e,10.5821/dissertation-2117-94584,crossref,,,Caesalpinia spinosa,7
pmid:crossref_abf4f48761378ba3,crossref_abf4f48761378ba3,10.33580/2409-2444-2020-6-2-18-26,crossref,2020,BOTANICAL HERALD OF THE NORTH CAUCASUS,Smallanthus sonchifolius,3
pmid:crossref_ac297d1a5a465664,crossref_ac297d1a5a465664,10.24857/rgsa.v18n9-130,crossref,2024,Revista de Gestão Social e Ambiental,Chenopodium quinoa,5
pmid:crossref_ac336550fae41a12,crossref_ac336550fae41a12,10.28982/josam.7464,crossref,2023,Journal of Surgery and Medicine,Taraxacum officinale,5
pmid:crossref_ac3c7d29d651c43a,crossref_ac3c7d29d651c43a,10.21839/jaar.2019.v4i1.269,crossref,2019,Journal of Applied and Advanced Research,Cinchona officinalis,2
pmid:crossref_ac66e39a79f28f18,crossref_ac66e39a79f28f18,10.21142/tl.2019.741,crossref,,,Copaifera paupera,6
pmid:crossref_ac6703ae04d14b72,crossref_ac6703ae04d14b72,10.18684/rbsaa.v21.n2.2023.2205,crossref,2022,Biotecnología en el Sector Agropecuario y Agroindustrial,Physalis peruviana,6
pmid:crossref_acc54b79e78e546f,crossref_acc54b79e78e546f,10.15407/biotech14.04.053,crossref,2021,Biotechnologia Acta,Amaranthus caudatus,5
pmid:crossref_ad2349788602ef25,crossref_ad2349788602ef25,10.36721/pjps/30/4(suppl)/04.08.2017/691/1439-1443,crossref,2017,Pakistan Journal of Pharmaceutical Sciences,Rosmarinus officinalis,4
pmid:crossref_ad87e8fdc8264e92,crossref_ad87e8fdc8264e92,10.70151/d7besr75,crossref,2003,Revista Brasileira de Plantas Medicinais,Origanum vulgare,4
pmid:crossref_ad91a2ac60d09e27,crossref_ad91a2ac60d09e27,10.21142/tb.2019.965,crossref,,,Theobroma cacao,3
pmid:crossref_adb01755d446f4c4,crossref_adb01755d446f4c4,10.35306/eoc.v2i1.81,crossref,2016,Evidencias en Odontología Clínica,Copaifera paupera,5
pmid:crossref_adf5804c1446339d,crossref_adf5804c1446339d,10.33140/abbsr.04.04.08,crossref,2021,Advances in Bioengineering and Biomedical Science Research,Aloe vera,4
pmid:crossref_ae46f4fad9331bb9,crossref_ae46f4fad9331bb9,10.21273/hortsci.40.5.1405,crossref,2005,HortScience,Tropaeolum tuberosum,5
pmid:crossref_af1f13036bc36745,crossref_af1f13036bc36745,10.1590/s1516-05722013000100013,crossref,2013,Revista Brasileira de Plantas Medicinais,Malva sylvestris,4
pmid:crossref_af44e42e41c2f390,crossref_af44e42e41c2f390,10.24841/fa.v1i1-2.98,crossref,1988,Folia Amazónica,Myrciaria dubia,3
pmid:crossref_b0580ba29d10dd82,crossref_b0580ba29d10dd82,10.15381/ci.v2i1.4404,crossref,1999,Ciencia e Investigación,Ephedra americana,4
pmid:crossref_b086daac165255bd,crossref_b086daac165255bd,10.15446/rcciquifa.v55n2.126486,crossref,2026,Revista Colombiana de Ciencias Químico-Farmacéuticas,Origanum vulgare,5
pmid:crossref_b0c2c39fb0648c6a,crossref_b0c2c39fb0648c6a,10.24841/fa.v33iv2.760,crossref,2024,Folia Amazónica,Plukenetia volubilis,5
pmid:crossref_b0f2f58773c37337,crossref_b0f2f58773c37337,10.15381/rpb.v26i2.16370,crossref,2019,Revista Peruana de Biología,Physalis peruviana,4
pmid:crossref_b103d2a6a94b6c1d,crossref_b103d2a6a94b6c1d,10.51392/rcidas.v1i2.8,crossref,2021,Revista Cientifica I+D Aswan Science,Chenopodium pallidicaule,5
pmid:crossref_b1057587f79c90ec,crossref_b1057587f79c90ec,10.15381/ci.v3i2.5328,crossref,2000,Ciencia e Investigación,Perezia multiflora,4
pmid:crossref_b12b7b2096f97ef0,crossref_b12b7b2096f97ef0,10.24323/akademik-gida.1186935,crossref,2022,Akademik Gıda,Chenopodium quinoa,4
pmid:crossref_b155c06d07fbd9ef,crossref_b155c06d07fbd9ef,10.22386/ca.v9i1.321,crossref,2021,Ciencia Amazónica (Iquitos),Polylepis rugulosa,4
pmid:crossref_b15ec72148407946,crossref_b15ec72148407946,10.18178/ijfe.7.1.1-6,crossref,2021,ETP International Journal of Food Engineering,Lupinus mutabilis,4
pmid:crossref_b20ae7c50d72c2ed,crossref_b20ae7c50d72c2ed,10.56294/sctconf2024.1426,crossref,2024,"Salud, Ciencia y Tecnología - Serie de Conferencias",Juglans neotropica,5
pmid:crossref_b28725cb04b6147e,crossref_b28725cb04b6147e,10.1093/oso/9780198541493.003.0010,crossref,1994,Eucalypt Domestication and Breeding,Eucalyptus globulus,3
pmid:crossref_b31ca75e4c14229b,crossref_b31ca75e4c14229b,10.15381/ci.v13i2.3231,crossref,2010,Ciencia e Investigación,Tagetes elliptica,5
pmid:crossref_b32ad929eb7fa5b5,crossref_b32ad929eb7fa5b5,10.1079/fc.40713.20210115047,crossref,,,Physalis peruviana,1
pmid:crossref_b3db6315aae82fea,crossref_b3db6315aae82fea,10.19053/uptc.24223719.19134,crossref,2025,Revista Colombiana de Ciencias Hortícolas,Ullucus tuberosus,6
pmid:crossref_b481206dbcc46579,crossref_b481206dbcc46579,10.1007/s11101-025-10087-9,crossref,2025,Phytochemistry Reviews,Passiflora ligularis,6
pmid:crossref_b4a4364eb75bc7e4,crossref_b4a4364eb75bc7e4,10.21142/tb.2021.1916,crossref,,,Annona muricata,5
pmid:crossref_b4d8cbf2c3574b65,crossref_b4d8cbf2c3574b65,10.3126/bdpr.v23i1.83350,crossref,2025,Journal of Plant Resources,Tagetes minuta,6
pmid:crossref_b521e45949612150,crossref_b521e45949612150,10.70675/8e79935fz71fdz49f3zaf24z1f20cdf84bcb,crossref,,,Opuntia ficus-indica,8
pmid:crossref_b52438e468811930,crossref_b52438e468811930,10.14719/pst.5758,crossref,2024,Plant Science Today,Psidium guajava,5
pmid:crossref_b589d215aa4449e1,crossref_b589d215aa4449e1,10.15381/anales.v66i4.1320,crossref,2013,Anales de la Facultad de Medicina,Myrciaria dubia,3
pmid:crossref_b595c54d5d202eae,crossref_b595c54d5d202eae,10.47352/bioactivities.2963-654x.195,crossref,2023,Bioactivities,Urtica urens,5
pmid:crossref_b5ba072fc23d092e,crossref_b5ba072fc23d092e,10.51189/rema/1095,crossref,2021,Anais do I Congresso Brasileiro de Biotecnologia On-line,Piper aduncum,7
pmid:crossref_b5cba1967b590f36,crossref_b5cba1967b590f36,10.1002/chin.200201190,crossref,2002,ChemInform,Calendula officinalis,1
pmid:crossref_b62e5f3dc85bfa1f,crossref_b62e5f3dc85bfa1f,10.15446/dyna.v88n216.86630,crossref,2021,DYNA,Satureja boliviana,3
pmid:crossref_b6a9a89fb2a04a01,crossref_b6a9a89fb2a04a01,10.58837/chula.the.2004.1050,crossref,,,Morinda citrifolia,5
pmid:crossref_b6f04fd438aaef54,crossref_b6f04fd438aaef54,10.63147/krjs.v2i2.25,crossref,2023,Kashmir Journal of Science,Taraxacum officinale,3
pmid:crossref_b74196600739359f,crossref_b74196600739359f,10.15381/ci.v9i1.5075,crossref,2006,Ciencia e Investigación,Minthostachys mollis,5
pmid:crossref_b75958fbbf8166cc,crossref_b75958fbbf8166cc,10.53591/recoa.v2i2.1673,crossref,2024,ECOAgropecuaria. Revista Científica Ecológica Agropecuaria,Theobroma cacao,5
pmid:crossref_b7a5ce22c6ab4adb,crossref_b7a5ce22c6ab4adb,10.70675/984aa85ez74afz4af2z945ez2b497ff97b23,crossref,,,Psidium guajava,8
pmid:crossref_b7bb4e0db0add6c1,crossref_b7bb4e0db0add6c1,10.1155/2016/3720850,crossref,2016,Advances in Pharmacological Sciences,Aloe vera,9
pmid:crossref_b7ff5d2f948597a1,crossref_b7ff5d2f948597a1,10.1002/chin.199919191,crossref,1999,ChemInform,Azorella compacta,1
pmid:crossref_b9a3f72bb43136c1,crossref_b9a3f72bb43136c1,10.15421/0225075,crossref,2025,Regulatory Mechanisms in Biosystems,Plantago major,6
pmid:crossref_b9e82fc0ac9028e6,crossref_b9e82fc0ac9028e6,10.51252/reacae.v5i1.1294,crossref,2026,Revista Amazónica de Ciencias Ambientales y Ecológicas,Opuntia ficus-indica,5
pmid:crossref_ba141ff9530fc1c2,crossref_ba141ff9530fc1c2,10.51673/jips.v4i2.1578,crossref,2023,JURNAL INOVASI PENDIDIKAN DAN SAINS,Uncaria guianensis,4
pmid:crossref_ba3a80afd2baa2d7,crossref_ba3a80afd2baa2d7,10.47328/ufvbbt.2023.583,crossref,,,Passiflora edulis,10
pmid:crossref_ba3f74c4ee305cb0,crossref_ba3f74c4ee305cb0,10.1177/1934578x0600101201,crossref,2006,Natural Product Communications,Maytenus macrocarpa,4
pmid:crossref_ba7b1b734e29da4d,crossref_ba7b1b734e29da4d,10.17305/bjbms.2005.3284,crossref,2005,Biomolecules and Biomedicine,Malva sylvestris,5
pmid:crossref_ba9428c2c5cca540,crossref_ba9428c2c5cca540,10.15446/dyna.v92n235.116091,crossref,2025,DYNA,Opuntia ficus-indica; Physalis peruviana,3
pmid:crossref_baf7cfae3a6332e9,crossref_baf7cfae3a6332e9,10.37711/rpcs.2021.3.2.301,crossref,2021,Revista Peruana de Ciencias de la Salud,Carica papaya,5
pmid:crossref_baf9a6b4b146773d,crossref_baf9a6b4b146773d,10.36490/journal-jps.com.v8i4.1150,crossref,2025,Journal of Pharmaceutical and Sciences,Smallanthus sonchifolius,4
pmid:crossref_bb353fcc10074073,crossref_bb353fcc10074073,10.37811/cl_rcm.v7i2.5499,crossref,2023,Ciencia Latina Revista Científica Multidisciplinar,Banisteriopsis caapi,5
pmid:crossref_bb3b44010ae3f5e9,crossref_bb3b44010ae3f5e9,10.32712/2446-4775.2019.783,crossref,2019,Revista Fitos,Verbena litoralis,4
pmid:crossref_bb88bc9fa3078d1c,crossref_bb88bc9fa3078d1c,10.21142/tl.2019.917,crossref,,,Baccharis latifolia; Kageneckia lanceolata; Opuntia ficus-indica,3
pmid:crossref_bbe75315a2356888,crossref_bbe75315a2356888,10.48175/ijarsct-7788,crossref,2022,"International Journal of Advanced Research in Science, Communication and Technology",Morinda citrifolia,4
pmid:crossref_bc0d28d5f3400c80,crossref_bc0d28d5f3400c80,10.51415/10321/1860,crossref,,,Calendula officinalis,6
pmid:crossref_bcb4dd9069e39b3e,crossref_bcb4dd9069e39b3e,10.5772/intechopen.100058,crossref,2021,Solanum tuberosum - A Promising Crop for Starvation Problem,Solanum tuberosum,4
pmid:crossref_bd2f7fbfea6eb354,crossref_bd2f7fbfea6eb354,10.9734/arja/2019/v11i130047,crossref,2019,Asian Research Journal of Agriculture,Amaranthus caudatus,7
pmid:crossref_be65ae73257f59ec,crossref_be65ae73257f59ec,10.1590/s1516-05722014000200010,crossref,2014,Revista Brasileira de Plantas Medicinais,Baccharis genistelloides,5
pmid:crossref_be65c43bbd576b2e,crossref_be65c43bbd576b2e,10.15381/rpb.v25i1.14034,crossref,2018,Revista Peruana de Biología,Lepidium meyenii,5
pmid:crossref_be77ce362c177f84,crossref_be77ce362c177f84,10.33262/cienciadigital.v3i2.6.570,crossref,2019,Ciencia Digital,Minthostachys mollis,5
pmid:crossref_be9309bad0814147,crossref_be9309bad0814147,10.54753/cedamaz.v13i2.1849,crossref,2023,CEDAMAZ,Cinchona officinalis,6
pmid:crossref_bf631704ea342cf1,crossref_bf631704ea342cf1,10.53287/mbmi5442pt35v,crossref,2023,REVISTA CON-CIENCIA,Opuntia soehrensii,7
pmid:crossref_bf6bdd8969030faa,crossref_bf6bdd8969030faa,10.1055/a-1159-4242,crossref,2020,Planta Medica International Open,Tropaeolum tuberosum,6
pmid:crossref_c02e089a27f4f0e5,crossref_c02e089a27f4f0e5,10.21142/tl.2021.2260,crossref,,,Tropaeolum tuberosum,5
pmid:crossref_c04bf22f00978299,crossref_c04bf22f00978299,10.15381/rpb.v10i1.2489,crossref,2003,Revista Peruana de Biología,Lepidium meyenii,4
pmid:crossref_c0c395264af0ca5a,crossref_c0c395264af0ca5a,10.38093/cupmap.1531116,crossref,2024,Current Perspectives on Medicinal and Aromatic Plants (CUPMAP),Calendula officinalis,6
pmid:crossref_c0e805b89a89176f,crossref_c0e805b89a89176f,10.1002/chin.199839211,crossref,1998,ChemInform,Tagetes minuta,1
pmid:crossref_c12ca1c11deac9d3,crossref_c12ca1c11deac9d3,10.54361/ajmas.269426,crossref,2026,AlQalam Journal of Medical and Applied Sciences,Matricaria chamomilla,4
pmid:crossref_c16c92f8f91d5898,crossref_c16c92f8f91d5898,10.18271/ria.2024.586,crossref,2024,Revista de Investigaciones Altoandinas - Journal of High Andean Research,Eucalyptus globulus; Minthostachys mollis,6
pmid:crossref_c2e24f79261ac19b,crossref_c2e24f79261ac19b,10.51252/raa.v1i2.190,crossref,2021,Revista Agrotecnológica Amazónica,Dracontium loretense,4
pmid:crossref_c3a10cf079f0584a,crossref_c3a10cf079f0584a,10.12692/ijb/28.1.169-178,crossref,2026,International Journal of Biosciences (IJB),Bixa orellana,5
pmid:crossref_c3f2b785365690e2,crossref_c3f2b785365690e2,10.58996/hmj.v6i1.74,crossref,2023,Herbal Medicine Journal,Aloe vera,4
pmid:crossref_c4142ad4e6a8e94e,crossref_c4142ad4e6a8e94e,10.9734/asrj/2020/v4i130085,crossref,2020,Asian Soil Research Journal,Amaranthus caudatus,5
pmid:crossref_c4a595c6aa92b865,crossref_c4a595c6aa92b865,10.21577/0100-4042.20170937,crossref,2022,Química Nova,Clinopodium bolivianum,4
pmid:crossref_c5a4bbbbe2397dde,crossref_c5a4bbbbe2397dde,10.22430/22565337.3417,crossref,2025,TecnoLógicas,Solanum tuberosum; Ullucus tuberosus,7
pmid:crossref_c5b4d33c87c2a8e6,crossref_c5b4d33c87c2a8e6,10.37885/240717072,crossref,2024,Plantas Medicinais: Sabedoria Tradicional e Ciência Moderna - Volume 1,Verbena litoralis,3
pmid:crossref_c5cf146b31b7629d,crossref_c5cf146b31b7629d,10.58837/chula.the.2006.998,crossref,,,Solanum tuberosum,5
pmid:crossref_c7b6ceac5f003616,crossref_c7b6ceac5f003616,10.23880/ppej-16000308,crossref,2022,Petroleum &amp; Petrochemical Engineering Journal,Matricaria chamomilla,3
pmid:crossref_c7c69b832089bd7e,crossref_c7c69b832089bd7e,10.51891/rease.v1i4.18452,crossref,2025,"Revista Ibero-Americana de Humanidades, Ciências e Educação",Piper aduncum,4
pmid:crossref_c7feccc88e466424,crossref_c7feccc88e466424,10.1002/jsfa.2740580210,crossref,1992,Journal of the Science of Food and Agriculture,Amaranthus caudatus,3
pmid:crossref_c885c9e7679fa708,crossref_c885c9e7679fa708,10.17509/edufortech.v6i1.33288,crossref,2021,EDUFORTECH,Theobroma cacao,4
pmid:crossref_c89764530ecf0e05,crossref_c89764530ecf0e05,10.15381/rpb.v26i1.15417,crossref,2019,Revista Peruana de Biología,Prosopis pallida,5
pmid:crossref_c8c294bc77f3bf2a,crossref_c8c294bc77f3bf2a,10.22579/22484817.719,crossref,2018,Revista Sistemas de Producción Agroecológicos,Sambucus peruviana,6
pmid:crossref_c8c6635e03db97cd,crossref_c8c6635e03db97cd,10.1002/chin.200711200,crossref,2007,ChemInform,Malva sylvestris,1
pmid:crossref_c8df1ff901a43c3e,crossref_c8df1ff901a43c3e,10.47820/recinter21.v1i1.12,crossref,2024,Revista Científica Interdisciplinar RECINTER21,Bixa orellana,5
pmid:crossref_c93817c96c0e3ace,crossref_c93817c96c0e3ace,10.31579/2835-8465/009,crossref,2023,Orthopedics Case Reports,Calendula officinalis,12
pmid:crossref_c949aa18f04f18ff,crossref_c949aa18f04f18ff,10.17163/lgr.n41.2025.09,crossref,2025,La Granja,Lupinus mutabilis,5
pmid:crossref_caa96b680f0d1a81,crossref_caa96b680f0d1a81,10.1177/1091581815625594,crossref,2016,International Journal of Toxicology,Ilex guayusa,7
pmid:crossref_cae9bd567fd8224d,crossref_cae9bd567fd8224d,10.31227/osf.io/yp7bu,crossref,,,Morinda citrifolia,6
pmid:crossref_caeac6ae309a1193,crossref_caeac6ae309a1193,10.26897/0021-342x-2023-6-5-13,crossref,2023,Izvestiâ Timirâzevskoj selʹskohozâjstvennoj akademii,Origanum vulgare,5
pmid:crossref_cb40d89c05b49342,crossref_cb40d89c05b49342,10.47820/recima21.v5i6.5311,crossref,2024,RECIMA21 - Revista Científica Multidisciplinar - ISSN 2675-6218,Origanum vulgare,5
pmid:crossref_cb5f0d305b9065df,crossref_cb5f0d305b9065df,10.4103/ijdr.ijdr_436_19,crossref,2021,Indian Journal of Dental Research,Morinda citrifolia,9
pmid:crossref_cb6f8cc01448cca7,crossref_cb6f8cc01448cca7,10.47285/far.v2i1.31,crossref,2021,Forestry &amp; Agriculture Review,Annona muricata,4
pmid:crossref_cb720d9fba45c341,crossref_cb720d9fba45c341,10.15381/ci.v10i2.4964,crossref,2007,Ciencia e Investigación,Krameria lappacea,7
pmid:crossref_cb7b402fa5bd513b,crossref_cb7b402fa5bd513b,10.1590/1983-40632023v5377482,crossref,2023,Pesquisa Agropecuária Tropical,Piper aduncum,5
pmid:crossref_cbb2eedb6efa50fe,crossref_cbb2eedb6efa50fe,10.37761/rsqp.v86i2.280,crossref,2020,Revista de la Sociedad Química del Perú,Ullucus tuberosus,3
pmid:crossref_cbbbe20a8a3584b1,crossref_cbbbe20a8a3584b1,10.11144/javeriana.10554.50471,crossref,,,Ilex guayusa,10
pmid:crossref_cbcc6a317a4a301e,crossref_cbcc6a317a4a301e,10.5772/intechopen.1003779,crossref,2023,Medicinal Plants - Harnessing the Healing Power of Plants,Punica granatum,5
pmid:crossref_cbd93fa3de370157,crossref_cbd93fa3de370157,10.18845/rfmk.v22i50.7761,crossref,2025,Revista Forestal Mesoamericana Kurú,Juglans neotropica,3
pmid:crossref_cc3ee58660f56b9a,crossref_cc3ee58660f56b9a,10.37360/blacpma.25.24.3.27,crossref,2025,Boletin Latinoamericano y del Caribe de Plantas Medicinales y Aromaticas,Clinopodium bolivianum,4
pmid:crossref_cc3f8aa71b9a7b1a,crossref_cc3f8aa71b9a7b1a,10.47328/ufvbbt.2025.786,crossref,,,Myrciaria dubia,10
pmid:crossref_cc571c58db2c36b4,crossref_cc571c58db2c36b4,10.29019/enfoqueute.v8n3.165,crossref,2017,Enfoque UTE,Vallea stipularis,5
pmid:crossref_cd7cf10370e95635,crossref_cd7cf10370e95635,10.24841/fa.v31i2.567,crossref,2022,Folia Amazónica,Myrciaria dubia,4
pmid:crossref_ce21629d894c702a,crossref_ce21629d894c702a,10.46357/bcnaturais.v9i3.516,crossref,2014,Boletim do Museu Paraense Emílio Goeldi - Ciências Naturais,Uncaria guianensis; Uncaria tomentosa,5
pmid:crossref_ce37fdf7b80ada59,crossref_ce37fdf7b80ada59,10.1590/1809-43921987171174,crossref,1987,Acta Amazonica,Myrciaria dubia,3
pmid:crossref_ce600894793ca3aa,crossref_ce600894793ca3aa,10.33262/ap.v4i3.2.280,crossref,2022,AlfaPublicaciones,Juglans neotropica,6
pmid:crossref_cebca8aaea5911b1,crossref_cebca8aaea5911b1,10.15688/nsr.jvolsu.2021.3.2,crossref,2021,Natural Systems and Resources,Taraxacum officinale,6
pmid:crossref_cee8a529239f2631,crossref_cee8a529239f2631,10.22616/lbtuthesis/2025.002,crossref,,,Origanum vulgare,8
pmid:crossref_cf1ee0036811a9b2,crossref_cf1ee0036811a9b2,10.53719/rca.2025.874,crossref,2025,Revista de Ciencias Agrarias,Chenopodium pallidicaule; Chenopodium quinoa,5
pmid:crossref_cf9ca30b8a4ebde7,crossref_cf9ca30b8a4ebde7,10.21931/rb/2023.08.03.101,crossref,2023,Bionatura,Maytenus macrocarpa,6
pmid:crossref_d0df55209fc17e1b,crossref_d0df55209fc17e1b,10.21142/tl.2006.422,crossref,,,Buddleja incana,3
pmid:crossref_d146ba49c3e87f64,crossref_d146ba49c3e87f64,10.57166/micaela.v6.n1.2025.170,crossref,2024,Micaela Revista de Investigación - UNAMBA,Tropaeolum tuberosum,4
pmid:crossref_d154742b435ee5a0,crossref_d154742b435ee5a0,10.52099/renut.v10i1.239,crossref,2017,Revista especializada de Nutricion (ReNut),Chenopodium pallidicaule,5
pmid:crossref_d1a9521b0cfeefb5,crossref_d1a9521b0cfeefb5,10.17221/8322-cjfs,crossref,2000,Czech Journal of Food Sciences,Chenopodium quinoa,1
pmid:crossref_d1e8466529d0daeb,crossref_d1e8466529d0daeb,10.47280/revfacagron(luz).v39.n2.01,crossref,2022,"Revista de la Facultad de Agronomía, Universidad del Zulia",Chenopodium pallidicaule,5
pmid:crossref_d2167b1b98ab9f9a,crossref_d2167b1b98ab9f9a,10.22267/rcia.20254202.269,crossref,2025,Revista de Ciencias Agrícolas,Theobroma cacao,5
pmid:crossref_d2221cd48f26a1f5,crossref_d2221cd48f26a1f5,10.51440/unsch.revistainvestigacion.31.1.2024.683,crossref,2024,Investigación,Prosopis pallida,4
pmid:crossref_d22a6edd46b26ee9,crossref_d22a6edd46b26ee9,10.30574/wjarr.2021.12.2.0570,crossref,2021,World Journal of Advanced Research and Reviews,Taraxacum officinale,6
pmid:crossref_d261f92d4ce394f2,crossref_d261f92d4ce394f2,10.24039/rtb2019172351,crossref,2020,The Biologist,Stipa ichu,7
pmid:crossref_d2d6de16274e21d7,crossref_d2d6de16274e21d7,10.21776/ub.jkptb.2023.011.03.09,crossref,2023,Jurnal Keteknikan Pertanian Tropis dan Biosistem,Passiflora ligularis,4
pmid:crossref_d2d80621339acb37,crossref_d2d80621339acb37,10.52151/jae2023603.1813,crossref,2025,Journal of Agricultural Engineering (India),Argemone mexicana,4
pmid:crossref_d2da9163c1c1007d,crossref_d2da9163c1c1007d,10.5902/2179460x25405,crossref,1985,Ciência e Natura,Achyrocline alata,1
pmid:crossref_d2dbfd695c0436a3,crossref_d2dbfd695c0436a3,10.19083/tesis/654707,crossref,,,Lepidium meyenii,5
pmid:crossref_d32b2bbc514c8d5c,crossref_d32b2bbc514c8d5c,10.1002/fedr.19660730204,crossref,1966,Feddes Repertorium,Malva sylvestris,1
pmid:crossref_d3480f41f1f23ea4,crossref_d3480f41f1f23ea4,10.35286/veritas.v22i2.319,crossref,2022,Veritas,Schinus molle,4
pmid:crossref_d3ef29dd2602ee7b,crossref_d3ef29dd2602ee7b,10.31674/book.2025hcbssd009,crossref,2025,Harmonising Chemical and Biological Sciences for Sustainable Development,Psidium guajava,4
pmid:crossref_d45950b2b0329d61,crossref_d45950b2b0329d61,10.26788/ri.v13i2.5987,crossref,2024,Revista de Investigaciones,Amaranthus caudatus,5
pmid:crossref_d47ed02d8b974b49,crossref_d47ed02d8b974b49,10.54288/yotantsipanko.v3i2.35,crossref,2023,Yotantsipanko,Piper aduncum,3
pmid:crossref_d4a9fd80612b2b6f,crossref_d4a9fd80612b2b6f,10.56469/rcti.v20i26.708,crossref,2022,"Revista de Ciencia, Tecnología e Innovación",Senecio nutans,5
pmid:crossref_d4ccc075e53e9dc7,crossref_d4ccc075e53e9dc7,10.25127/riagrop.20213.703,crossref,2021,Revista de investigación Agropecuaria Science and Biotechnology,Passiflora ligularis,6
pmid:crossref_d5136482117a3765,crossref_d5136482117a3765,10.15517/rev.biol.trop..v71i1.51101,crossref,2023,Revista de Biología Tropical,Theobroma cacao,7
pmid:crossref_d5291dffb7f4fc81,crossref_d5291dffb7f4fc81,10.47760/ijpsm.2023.v08i05.009,crossref,2023,International Journal of Pharmaceutical Sciences and Medicine,Psidium guajava,4
pmid:crossref_d52d8932ac6837a6,crossref_d52d8932ac6837a6,10.14720/ns.4.1.5-11,crossref,2002,Natura Sloveniae,Origanum vulgare,1
pmid:crossref_d55362c86fe03f4b,crossref_d55362c86fe03f4b,10.34062/afs.v1i1.1473,crossref,2014,Advances in Forestry Science,Mauritia flexuosa,4
pmid:crossref_d55810e704522e68,crossref_d55810e704522e68,10.33448/rsd-v10i15.23280,crossref,2021,"Research, Society and Development",Morinda citrifolia,4
pmid:crossref_d55a20d137591a06,crossref_d55a20d137591a06,10.1071/9780643104204.argemone,crossref,2012,Biological Control of Weeds in Australia,Argemone mexicana,3
pmid:crossref_d5ab1b16af2774b6,crossref_d5ab1b16af2774b6,10.1002/nt.2620010204,crossref,1992,Natural Toxins,Werneria nubigena,1
pmid:crossref_d6889e376cbce818,crossref_d6889e376cbce818,10.18502/espoch.v1i5.9573,crossref,2021,ESPOCH Congresses: The Ecuadorian Journal of S.T.E.A.M.,Oxalis tuberosa,10
pmid:crossref_d69fda4e6a85b297,crossref_d69fda4e6a85b297,10.15381/idata.v11i1.6042,crossref,2014,Industrial Data,Oxalis tuberosa,3
pmid:crossref_d6d1b4ac6070e502,crossref_d6d1b4ac6070e502,10.15446/rfnam.v74n3.93020,crossref,2021,Revista Facultad Nacional de Agronomía Medellín,Tropaeolum tuberosum,5
pmid:crossref_d741cf6398c24872,crossref_d741cf6398c24872,10.33017/reveciperu2019.0003/,crossref,2019,Revista ECIPeru,Tessaria integrifolia,15
pmid:crossref_d76f0217f731d545,crossref_d76f0217f731d545,10.14295/idonline.v17i67.3785,crossref,2023,ID on line. Revista de psicologia,Croton lechleri,4
pmid:crossref_d7b17d1ff524eee9,crossref_d7b17d1ff524eee9,10.55905/oelv23n2-102,crossref,2025,OBSERVATÓRIO DE LA ECONOMÍA LATINOAMERICANA,Banisteriopsis caapi; Psychotria viridis,5
pmid:crossref_d7cb14ae42d6eb16,crossref_d7cb14ae42d6eb16,10.1590/s0100-83582010000200008,crossref,2010,Planta Daninha,Solanum americanum,4
pmid:crossref_d80a02a39639081e,crossref_d80a02a39639081e,10.59520/bapp.bapb/myxg9481,crossref,2019,,Aloe vera,3
pmid:crossref_d83f3735a2210db4,crossref_d83f3735a2210db4,10.1079/fc.4192.20210113862,crossref,,,Aloe vera,1
pmid:crossref_d904a590afb235e4,crossref_d904a590afb235e4,10.70598/rebd2319pk43,crossref,2025,"Revista Ciencia, Tecnologia &amp; Sociedad",Smallanthus sonchifolius,13
pmid:crossref_d93f7cc9231f08ec,crossref_d93f7cc9231f08ec,10.24841/fa.v33i1.737,crossref,2024,Folia Amazónica,Theobroma cacao,4
pmid:crossref_d9de84fcefa04ffc,crossref_d9de84fcefa04ffc,10.55041/isjem05871,crossref,2026,International Scientific Journal of Engineering &amp; Management,Matricaria chamomilla,6
pmid:crossref_dad772807f130089,crossref_dad772807f130089,10.22267/rcia.223902.180,crossref,2022,Revista de Ciencias Agrícolas,Passiflora ligularis,4
pmid:crossref_db169bcfa81d4ab0,crossref_db169bcfa81d4ab0,10.1590/s0100-83582012000100010,crossref,2012,Planta Daninha,Solanum americanum,6
pmid:crossref_db4eb1a3dad2e65f,crossref_db4eb1a3dad2e65f,10.1002/tax.12407,crossref,2021,TAXON,Banisteriopsis caapi,1
pmid:crossref_dbd1b0730bd6168f,crossref_dbd1b0730bd6168f,10.58837/chula.the.2004.1574,crossref,,,Morinda citrifolia,8
pmid:crossref_dc82c55f3d7ba1db,crossref_dc82c55f3d7ba1db,10.24180/ijaws.381564,crossref,2018,Uluslararası Tarım ve Yaban Hayatı Bilimleri Dergisi,Rosmarinus officinalis,4
pmid:crossref_dc90e109f8f19802,crossref_dc90e109f8f19802,10.21203/rs.3.rs-3764770/v1,crossref,,,Cinchona officinalis,6
pmid:crossref_dc9f49e66810e2e7,crossref_dc9f49e66810e2e7,10.51758/agjsr-1/2/3/4-2017-0005,crossref,2017,Arab Gulf Journal of Scientific Research,Rosmarinus officinalis,5
pmid:crossref_ddc71a20e90e6c85,crossref_ddc71a20e90e6c85,10.22487/j24428744..v.i.16076,crossref,2022,Jurnal Farmasi Galenika (Galenika Journal of Pharmacy) (e-Journal),Smallanthus sonchifolius,6
pmid:crossref_ddd430443c981f36,crossref_ddd430443c981f36,10.23857/dc.v12i1.4734,crossref,2026,Dominio de las Ciencias,Oxalis tuberosa; Tropaeolum tuberosum,5
pmid:crossref_ddf6fa7a3abfdf21,crossref_ddf6fa7a3abfdf21,10.3390/chemengineering7030049,crossref,2023,ChemEngineering,Minthostachys mollis,4
pmid:crossref_de18dff2523fa912,crossref_de18dff2523fa912,10.14295/cs.v16.4346,crossref,2025,Comunicata Scientiae,Ullucus tuberosus,5
pmid:crossref_de4769b480bf861a,crossref_de4769b480bf861a,10.29019/enfoqueute.1164,crossref,2025,Enfoque UTE,Lupinus mutabilis,5
pmid:crossref_de6a1873fec4a707,crossref_de6a1873fec4a707,10.17268/agroind.sci.2022.02.02,crossref,2022,Agroindustrial Science,Chenopodium pallidicaule,4
pmid:crossref_dea0a781c8b3d4ee,crossref_dea0a781c8b3d4ee,10.1002/chin.199745216,crossref,1997,ChemInform,Azorella compacta,1
pmid:crossref_debc1165d7db9a86,crossref_debc1165d7db9a86,10.51470/plantarchives.2021.v21.no1.189,crossref,2021,PLANT ARCHIVES,Tagetes minuta,3
pmid:crossref_df042d486a94177f,crossref_df042d486a94177f,10.14710/reaktor.19.1.26-33,crossref,2019,Reaktor,Aloe vera; Annona muricata,5
pmid:crossref_df3323dbed48286b,crossref_df3323dbed48286b,10.21203/rs.3.rs-3019311/v4,crossref,,,Taraxacum officinale,6
pmid:crossref_df4818b12d016aee,crossref_df4818b12d016aee,10.55996/dekamuagropec.v4i2.194,crossref,2023,Revista Científica Dékamu Agropec,Tagetes elliptica; Tagetes minuta,5
pmid:crossref_df4d6c4d9517910a,crossref_df4d6c4d9517910a,10.37761/rsqp.v86i3.296,crossref,2020,Revista de la Sociedad Química del Perú,Oenothera rosea,5
pmid:crossref_dfe002cf4ff3eb93,crossref_dfe002cf4ff3eb93,10.1590/s0100-83582005000400004,crossref,2005,Planta Daninha,Carica papaya,5
pmid:crossref_e0187c47283b90a0,crossref_e0187c47283b90a0,10.37787/pakamuros-unj.v10i1.264,crossref,2022,Revista Científica Pakamuros,Schinus molle,4
pmid:crossref_e02d84cfc26fe664,crossref_e02d84cfc26fe664,10.47280/revfacagron(luz).v42.n3.ix,crossref,2025,"Revista de la Facultad de Agronomía, Universidad del Zulia",Annona muricata,5
pmid:crossref_e06a68c41c14caf2,crossref_e06a68c41c14caf2,10.25258/ijpapr.v9i1.8051,crossref,2017,International Journal of Pharmacognosy and Phytochemical Research,Calendula officinalis,4
pmid:crossref_e07e639edae18a59,crossref_e07e639edae18a59,10.37090/3413qz27,crossref,2025,JFL : Jurnal Farmasi Lampung,Passiflora edulis,6
pmid:crossref_e0919759b59dfd2c,crossref_e0919759b59dfd2c,10.51440/unsch.revistainvestigacion.32.2.2025.672,crossref,2025,Investigación,Oenothera rosea; Piper aduncum,3
pmid:crossref_e0e5da98797534db,crossref_e0e5da98797534db,10.18502/keg.v5i2.6278,crossref,2020,KnE Engineering,Juglans neotropica,10
pmid:crossref_e12cedd6c5f1147b,crossref_e12cedd6c5f1147b,10.21273/hortsci.33.3.482e,crossref,1998,HortScience,Erythroxylum coca,4
pmid:crossref_e1c062a879e17b30,crossref_e1c062a879e17b30,10.21070/jtfat.v2i02.1584,crossref,2021,Journal of Tropical Food and Agroindustrial Technology,Aloe vera,4
pmid:crossref_e26bed081127afa6,crossref_e26bed081127afa6,10.5994/jei.12.2.100,crossref,2016,Jurnal Entomologi Indonesia,Piper aduncum,4
pmid:crossref_e273a3e6198ca85e,crossref_e273a3e6198ca85e,10.1071/ea01129,crossref,2002,Australian Journal of Experimental Agriculture,Prosopis pallida,4
pmid:crossref_e2a62525ec549043,crossref_e2a62525ec549043,10.21930/agrosavia.poster.2018.13,crossref,2018,,Passiflora ligularis,3
pmid:crossref_e2dbd764d0bc6a71,crossref_e2dbd764d0bc6a71,10.1002/ecs2.3031,crossref,2020,Ecosphere,Azorella compacta,5
pmid:crossref_e2e8b72905cf7ab3,crossref_e2e8b72905cf7ab3,10.1590/s0100-83581998000200008,crossref,1998,Planta Daninha,Solanum americanum,5
pmid:crossref_e31462420ecb4860,crossref_e31462420ecb4860,10.21503/cyd.v17i1.1097,crossref,2016,Ciencia y Desarrollo,Croton lechleri,5
pmid:crossref_e3189ec01ee71831,crossref_e3189ec01ee71831,10.33326/26176068.2015.2.581,crossref,2019,Revista Médica Basadrina,Grindelia boliviana,6
pmid:crossref_e322fc3f66cf5ca5,crossref_e322fc3f66cf5ca5,10.24841/fa.v20i1-2.357,crossref,2011,Folia Amazónica,Myrciaria dubia,4
pmid:crossref_e36b622c8a5e3658,crossref_e36b622c8a5e3658,10.33326/26176033.2014.17.381,crossref,2019,Ciencia &amp; Desarrollo,Clinopodium bolivianum,8
pmid:crossref_e3af46617fcd4d19,crossref_e3af46617fcd4d19,10.31055/1851.2372.v48.n2.5897,crossref,1970,Boletín de la Sociedad Argentina de Botánica,Smallanthus sonchifolius,7
pmid:crossref_e3c29bc4bf046546,crossref_e3c29bc4bf046546,10.32473/edis-fp077-1999,crossref,2007,EDIS,Brunfelsia grandiflora,3
pmid:crossref_e3d3a1019998db29,crossref_e3d3a1019998db29,10.7124/feeo.v32.1553,crossref,2023,Faktori eksperimental'noi evolucii organizmiv,Argemone mexicana,4
pmid:crossref_e3f1f8059357421b,crossref_e3f1f8059357421b,10.20944/preprints202603.2087.v1,crossref,,,Ilex guayusa,5
pmid:crossref_e4141520b6e3ad13,crossref_e4141520b6e3ad13,10.15381/rpb.v11i1.2440,crossref,2004,Revista Peruana de Biología,Lepidium meyenii,3
pmid:crossref_e476e7871f6bd717,crossref_e476e7871f6bd717,10.18050/revistamedicavallejiana.v9i1.2510,crossref,2020,REVISTA MÉDICA VALLEJIANA/ Vallejian Medical Journal,Copaifera paupera,4
pmid:crossref_e53f8ee96cd95cee,crossref_e53f8ee96cd95cee,10.3390/agriculture11121211,crossref,2021,Agriculture,Origanum vulgare,4
pmid:crossref_e578310bd57694ad,crossref_e578310bd57694ad,10.70675/5f2dcdd0ze060z44e7z81b8z5ca160e58d44,crossref,,,Caesalpinia spinosa,9
pmid:crossref_e57cd2674828c295,crossref_e57cd2674828c295,10.46265/genresj.zdew3901,crossref,2025,Genetic Resources,Smallanthus sonchifolius,4
pmid:crossref_e5bb59c28ea89103,crossref_e5bb59c28ea89103,10.1590/s0100-204x2007000700019,crossref,2007,Pesquisa Agropecuária Brasileira,Piper aduncum,3
pmid:crossref_e5c5c8b2d92298f5,crossref_e5c5c8b2d92298f5,10.1002/chin.199808216,crossref,1998,ChemInform,Werneria nubigena,1
pmid:crossref_e5ed2c2652c8a65e,crossref_e5ed2c2652c8a65e,10.1186/s13765-024-00960-0,crossref,2024,Applied Biological Chemistry,Morinda citrifolia,4
pmid:crossref_e60495db57564b3a,crossref_e60495db57564b3a,10.46311/2178-2571.36.eurj3728,crossref,2021,Uningá Review,Malva sylvestris,4
pmid:crossref_e60ab1b26e916948,crossref_e60ab1b26e916948,10.6000/1927-5129.2018.14.33,crossref,2018,Journal of Basic &amp; Applied Sciences,Carica papaya,4
pmid:crossref_e659f428b0617973,crossref_e659f428b0617973,10.2174/9789815274882124010008,crossref,2024,Herbs for Disease Prevention and Treatment,Solanum americanum,3
pmid:crossref_e65f22b95d2fbc1c,crossref_e65f22b95d2fbc1c,10.24323/akademik-gida.1187031,crossref,2022,Akademik Gıda,Rosmarinus officinalis,6
pmid:crossref_e6761fa4cf1569c7,crossref_e6761fa4cf1569c7,10.19083/tesis/653598,crossref,,,Myrciaria dubia,7
pmid:crossref_e6b547da4e69786f,crossref_e6b547da4e69786f,10.56899/153.05.24,crossref,2024,Philippine Journal of Science,Origanum vulgare,5
pmid:crossref_e742b709a15d8ce1,crossref_e742b709a15d8ce1,10.59590/upsjb/fi.ing.agro/tesis/6023,crossref,,,Lupinus mutabilis,5
pmid:crossref_e7702ba399a56305,crossref_e7702ba399a56305,10.53470/riu.v11i2.65,crossref,2021,Revista Investigación Universitaria,Myrciaria dubia,5
pmid:crossref_e770825f87ac3527,crossref_e770825f87ac3527,10.1002/jlac.199619960523,crossref,1996,Liebigs Annalen,Ullucus tuberosus,3
pmid:crossref_e7768fd736c12d3e,crossref_e7768fd736c12d3e,10.22541/au.170664028.81221753/v1,crossref,,,Origanum vulgare,4
pmid:crossref_e7b8065c3c34e531,crossref_e7b8065c3c34e531,10.21142/tl.2023.2889,crossref,,,Eucalyptus globulus,5
pmid:crossref_e7d574025834bca1,crossref_e7d574025834bca1,10.21448/ijsm.478267,crossref,2018,International Journal of Secondary Metabolite,Amaranthus caudatus,3
pmid:crossref_e7df4cad92362aa8,crossref_e7df4cad92362aa8,10.53771/ijbpsa.2022.3.2.0041,crossref,2022,International Journal of Biological and Pharmaceutical Sciences Archive,Carica papaya,2
pmid:crossref_e7eaa328093b20c0,crossref_e7eaa328093b20c0,10.18016/ksutarimdoga.vi.745649,crossref,2021,Kahramanmaraş Sütçü İmam Üniversitesi Tarım ve Doğa Dergisi,Calendula officinalis,5
pmid:crossref_e813dbe445ffd49c,crossref_e813dbe445ffd49c,10.37317/biul-2005-0018,crossref,2005,Biuletyn Instytutu Hodowli i Aklimatyzacji Roślin,Solanum tuberosum,1
pmid:crossref_e8449a0952a7bd11,crossref_e8449a0952a7bd11,10.15330/jpnubio.12.141-148,crossref,2025,Journal of Vasyl Stefanyk Precarpathian National University. Biology,Origanum vulgare,3
pmid:crossref_e88207c193096ba1,crossref_e88207c193096ba1,10.21203/rs.3.rs-3274241/v1,crossref,,,Aloe vera,3
pmid:crossref_e8820c2740f8cf6b,crossref_e8820c2740f8cf6b,10.58843/ornneo.v30i0.443,crossref,2020,Ornitología Neotropical,Polylepis rugulosa,6
pmid:crossref_e97f1e008b2c448f,crossref_e97f1e008b2c448f,10.4081/jear.2018.7241,crossref,2018,Journal of Entomological and Acarological Research,Tagetes minuta,4
pmid:crossref_e986f09d11df861e,crossref_e986f09d11df861e,10.1186/s42779-025-00270-w,crossref,2025,Journal of Ethnic Foods,Prosopis pallida,5
pmid:crossref_e9e882692aa0ec77,crossref_e9e882692aa0ec77,10.35286/veritas.v20i2.250,crossref,2019,Veritas,Minthostachys mollis,4
pmid:crossref_e9f13e0055a930f3,crossref_e9f13e0055a930f3,10.51415/10321/25,crossref,,,Urtica urens,4
pmid:crossref_ea24b460696675d5,crossref_ea24b460696675d5,10.26722/rpmi.2019.v4n4.495,crossref,2019,Revista Peruana de Medicina Integrativa,Croton lechleri,3
pmid:crossref_ea5348bd2f8b7395,crossref_ea5348bd2f8b7395,10.29244/jintp.18.1.19-23,crossref,2020,Jurnal Ilmu Nutrisi dan Teknologi Pakan,Taraxacum officinale,14
pmid:crossref_eb338e8bef277652,crossref_eb338e8bef277652,10.26434/chemrxiv-2023-1z7nk,crossref,,,Psidium guajava,5
pmid:crossref_eb78afdfb8fb0a58,crossref_eb78afdfb8fb0a58,10.55813/gaea/ccri/v5/n2/644,crossref,2024,Código Científico Revista de Investigación,Urtica urens,4
pmid:crossref_eb9084ef6da3e1d7,crossref_eb9084ef6da3e1d7,10.70151/3rzpy152,crossref,2000,Revista Brasileira de Plantas Medicinais,Passiflora edulis,3
pmid:crossref_ebebce761996eb6d,crossref_ebebce761996eb6d,10.15446/acag.v72n2.106047,crossref,2024,Acta Agronómica,Physalis peruviana,4
pmid:crossref_ebef9b8253d77bd2,crossref_ebef9b8253d77bd2,10.30574/wjarr.2020.8.1.0376,crossref,2020,World Journal of Advanced Research and Reviews,Punica granatum,3
pmid:crossref_ec25db61266590fa,crossref_ec25db61266590fa,10.33084/jsm.v6i2.1535,crossref,2021,Jurnal Surya Medika,Bixa orellana,4
pmid:crossref_ec7854450428c074,crossref_ec7854450428c074,10.11002/kjfp.2020.27.6.781,crossref,2020,Korean Journal of Food Preservation,Plukenetia volubilis,4
pmid:crossref_ecc43be46c67e44f,crossref_ecc43be46c67e44f,10.17163/lgr.n37.2023.02,crossref,2023,La Granja,Baccharis latifolia,5
pmid:crossref_eccaabce32cb6026,crossref_eccaabce32cb6026,10.70151/fte5cj12,crossref,2000,Revista Brasileira de Plantas Medicinais,Matricaria chamomilla,3
pmid:crossref_ecde747e28ef4af7,crossref_ecde747e28ef4af7,10.70151/jwhzme38,crossref,2002,Revista Brasileira de Plantas Medicinais,Uncaria tomentosa,6
pmid:crossref_ed73d8c72afd3326,crossref_ed73d8c72afd3326,10.1055/a-1949-8895,crossref,2023,Planta Medica,Origanum vulgare,6
pmid:crossref_edabbc43fab96a81,crossref_edabbc43fab96a81,10.36436/24223484.473,crossref,2024,Ciencias Agropecuarias,Plukenetia volubilis,5
pmid:crossref_ee593d7bbe055f4c,crossref_ee593d7bbe055f4c,10.36718/1819-4036-2020-3-20-28,crossref,2020,Bulletin of KSAU,Punica granatum,6
pmid:crossref_ee672cad03feabae,crossref_ee672cad03feabae,10.15381/rpb.v25i1.14345,crossref,2018,Revista Peruana de Biología,Krameria lappacea,4
pmid:crossref_ef66d1b5d4dcd0c2,crossref_ef66d1b5d4dcd0c2,10.37815/rte.v37n1.1301,crossref,2025,Revista Tecnológica - ESPOL,Mauritia flexuosa,5
pmid:crossref_f02c9abe44a683fb,crossref_f02c9abe44a683fb,10.26178/ae.2023.40.12.005,crossref,2023,ПРОБЛЕМЫ АГРОХИМИИ И ЭКОЛОГИИ,Calendula officinalis,8
pmid:crossref_f0b088e4d01afb75,crossref_f0b088e4d01afb75,10.15381/rpb.v22i2.11352,crossref,2015,Revista Peruana de Biología,Smallanthus sonchifolius,5
pmid:crossref_f1054f29b4748b11,crossref_f1054f29b4748b11,10.36560/16920231776,crossref,2023,Scientific Electronic Archives,Matricaria chamomilla,5
pmid:crossref_f125f4494a11d5aa,crossref_f125f4494a11d5aa,10.31727/gzb.41.5.2,crossref,2018,Glasnik zaštite bilja,Matricaria chamomilla,5
pmid:crossref_f13033bb4e49cabe,crossref_f13033bb4e49cabe,10.56926/repia.v4i2.102,crossref,2025,Revista Peruana de Investigación Agropecuaria,Myrciaria dubia,5
pmid:crossref_f161a97234f04b39,crossref_f161a97234f04b39,10.11646/phytotaxa.585.1.2,crossref,2023,Phytotaxa,Banisteriopsis caapi,3
pmid:crossref_f1848ce06a52fc51,crossref_f1848ce06a52fc51,10.53902/mtahs.2025.04.000508,crossref,2025,Modern Techniques in Agricultural and Horticultural Sciences,Theobroma cacao,5
pmid:crossref_f1d898948c833b14,crossref_f1d898948c833b14,10.1002/chin.199906208,crossref,1999,ChemInform,Argemone mexicana,1
pmid:crossref_f310b034b9d2ca04,crossref_f310b034b9d2ca04,10.24841/fa.v4i1.168,crossref,1992,Folia Amazónica,Myrciaria dubia,2
pmid:crossref_f34c0e6d8b087496,crossref_f34c0e6d8b087496,10.1177/0094582x241238715,crossref,2024,Latin American Perspectives,Azorella compacta,4
pmid:crossref_f40e03c1881bae9f,crossref_f40e03c1881bae9f,10.53591/recoa.v1i2.347,crossref,2022,ECOAgropecuaria. Revista Científica Ecológica Agropecuaria,Ilex guayusa,4
pmid:crossref_f4303ef3f6d17613,crossref_f4303ef3f6d17613,10.53470/riu.v12i1.87,crossref,2022,Revista Investigación Universitaria,Myrciaria dubia,5
pmid:crossref_f43d91d32801fe56,crossref_f43d91d32801fe56,10.17268/agroind.sci.2022.01.12,crossref,2022,Agroindustrial Science,Tropaeolum tuberosum,4
pmid:crossref_f4c59c84ea6570e7,crossref_f4c59c84ea6570e7,10.55756/hm.v1i2.39,crossref,2020,Health Media,Aloe vera,4
pmid:crossref_f4e09e7c6dbcafb7,crossref_f4e09e7c6dbcafb7,10.29136/mediterranean.1428267,crossref,2024,Mediterranean Agricultural Sciences,Solanum americanum,2
pmid:crossref_f4e0dc6101f75553,crossref_f4e0dc6101f75553,10.21203/rs.3.rs-257651/v1,crossref,,,Schinus molle,6
pmid:crossref_f5216469405ce5dc,crossref_f5216469405ce5dc,10.62452/9s14qq32,crossref,2023,Revista Metropolitana de Ciencias Aplicadas,Aloe vera,4
pmid:crossref_f55b666dcca50835,crossref_f55b666dcca50835,10.21142/tl.2023.2993,crossref,,,Verbena litoralis,4
pmid:crossref_f5b5328ba9f6c449,crossref_f5b5328ba9f6c449,10.47328/ufvbbt.2024.052,crossref,,,Bixa orellana,6
pmid:crossref_f5d9ab71302147d9,crossref_f5d9ab71302147d9,10.23880/oajvsr-16000237,crossref,2023,Open Access Journal of Veterinary Science &amp; Research,Aloe vera,3
pmid:crossref_f5df2678a390141b,crossref_f5df2678a390141b,10.17268/agroind.sci.2024.01.01,crossref,2024,Agroindustrial Science,Carica papaya,4
pmid:crossref_f620c21f476cb5b7,crossref_f620c21f476cb5b7,10.15446/rcciquifa.v44n1.54281,crossref,2015,Revista Colombiana de Ciencias Químico-Farmacéuticas,Physalis peruviana,6
pmid:crossref_f6231a9750b2d522,crossref_f6231a9750b2d522,10.20453/reh.v32i4.4376,crossref,2022,Revista Estomatológica Herediana,Erythroxylum coca,5
pmid:crossref_f649a0f1e39bc111,crossref_f649a0f1e39bc111,10.70577/asce.v4i4.560,crossref,2025,ASCE MAGAZINE,Matricaria chamomilla,5
pmid:crossref_f64c70b74b59cdd3,crossref_f64c70b74b59cdd3,10.47191/ijahm/v15i2.08,crossref,2025,International Journal of Ayurvedic &amp; Herbal Medicine,Bixa orellana,4
pmid:crossref_f691a1d718b5e390,crossref_f691a1d718b5e390,10.47993/gmb.v45i2.441,crossref,2022,Gaceta Médica Boliviana,Minthostachys mollis; Plantago major,7
pmid:crossref_f6cfcbd333fb15b6,crossref_f6cfcbd333fb15b6,10.21203/rs.3.rs-27621/v1,crossref,,,Passiflora edulis,1
pmid:crossref_f6d86d076dca6610,crossref_f6d86d076dca6610,10.17163/lgr.n31.2020.05,crossref,2020,La Granja,Buddleja incana,4
pmid:crossref_f6e04d25252844a7,crossref_f6e04d25252844a7,10.53771/ijbpsa.2024.8.2.0088,crossref,2024,International Journal of Biological and Pharmaceutical Sciences Archive,Origanum vulgare,5
pmid:crossref_f6fc07e96f154654,crossref_f6fc07e96f154654,10.15446/acag.v73n4.119407,crossref,2025,Acta Agronómica,Plukenetia volubilis,5
pmid:crossref_f7081e9d99da4f85,crossref_f7081e9d99da4f85,10.14808/sci.plena.2025.021101,crossref,2025,Scientia Plena,Uncaria guianensis; Uncaria tomentosa,5
pmid:crossref_f73d65e28872fa5a,crossref_f73d65e28872fa5a,10.51372/bioagro372.9,crossref,2025,Bioagro,Oxalis tuberosa,5
pmid:crossref_f78bc1f8caf81360,crossref_f78bc1f8caf81360,10.69481/sapcv,crossref,2025,Sensory Acceptability of Papaya Cupcakes with Varying Levels of Carica papaya (L.) Pulp: A Quasi-Experimental Study,Carica papaya,6
pmid:crossref_f7a0a3d74875faaa,crossref_f7a0a3d74875faaa,10.47840/reina.3.1.1043,crossref,2021,Revista Investigación Agraria,Polylepis incana,4
pmid:crossref_f857aab4f532feb6,crossref_f857aab4f532feb6,10.15446/caldasia.v47.108951,crossref,2025,Caldasia,Mauritia flexuosa,5
pmid:crossref_f87ddc7bd3c25e0e,crossref_f87ddc7bd3c25e0e,10.36948/ijfmr.2024.v06i05.29612,crossref,2024,International Journal For Multidisciplinary Research,Psidium guajava,3
pmid:crossref_f8a1c6ebe20d1693,crossref_f8a1c6ebe20d1693,10.9734/ejmp/2020/v31i1030282,crossref,2020,European Journal of Medicinal Plants,Passiflora edulis,5
pmid:crossref_f8b845d2f6587c37,crossref_f8b845d2f6587c37,10.17776/csj.1333574,crossref,2024,Cumhuriyet Science Journal,Malva sylvestris,3
pmid:crossref_f8ffd6b9a166185a,crossref_f8ffd6b9a166185a,10.5296/jas.v9i1.17910,crossref,2021,Journal of Agricultural Studies,Banisteriopsis caapi; Psychotria viridis,4
pmid:crossref_f9689e6251694ae2,crossref_f9689e6251694ae2,10.22159/ijpps.2021v13i9.42349,crossref,2021,International Journal of Pharmacy and Pharmaceutical Sciences,Argemone mexicana,7
pmid:crossref_f98b8eb4abc8c22b,crossref_f98b8eb4abc8c22b,10.5772/intechopen.99878,crossref,2021,Solanum tuberosum - A Promising Crop for Starvation Problem,Solanum tuberosum,6
pmid:crossref_fa2adc79a096168f,crossref_fa2adc79a096168f,10.58299/jd25fn95,crossref,2024,EDUCATECONCIENCIA,Carica papaya,3
pmid:crossref_fa319ae5cc7c14f2,crossref_fa319ae5cc7c14f2,10.46551/ruc.v25n2a3,crossref,2023,Revista Unimontes Científica,Mauritia flexuosa,4
pmid:crossref_fa5512ea17931183,crossref_fa5512ea17931183,10.52611/bdi.num12.2025.1619,crossref,2026,Base Diseño e Innovación,Eucalyptus globulus,5
pmid:crossref_fb5ddacebcd2d842,crossref_fb5ddacebcd2d842,10.32473/edis-fp106-1999,crossref,2007,EDIS,Carica papaya,3
pmid:crossref_fbd1607badd47fcd,crossref_fbd1607badd47fcd,10.14258/jcprm.20230111523,crossref,2023,chemistry of plant raw material,Plantago major,6
pmid:crossref_fbf484ceb0dca52e,crossref_fbf484ceb0dca52e,10.19053/01217488.v10.n2.2019.9098,crossref,2019,Ciencia en Desarrollo,Sambucus peruviana,6
pmid:crossref_fcc0286989627bcb,crossref_fcc0286989627bcb,10.21273/hortsci.33.3.526a,crossref,1998,HortScience,Solanum americanum,7
pmid:crossref_fcca1356f90d2587,crossref_fcca1356f90d2587,10.26696/sci.epg.0148,crossref,2015,SCIENTIARVM,Uncaria tomentosa,4
pmid:crossref_fcd8590a3db2397d,crossref_fcd8590a3db2397d,10.36253/caryologia-1081,crossref,2021,Caryologia,Physalis peruviana,4
pmid:crossref_fcf1bb7af3dfe7a9,crossref_fcf1bb7af3dfe7a9,10.21142/tm.2022.2533,crossref,,,Erythroxylum coca,5
pmid:crossref_fdfb30676bb4c6e3,crossref_fdfb30676bb4c6e3,10.22490/24629448.1018,crossref,2013,Nova,Croton lechleri,5
pmid:crossref_fe1f696b53811bc9,crossref_fe1f696b53811bc9,10.15381/ci.v15i1.3178,crossref,2012,Ciencia e Investigación,Oenothera rosea,7
pmid:crossref_fe9c457be8945e1d,crossref_fe9c457be8945e1d,10.31533/pubvet.v12n11a203.1-5,crossref,2018,Pubvet,Theobroma cacao,3
pmid:crossref_ff5a6eb1e684e705,crossref_ff5a6eb1e684e705,10.1002/chin.200745172,crossref,2007,ChemInform,Maytenus macrocarpa,1
pmid:crossref_ff78a8c3efd535f4,crossref_ff78a8c3efd535f4,10.37761/rsqp.v87i2.343,crossref,2021,Revista de la Sociedad Química del Perú,Chuquiraga spinosa,5
pmid:crossref_ffe9416dfbed72a5,crossref_ffe9416dfbed72a5,10.15381/rpb.v9i2.2527,crossref,2002,Revista Peruana de Biología,Lupinus mutabilis,4
"title:A comprehensive review on guava: Nutritional profile, bioactive potential, and health-promoting properties of its pulp, ",,,europe_pmc,2024,,Psidium guajava,6
"title:A literature review of pomegranate leaf: Extraction techniques, phytochemistry, and health implications",,,europe_pmc,2025,,Punica granatum,5
title:A new generation plant for the conventional cuisine: Quinoa (Chenopodium quinoa Willd.),,,europe_pmc,2019,,Chenopodium quinoa,6
"title:A novel strategy for improving the antioxidant, iridoid, and flavor properties of Noni (Morinda citrifolia L.) fruit jui",,,europe_pmc,2023,,Morinda citrifolia,4
title:Alkaloid Content in Two Erythroxylum Taxa During Juvenile Growth and Development,,,europe_pmc,2002,,Erythroxylum coca,3
title:Ameliorative effect of ethanolic extract of Carica papaya leaves on hyper-cholesterolemic rats: The egg yolk induced mod,,,europe_pmc,2023,,Carica papaya,5
title:An appraisal on the ethnobotany and antimicrobial activity of botanicals used for managing plant diseases in South Afric,,,europe_pmc,2023,,Tagetes minuta,7
title:Anti-adipogenic and anti-steatotic potential of edible pigment bixin and annatto seed extracts: LC-MS based bioactive pr,,,europe_pmc,2025,,Bixa orellana,5
"title:Anti-obesity potential of selected medicinal plants: A focused study on in vitro inhibitory effects on lipase, α-amylase",,,europe_pmc,2025,,Punica granatum,6
title:Anticoagulant activity of Eucalyptus essential oils: An in vitro approach and a bioinformatics-based pharmacokinetic-pha,,,europe_pmc,2025,,Eucalyptus globulus,5
title:Antimicrobial activity of herbal biomass derived metabolites fabricated wound dressing material against microbial strain,,,europe_pmc,2024,,Aloe vera,5
title:Antimicrobial efficacy of select medicinal plant extracts from Bangladesh against food‐borne bacterial pathogens,,,europe_pmc,2024,,Carica papaya; Psidium guajava,5
"title:Antioxidant and anticancer activities of Annona muricata L. and Antidesma bunius L. leaves, and molecular networking ana",,,europe_pmc,2022,,Annona muricata,5
title:Antioxidant and cytotoxic properties of optimized aril extracts from Passiflora edulis f. flavicarpa: A sustainable sour,,,europe_pmc,2024,,Passiflora edulis,5
"title:Antioxidant, antihypertensive and antidiabetic potential of peptidic fractions obtained from tarwi (Lupinus mutabilis) p",,,europe_pmc,2022,,Lupinus mutabilis,5
title:Antiproliferative activity of prepared Aloe vera leaf skin extract-loaded essential oil nanoemulsions using Box-Behnken ,,,europe_pmc,2025,,Aloe vera,5
title:Aqueous extracts of Physalis peruviana L. fruit promote apoptosis by overexpression of caspases 9/3 and balancing the re,,,europe_pmc,2024,,Physalis peruviana,4
"title:As nature's allies: Bee honey outperforms pomegranate and lemon juices in improving physio-biochemistry, antioxidants, R",,,europe_pmc,2024,,Calendula officinalis,7
title:Beauty of the beast: anticholinergic tropane alkaloids in therapeutics,,,europe_pmc,2022,,Erythroxylum coca,2
title:Bio-active essential oils derived from medicinal plants and their insecticidal potential on houseflies and cockroaches,,,europe_pmc,2024,,Eucalyptus globulus,5
"title:Biochemical contents and antiquorum sensing, antiproliferative activities of Opuntia ficus-indica (L.) Mill. Peel extrac",,,europe_pmc,2022,,Opuntia ficus-indica,4
title:Biochemical profile and quality variations during storage of wild leafy vegetables: The antagonistic role of copper and ,,,europe_pmc,2025,,Taraxacum officinale,5
title:Biodegradable Sodium Alginate Films Incorporated With Microcapsules of Amazonian Buriti Fruit Oil (Mauritia flexuosa L.),,,europe_pmc,2025,,Mauritia flexuosa,5
title:Bioherbicide potential of essential oils from plant species used in folk medicine and cuisine in the Amazon region,,,europe_pmc,2023,,Bixa orellana,5
title:Biological properties and HPLC analyses of four medicinal plants extracts obtained at different extraction temperatures,,,europe_pmc,2022,,Carica papaya,6
title:Biostimulation of Calendula officinalis with a soy protein hydrolysate induces flower and plant biomass and flower count,,,europe_pmc,2024,,Calendula officinalis,7
title:Bridging ancient wisdom and modern science: Nanoparticles from ayurvedic medicinal plants,,,europe_pmc,2026,,Aloe vera,4
title:Camu‐camu (Myrciaria dubia) from commercial cultivation has higher levels of bioactive compounds than native cultivation,,,europe_pmc,2019,,Myrciaria dubia,6
title:Carica papaya Represents a New Host of 16SrI-B Subgroup Phytoplasma Associated with Yellow Symptoms in China,,,europe_pmc,2023,,Carica papaya,10
title:Carica papaya leaf and root extracts present a promising therapeutic alternative for managing type 2 diabetes mellitus b,,,europe_pmc,2025,,Carica papaya,6
title:Chapter Ten - Anti-Helicobacter pylori activities of African medicinal plants,,,europe_pmc,2023,,Eucalyptus globulus,7
title:Chenopodium quinoa Willd. (quinoa) grains: A good source of phenolic compounds,,,europe_pmc,2022,,Chenopodium quinoa,2
title:Chloroplast genomes of six Aloe species: Insights into genetic variation and evolutionary patterns,,,europe_pmc,2025,,Aloe vera,5
title:Cholesterol Lowering Acitivity and Vasorelaxant Effect of Ethanol Extract Piper aduncum Leaves in Hypercholesterolemic W,,,europe_pmc,2025,,Piper aduncum,5
title:Circular bioeconomy for cocoa by-product industry: Development of whey protein-cocoa bean shell concentrate particles ob,,,europe_pmc,2024,,Theobroma cacao,6
"title:Colletotrichumaeschynomenes Causing Anthracnose in Combretum indicum in Guangxi, China",,,europe_pmc,2024,,Myrciaria dubia; Theobroma cacao,10
title:Comparative analysis of four different solvent extracts of Annona muricata bark based on bioactive compounds and antibac,,,europe_pmc,2025,,Annona muricata,6
"title:Comparative analysis of lipid profile, and nutritional quality of eight Moroccan varieties of Punica granatum",,,europe_pmc,2024,,Punica granatum,4
title:Comparative phytochemistry using UPLC-ESI-QTOF-MS phenolic compounds profile of the water and aqueous ethanol extracts o,,,europe_pmc,2024,,Tagetes minuta,5
"title:Comparison of pretreatment methods on total ascorbic acid, total phenolic content, and color of soursop (Annona muricata",,,europe_pmc,2022,,Annona muricata,6
title:Decoding the role of leaf maturity in shaping metabolite landscapes and enhancing bioactive properties of Thai papaya (C,,,europe_pmc,2025,,Carica papaya,5
title:Determination by HPLC-DAD-ESI/MSn of phenolic compounds in Andean tubers grown in Ecuador,,,europe_pmc,2019,,Tropaeolum tuberosum; Ullucus tuberosus,4
title:Development of Liposomal Systems for the Encapsulation of Opuntia ficus-indica var. Blanca Buenavista Extracts: Characte,,,europe_pmc,2025,,Opuntia ficus-indica,5
title:Development of a bioactive film from fruit seed waste for shelf life extension of tomato (Solanum lycopersicum),,,europe_pmc,2022,,Carica papaya,5
title:Development of a gel formulation with pomegranate peel extract (Punica granatum L.) for antimicrobial and wound healing ,,,europe_pmc,2024,,Punica granatum,6
title:Discovery and Quantitative Analysis of Nuclear Factor Erythroid 2-Related Factor (Nrf2) Activators in Maca (Lepidium mey,,,europe_pmc,2020,,Lepidium meyenii,6
title:Duguetia confinis Engl. & Diels (Annonaceae) inhibitory and cytotoxic effects on breast adenocarcinoma growth both in vi,,,europe_pmc,2024,,Annona muricata,8
title:Effect of Aloe Vera-Based Coating on Physicochemical and Phytochemical Properties of Wild Apricot Variety,,,europe_pmc,2025,,Aloe vera,5
"title:Effect of Kefir, Yacon (Smallanthus sonchifolius) and the Association Between Yacon and Kefir on Intestinal Physiology i",,,europe_pmc,2021,,Smallanthus sonchifolius,5
title:Effect of Protein Isolated from Chenopodium Pallidicaule “kañiwa” on the Lipid Profile of Induced-hypercholesterolemia i,,,europe_pmc,2019,,Chenopodium pallidicaule,6
title:Effect of freeze drying on selective bioactive compounds and physicochemical characteristics of papaya puree,,,europe_pmc,2025,,Carica papaya,6
"title:Effect of heating and germination on bioactive properties, phenolic compounds, fatty acid and mineral contents of quinoa",,,europe_pmc,2024,,Chenopodium quinoa,5
title:Effect of pearling and altitude on quinoa grain composition and protein digestibility,,,europe_pmc,2026,,Chenopodium quinoa,4
title:Effect of pearling on the physicochemical properties and antioxidant capacity of quinoa (Chenopodium quinoa Willd.) flou,,,europe_pmc,2022,,Chenopodium quinoa,3
title:Effectiveness of Aloe vera (L.) Burm.F. biomembranes with silver nanoparticles in the clinical experimental treatment of,,,europe_pmc,2025,,Aloe vera,5
"title:Effects of Cooking Methods and Oils on Bioactive Compounds, Sensory and Textural Properties of Yellow-Fleshed Potatoes (",,,europe_pmc,2025,,Solanum tuberosum,6
"title:Effects of feeding guava (Psidium guajava L.) leaf on performance, nitrogen utilization, rumen fermentation, methane emi",,,europe_pmc,2026,,Psidium guajava,8
title:Efficacy of dillapiole and crude extract of Piper aduncum against monogeneans in Colossoma macropomum,,,europe_pmc,2025,,Piper aduncum,6
"title:Efficacy of the essential oils of Aloysia triphylla, Lippia gracilis and Piper aduncum in the control of Piscinoodinium ",,,europe_pmc,2024,,Piper aduncum,5
title:Encapsulation of jambolan (Syzygium cumini) and camu-camu (Myrciaria dubia) juice blend: Definition of spray drying and ,,,europe_pmc,2025,,Myrciaria dubia,5
title:Enhancing anti-inflammatory activity of noni (Morinda citrifolia L.) juice using lactic acid fermentation by Leuconostoc,,,europe_pmc,2025,,Morinda citrifolia,6
title:Enrichment of antioxidants compounds in cookies produced with camu-camu (Myrciaria dubia) coproducts powders,,,europe_pmc,2021,,Myrciaria dubia,5
title:Essential oils from 9 exotic and endemic medicinal plants from Mauritius shows in vitro antibacterial and antibiotic pot,,,europe_pmc,2020,,Morinda citrifolia,5
title:Ethnobotanical survey of invasive alien plant species used in the treatment of sexually transmitted infections in Waterb,,,europe_pmc,2019,,Opuntia ficus-indica,5
"title:Eucalyptus globulus essential oil as food preservative: Chemical composition, antimicrobial (in vitro and in situ), anti",,,europe_pmc,2024,,Eucalyptus globulus,6
title:Eucalyptus globulus residues inhibiting both MRSA and VRE in vitro and in vivo,,,europe_pmc,2025,,Eucalyptus globulus,4
"title:Evaluation of Nutrient, Antinutrient and Phytochemical Properties of Noni Fruit (Morinda citrifolia); (Concentrate, Pulp",,,europe_pmc,2019,,Morinda citrifolia,7
title:Evaluation of metabolite profiles and neuroprotective potential in four pomegranate cultivars for Alzheimer's disease pr,,,europe_pmc,2025,,Punica granatum,5
title:Evaluation of the extraction of antioxidant compounds from buriti pulp (Mauritia flexuosa L.) by response surface method,,,europe_pmc,2025,,Mauritia flexuosa,5
title:Exploring the cytoprotective potential of flavonoid fraction from Carica papaya L. Cultivar ‘Red Lady' Leaf: Insights in,,,europe_pmc,2024,,Carica papaya,6
"title:Exploring the impact of Curvularia pathogens on medicinal and aromatic plants: insights into history, pathogenicity, and",,,europe_pmc,2025,,Aloe vera,4
title:Exploring the phytochemistry and biological potential of T. minuta (L.): A comprehensive review,,,europe_pmc,2024,,Tagetes minuta,5
title:Exploring variations in quality parameters of Theobroma cacao L.beans from Eastern Amazonia,,,europe_pmc,2024,,Theobroma cacao,6
"title:Extraction of polysaccharides from quinoa (Chenopodium quinoa Willd) bran using deep eutectic solvent: Isolation, struct",,,europe_pmc,2025,,Chenopodium quinoa,4
title:Fingerprinting of quinoa grain protein extracts by liquid chromatography with spectrophotometric detection for chemometr,,,europe_pmc,2023,,Chenopodium quinoa,6
title:First Report of Corynespora cassiicola Causing Black Spot on Sarcandra glabra in China,,,europe_pmc,2022,,Carica papaya; Solanum americanum,9
title:First Report of Fruit Borer and Fungal Pathogens Affecting Wild Pomegranate (Punica granatum L.) Fruit in Different Agro,,,europe_pmc,2025,,Punica granatum,4
title:First Report of Gray Spot on Punica granatum Caused by Alternaria alstroemeriae in China,,,europe_pmc,2024,,Punica granatum,9
title:First Report of Lasiodiplodia theobromae and L. pseudotheobromae Causing Canker Disease of Sacha Inchi (Plukenetia volub,,,europe_pmc,2022,,Plukenetia volubilis,10
title:First Report of Powdery Mildew Caused by Golovinomyces circumfusus on Scutellaria baicalensis in China,,,europe_pmc,2024,,Passiflora edulis,10
"title:First Report of Root Rot Caused by Mucor circinelloides on Fructus forsythiae in Hubei, China",,,europe_pmc,2024,,Morinda citrifolia,8
"title:Flavonoid-enriched fractions from Parastrephia lucida: Phytochemical, anti-inflammatory, antioxidant characterizations, ",,,europe_pmc,2020,,Parastrephia lucida,6
title:Food additive based on the encapsulated pot marigold (Calendula officinalis L.) flowers extract in calcium alginate micr,,,europe_pmc,2022,,Calendula officinalis,5
title:Foods from the Mayan milpa: proposal for the metabolic syndrome management,,,europe_pmc,2026,,Bixa orellana,6
"title:Fractional composition of Cd, Pb, and Zn in medicinal plants at the impact territories of a coal-fired power station",,,europe_pmc,2025,,Matricaria chamomilla; Plantago major; Taraxacum officinale,9
title:Fruit seed starches: emerging non-conventional sources with functional and industrial potential,,,europe_pmc,2026,,Bixa orellana,5
title:GGE biplot and regression based multi-environment investigations for higher yield and essential oil content in German ch,,,europe_pmc,2023,,Matricaria chamomilla,5
title:Genetic diversity and structure of Malva sylvestris populations using start codon target polymorphism and detection of m,,,europe_pmc,2025,,Malva sylvestris,5
title:Gibberellin-induced parthenocarpy in fruits of a prickly pear mutant,,,europe_pmc,2025,,Opuntia ficus-indica,2
title:Global documentation of traditionally used medicinal plants in cancer management: A systematic review,,,europe_pmc,2021,,Aloe vera; Annona muricata; Punica granatum,6
"title:Goldenberry (Physalis peruviana) as source of anti-skin aging compounds: UPLC-ESI/MS-MS metabolic profiling, In vitro an",,,europe_pmc,2026,,Physalis peruviana,5
title:Green synthesis of CuONPs through phytochemical reduction of Matricaria chamomilla leaves extract and their antifungal p,,,europe_pmc,2025,,Matricaria chamomilla,4
title:Harnessing Sacha Inchi By-Products: Innovations in Functional Food Development,,,europe_pmc,2025,,Plukenetia volubilis,1
title:High-level production of antibacterial pentacyclic triterpenoids from hairy root cultures of Bixa orellana via abiotic e,,,europe_pmc,2026,,Bixa orellana,4
title:Hyaluronic acid-plant extract nanocomposites as edible coatings; A novel strategy for enhancing postharvest quality and ,,,europe_pmc,2025,,Aloe vera,4
"title:ISOLATION, PURIFICATION AND STRUCTURAL IDENTIFICATION OF A BIOACTIVE COMPONENT OF A WATER SOLUBLE EXTRACT OF A BOTANICAL",,,europe_pmc,2004,,Uncaria tomentosa,5
title:Identification and characterization of sequence variants from a de novo-assembled partial pan-genome of cactus pear (Opu,,,europe_pmc,2024,,Opuntia ficus-indica,6
title:Identification of plant-derived inhibitors of acetylcholinesterase and glutathione S-transferase in Rhipicephalus microp,,,europe_pmc,2026,,Annona muricata,5
"title:Impact of post-harvest processing and roasting conditions on the physicochemical properties, phenolic compounds, and ant",,,europe_pmc,2024,,Theobroma cacao,5
title:In search of oral cosmetics from nature: A review of medicinal plants for dental care in West Africa,,,europe_pmc,2023,,Argemone mexicana,7
"title:In silico studies for assessing physicochemical, pharmacokinetic and cytotoxicity properties of bioactive molecules iden",,,europe_pmc,2024,,Aloe vera,6
title:In the shade – Screening of medicinal and aromatic plants for temperate zone agroforestry cultivation,,,europe_pmc,2022,,Calendula officinalis,5
title:In vitro completion of sexual life cycle—Production of next sporophytic generation through in vitro flowering and fruiti,,,europe_pmc,2018,,Solanum americanum,6
title:In-silico docking analysis of bioactive compounds sourced from Punica granatum peel extract: Approaching a precision sol,,,europe_pmc,2025,,Punica granatum,7
title:Innovative food applications of quinoa: Exploring novel insights into its nutritional potential and biological activitie,,,europe_pmc,2025,,Chenopodium quinoa,6
"title:Insecticidal, antimicrobial and antioxidant activities of essential oil from Lavandula latifolia L. and its deterrent ef",,,europe_pmc,2022,,Annona muricata,6
"title:Insights into the nutritional value and bioactive properties of quinoa (Chenopodium quinoa): past, present and future pr",,,europe_pmc,2021,,Chenopodium quinoa,4
title:Investigating the anticancer role of Calotropis procera leaf extract: LC-MS profiling and evidence for apoptosis and ROS,,,europe_pmc,2025,,Carica papaya,5
title:Isolation of quercetin-3-O-sulfate and quantification of major compounds from Psidium guajava L. from Vietnam,,,europe_pmc,2024,,Psidium guajava,4
"title:Kombucha tea derived from papaya (Carica papaya L.) as a potential functional food: physicochemical parameters, biologic",,,europe_pmc,2024,,Carica papaya,4
title:Lipid Nanoparticles as an Effective Strategy for Protecting Bioactive Compounds in Passion Fruit Seed Oil,,,europe_pmc,2025,,Passiflora edulis,7
"title:METHOD FOR ENHANCING THE DNA REPAIR PROCESS, TREATING DISORDERS ASSOCIATED WITH THE DNA REPAIR PROCESS, ENHANCING ANTITU",,,europe_pmc,2011,,Uncaria tomentosa,5
title:Medicinal plants used for management of diabetes and hypertension in Ghana,,,europe_pmc,2023,,Carica papaya,3
title:Meloidogyne arenaria infecting Matricaria chamomilla in Brazil,,,europe_pmc,2023,,Matricaria chamomilla,3
"title:Metabolomic profiling of ten cacao genotypes from Antioquia, Colombia reveals local effects on nutritional composition",,,europe_pmc,2025,,Theobroma cacao,5
title:Method of preparation and composition of a water soluble extract of the  bioactive component of the plant species uncari,,,europe_pmc,2003,,Uncaria tomentosa,5
title:Method of preparation and composition of a water soluble extract of the bioactive component of the plant species Uncaria,,,europe_pmc,2009,,Uncaria tomentosa,3
title:Microcapsules with amazonian buriti fruit oil (Mauritia flexuosa L.) on maintaining oxidative stability of ground beef,,,europe_pmc,2025,,Mauritia flexuosa,5
title:Microparticles of buriti oleosomes produced with different wall materials,,,europe_pmc,2025,,Mauritia flexuosa,4
title:Microrhizome‐Derived Somatic Embryogenesis: A Model System for the Illustration of Embryo Development in Aloe vera L.,,,europe_pmc,2025,,Aloe vera,5
title:Molecular diversity and population structure analysis using simple sequence repeat markers among large collection of pom,,,europe_pmc,2025,,Punica granatum,4
"title:Morphological, Physical, and Chemical Characterization of Cactus Pear (Opuntia Ficus-indica [L.] Mill.) Fruits from Prog",,,europe_pmc,2025,,Opuntia ficus-indica,5
title:Multi-modal neuroprotection of Argemone mexicana L. against Alzheimer’s disease: In vitro and in silico study,,,europe_pmc,2024,,Argemone mexicana,5
title:Natural product inhibitors of bacterial type-IV secretion systems and efflux pumps,,,europe_pmc,2016,,Uncaria tomentosa,4
title:Network pharmacology and protective effect of HPLC-PDA validated flavonoid rich Carica papaya for the treatment of throm,,,europe_pmc,2025,,Carica papaya,5
title:Newly developed SSRs based genetic diversity patterns in trait specific populations of German chamomile (Matricaria cham,,,europe_pmc,2024,,Matricaria chamomilla,5
title:Non-invasive monitoring of goldenberry freezing using infrared thermography and radiofrequency dielectric spectroscopy,,,europe_pmc,2025,,Physalis peruviana,5
"title:Noni (Morinda citrifolia L.) fruit phenolic extract supplementation ameliorates NAFLD by modulating insulin resistance, ",,,europe_pmc,2023,,Morinda citrifolia,6
"title:Nutritional Content, Phytochemical Composition, and Physicochemical Properties of Different Quinoa (Chenopodium quinoa W",,,europe_pmc,2026,,Chenopodium quinoa,5
title:Nutritional composition of Sacha inchi (Plukenetia volubilis) according to cooking method and its application as an elde,,,europe_pmc,2023,,Plukenetia volubilis,5
"title:Nutritional, phytochemical, and functional characterization of Chenopodium album and Chenopodium quinoa flours",,,europe_pmc,2025,,Chenopodium quinoa,5
"title:Nutritional, therapeutic, and technological perspectives of quinoa (Chenopodium quinoa Willd.): A review",,,europe_pmc,2022,,Chenopodium quinoa,6
title:Optimization of pectinase‐assisted extraction of Annona muricata L. juice and the effect of liquefaction on its pectin s,,,europe_pmc,2020,,Annona muricata,6
title:Optimization of pre-drying treatment and drying mode for reducing browning to produce shelf stable fructooligosaccharide,,,europe_pmc,2024,,Smallanthus sonchifolius,6
title:Optimization of the conditions for ultrasound-assisted extraction of phenolic compounds from Opuntia ficus-indica [L.] M,,,europe_pmc,2022,,Opuntia ficus-indica,6
title:Optimizing particle size for enhanced aqueous extraction of phytochemicals from medicinal plants,,,europe_pmc,2026,,Psidium guajava,6
"title:Phenolic, apparent antioxidant and nutritional composition of quinoa (Chenopodium quinoa Willd.) seeds",,,europe_pmc,2021,,Chenopodium quinoa,4
title:Phenotypic Diversity of Released South African Bred Potato Varieties for Tuber Yield and Processing Quality,,,europe_pmc,2025,,Solanum tuberosum,6
title:Physicochemical and Sensory Properties of Wine Produced from Blended Cactus Pear (Opuntia ficus-indica) and Lantana cama,,,europe_pmc,2019,,Opuntia ficus-indica,6
title:Physicochemical and antioxidant characteristics in fruits of soft-seeded pomegranate cultivars,,,europe_pmc,2025,,Punica granatum,6
title:Physicochemical and functional properties of soluble dietary fiber from different colored quinoa varieties (Chenopodium ,,,europe_pmc,2020,,Chenopodium quinoa,4
title:Phytochemical analysis and anticancer activity of fruit extracts of Southern African pomegranate (Punica granatum) 'Wond,,,europe_pmc,2025,,Punica granatum,8
title:Phytochemical characterization and evaluation of therapeutic benefit of Annona muricata L. leaves against tumor growth i,,,europe_pmc,2024,,Annona muricata,4
title:Phytochemical composition and pharmacological evaluation of different extracts of Oenothera rosea L´Hér. ex Ait (Onagrac,,,europe_pmc,2018,,Oenothera rosea,6
title:Phytochemical screening of wild pomegranate (Punica granatum L.) juices from the market,,,europe_pmc,2022,,Punica granatum,4
title:Plant extracts induce resistance in rice against bacterial blight disease by modulating antioxidant enzymes activity,,,europe_pmc,2025,,Argemone mexicana; Eucalyptus globulus,7
"title:Possible Therapeutics Effects of Ayahuasca, a Psychedelic Compound",,,europe_pmc,2022,,Banisteriopsis caapi; Psychotria viridis,6
title:Potential food applications and biological activities of fermented quinoa: A review,,,europe_pmc,2024,,Chenopodium quinoa,6
title:Potential of an endophytic fungus Alternaria tenuissima PE2 isolated from Psidium guajava L. for the production of bioac,,,europe_pmc,2022,,Psidium guajava,5
title:Prediction and confirmation of active ingredients in Eucalyptus globulus Labill leaves,,,europe_pmc,2020,,Eucalyptus globulus,4
title:Preliminary studies on in vitro antioxidant and retardation of essential carbohydrate hydrolysing enzymes by some indige,,,europe_pmc,2023,,Psidium guajava,5
title:Preparation and characterization of zein–caseinate–pectin complex nanoparticles for encapsulation of curcumin: pectin ex,,,europe_pmc,2024,,Passiflora edulis,6
title:Presence of oligosaccharides in seed-coat mucilage of Lepidium sativum : role in allelopathy,,,europe_pmc,2010,,Amaranthus caudatus,4
title:Production of biomolecules of interest to the anxiolytic herbal medicine industry in yellow passionfruit leaves (Passifl,,,europe_pmc,2019,,Passiflora edulis,4
"title:Properties, uses, and utilization methods of cacao (Theobroma cacao) bean shells (CBS), and applications of emerging gre",,,europe_pmc,2025,,Theobroma cacao,5
title:Protease inhibitors from Theobroma cacao impair SARS-CoV-2 replication in vitro,,,europe_pmc,2023,,Theobroma cacao,3
title:Pulsed electric fields using a multiple needle chamber to improve bioactive compounds extraction from unprocessed Opunti,,,europe_pmc,2021,,Opuntia ficus-indica,5
title:Quinoa Fiber and Quercetin Alter the Composition and Function of the Cecal Microbiome and Improve Brush Border Membrane ,,,europe_pmc,2021,,Chenopodium quinoa,7
title:Red Quinoa hydrolysates with antioxidant bioactive properties on oxidative stress-induced Saccharomyces cerevisiae,,,europe_pmc,2023,,Chenopodium quinoa,4
"title:Regulation of cell migration, proliferation, and apoptosis through Psidium guajava extract against breast cancer: Cross-",,,europe_pmc,2025,,Psidium guajava,4
title:Relationship between physicochemical properties of roasted cocoa beans and climate patterns: Quality and safety implicat,,,europe_pmc,2025,,Theobroma cacao,5
title:Reprint of: Essential oils from 9 exotic and endemic medicinal plants from Mauritius shows in vitro antibacterial and an,,,europe_pmc,2021,,Morinda citrifolia,6
title:Revalorization of Lupinus mutabilis Seed Oil via Clean Expeller Extraction and Comprehensive Chemical Characterization,,,europe_pmc,2026,,Lupinus mutabilis,4
"title:Sacha Inchi (Plukenetia Volubilis L.): recent insight on phytochemistry, pharmacology, organoleptic, safety and toxicity",,,europe_pmc,2022,,Plukenetia volubilis,2
title:Semisynthetic and amylase-treated Taraxacum officinale galactans: Combat colorectal cancer with cytokine modifier respon,,,europe_pmc,2025,,Taraxacum officinale,6
title:Sexual and reproductive health: the science behind supplementation in aging,,,europe_pmc,2021,,Lepidium meyenii,8
"title:Solvent-assisted dechlorophyllization of Psidium guajava leaf extract: Effects on the polyphenol content, cytocompatibil",,,europe_pmc,2023,,Psidium guajava,5
title:Spatial metabolomics reveals the phytochemical basis of color variation and antioxidant capacity in quinoa (Chenopodium ,,,europe_pmc,2025,,Chenopodium quinoa,5
title:Stability of ascorbic acid and anthocyanins of jambolan (Syzygium cumini) and camu‐camu (Myrciaria dubia) juice blend du,,,europe_pmc,2022,,Myrciaria dubia,5
title:Storage Stability Assessment of the Postharvest Quality of the Litchi Cultivar ‘Rose Scented’ Via Gamma Radiation and Su,,,europe_pmc,2025,,Aloe vera,5
title:Symbiotic Effects of Kefir and Yacon Flour (Smallanthus sonchifolius) on Bone Remodeling in Rats,,,europe_pmc,2020,,Smallanthus sonchifolius,6
title:The novel homologue of the human α‐glucosidase inhibited by the non‐germinated and germinated quinoa protein hydrolysate,,,europe_pmc,2022,,Chenopodium quinoa,6
"title:The potential of medicinal plants in tuberculosis treatment: Indigenous plants used by the Anak Dalam tribe of Jambi, In",,,europe_pmc,2025,,Annona muricata,6
title:Traditional herbal therapies for hypertension: A systematic review of global ethnobotanical field studies,,,europe_pmc,2020,,Annona muricata; Carica papaya,6
title:Trends in the valorization of native Amazon palm trees as sources of bioactive lipids for use as functional ingredients,,,europe_pmc,2024,,Mauritia flexuosa,5
"title:Ultrasound-assisted extraction, characterization, and bioactivity assessment of polyphenol-rich papaya (Carica papaya) l",,,europe_pmc,2026,,Carica papaya,4
"title:Unravelling floral biology, phenology and breeding system of Punica granatum L. in Jammu division",,,europe_pmc,2025,,Punica granatum,6
title:Unveiling the bioactive phytocompounds of various Annona species with their potential role in pharmacological progressio,,,europe_pmc,2024,,Annona muricata,7
"title:Urease inhibitory potency of Chenopodium quinoa seed extract: LC–ESI–MS/MS, GC–MS/MS analysis, biological evaluations, m",,,europe_pmc,2025,,Chenopodium quinoa,4
title:Utilization of plant resources by migratory gaddi shepherds: applying traditional knowledge for animal health care in No,,,europe_pmc,2026,,Calendula officinalis,7
title:Vegetable seeds: A new perspective in future food development,,,europe_pmc,2022,,Morinda citrifolia,6
"title:Vegetative anatomy, morphology and histochemistry of three species of Malpighiaceae used in analogues of the Amazonian p",,,europe_pmc,2021,,Banisteriopsis caapi; Psychotria viridis,7
"title:Yacon (Smallanthus sonchifolius): Effect on Integrity of Intestinal Barrier, Inflammatory Response and Oxidative Stress ",,,europe_pmc,2019,,Smallanthus sonchifolius,6
