{
  "bertscore_f1": 0.9028245806694031,
  "bertscore_precision": 0.8876224160194397,
  "bertscore_recall": 0.9191809892654419,
  "semantic_similarity": 0.9929381012916565,
  "context_precision": 1.0,
  "context_recall": 1.0,
  "mrr": 1.0,
  "ndcg@5": 1.0,
  "entity_recall": 0.7946428571428572,
  "faithfulness": 0.8410783717430055,
  "answer_relevancy": 0.9994693398475647
}