{
  "timestamp": "2026-05-20T18:31:45.778535",
  "backend": "template",
  "num_queries": 50,
  "configs": {
    "full": "Complete pipeline (baseline)",
    "dense_only": "FAISS dense retrieval only",
    "sparse_only": "BM25 sparse retrieval only",
    "no_reranker": "Hybrid without cross-encoder reranking",
    "no_crag": "Skip CRAG evaluation, always accept",
    "no_classifier": "No query classification, default alpha"
  },
  "results": {
    "full": {
      "bertscore_f1": 0.8017261624336243,
      "semantic_similarity": 0.43228065967559814,
      "context_precision": 0.81,
      "context_recall": 1.0,
      "mrr": 0.81,
      "ndcg@5": 0.8126185950714292,
      "entity_recall": 0.280563492063492,
      "faithfulness": 0.922607909588272,
      "answer_relevancy": 0.8631631731987
    },
    "dense_only": {
      "bertscore_f1": 0.8017261624336243,
      "semantic_similarity": 0.43228065967559814,
      "context_precision": 0.81,
      "context_recall": 1.0,
      "mrr": 0.81,
      "ndcg@5": 0.8126185950714292,
      "entity_recall": 0.280563492063492,
      "faithfulness": 0.922607909588272,
      "answer_relevancy": 0.8631631731987
    },
    "sparse_only": {
      "bertscore_f1": 0.8013796806335449,
      "semantic_similarity": 0.3938091993331909,
      "context_precision": 0.7573333333333333,
      "context_recall": 1.0,
      "mrr": 0.7566666666666667,
      "ndcg@5": 0.7634940212544695,
      "entity_recall": 0.26129365079365074,
      "faithfulness": 0.9215759348021466,
      "answer_relevancy": 0.8636109232902527
    },
    "no_reranker": {
      "bertscore_f1": 0.8031210899353027,
      "semantic_similarity": 0.43884173035621643,
      "context_precision": 0.8141111111111111,
      "context_recall": 1.0,
      "mrr": 0.8240000000000001,
      "ndcg@5": 0.8229905600828815,
      "entity_recall": 0.2932063492063492,
      "faithfulness": 0.9187464128833541,
      "answer_relevancy": 0.7935275435447693
    },
    "no_crag": {
      "bertscore_f1": 0.8017261624336243,
      "semantic_similarity": 0.43228065967559814,
      "context_precision": 0.81,
      "context_recall": 1.0,
      "mrr": 0.81,
      "ndcg@5": 0.8126185950714292,
      "entity_recall": 0.280563492063492,
      "faithfulness": 0.922607909588272,
      "answer_relevancy": 0.8631631731987
    },
    "no_classifier": {
      "bertscore_f1": 0.8024924993515015,
      "semantic_similarity": 0.5412635207176208,
      "context_precision": 0.83,
      "context_recall": 1.0,
      "mrr": 0.83,
      "ndcg@5": 0.8326185950714291,
      "entity_recall": 0.29723015873015873,
      "faithfulness": 0.907328020624349,
      "answer_relevancy": 0.8506419658660889
    }
  }
}