{
  "no_reranker": {
    "context_precision": 0.4746642865961032,
    "context_recall": 0.5363451303120322,
    "mrr": 0.8913333333333333,
    "ndcg@5": 0.8225075515870093,
    "ndcg@10": 0.8356286825993212
  },
  "no_crag": {
    "context_precision": 0.49594530905112033,
    "context_recall": 0.5729105478446911,
    "mrr": 0.8885238095238094,
    "ndcg@5": 0.8409577133759647,
    "ndcg@10": 0.8572372424072247
  },
  "no_classifier": {
    "context_precision": 0.4862703090511203,
    "context_recall": 0.5649105478446912,
    "mrr": 0.8710238095238094,
    "ndcg@5": 0.8209577133759648,
    "ndcg@10": 0.8398982826099393
  }
}