{
  "bertscore_f1": {
    "deepseek": 0.8396701812744141,
    "gemma": 0.8284246921539307,
    "delta": -0.011245489120483398,
    "t": 3.715544306734249,
    "p": 0.0005202042768906794
  },
  "semantic_similarity": {
    "deepseek": 0.8160103559494019,
    "gemma": 0.7549335360527039,
    "delta": -0.061076819896698,
    "t": 1.132324666916914,
    "p": 0.2630087122689898
  },
  "entity_recall": {
    "deepseek": 0.4079206349206349,
    "gemma": 0.3917301587301587,
    "delta": -0.0161904761904762,
    "t": 1.0926580614923689,
    "p": 0.27988703669056103
  },
  "faithfulness": {
    "deepseek": 0.5069402367503493,
    "gemma": 0.6069065745190602,
    "delta": 0.09996633776871089,
    "t": -2.7836568204776992,
    "p": 0.007615567529501327
  },
  "answer_relevancy": {
    "deepseek": 0.9924899935722351,
    "gemma": 0.9302533864974976,
    "delta": -0.06223660707473755,
    "t": 1.9785829225123654,
    "p": 0.05349846039157755
  }
}