{
  "bertscore_f1": {
    "deepseek": 0.840527355670929,
    "gemma": 0.8295225501060486,
    "delta": -0.011004805564880371,
    "t": 2.91956571794253,
    "p": 0.0052830884417908045
  },
  "semantic_similarity": {
    "deepseek": 0.8521436452865601,
    "gemma": 0.7890741229057312,
    "delta": -0.06306952238082886,
    "t": 1.345129203011462,
    "p": 0.18477621827224838
  },
  "entity_recall": {
    "deepseek": 0.40152380952380945,
    "gemma": 0.386063492063492,
    "delta": -0.015460317460317452,
    "t": 0.7384415240816927,
    "p": 0.4637685400507935
  },
  "faithfulness": {
    "deepseek": 0.5170138119571065,
    "gemma": 0.6087206507424335,
    "delta": 0.09170683878532704,
    "t": -3.624515247637639,
    "p": 0.0006874660299499587
  },
  "answer_relevancy": {
    "deepseek": 0.9984279870986938,
    "gemma": 0.9884286522865295,
    "delta": -0.009999334812164307,
    "t": 2.088662045400839,
    "p": 0.04195554097401438
  }
}