{
  "deepseek": {
    "bertscore_f1": 0.840527355670929,
    "semantic_similarity": 0.8521436452865601,
    "entity_recall": 0.40152380952380945,
    "faithfulness": 0.5170138119571065,
    "answer_relevancy": 0.9984279870986938,
    "per_query": {
      "bertscore_f1": [
        0.8728252053260803,
        0.8529418706893921,
        0.8187426924705505,
        0.8800711631774902,
        0.8563145399093628,
        0.8250508308410645,
        0.8459896445274353,
        0.8283541202545166,
        0.8555235862731934,
        0.8278189301490784,
        0.8458918333053589,
        0.8528611660003662,
        0.8322057723999023,
        0.867591381072998,
        0.7856789827346802,
        0.8678410053253174,
        0.8369544148445129,
        0.8260273933410645,
        0.8354092836380005,
        0.817043662071228,
        0.8346081376075745,
        0.8651314973831177,
        0.8738599419593811,
        0.829414963722229,
        0.8217045664787292,
        0.873595118522644,
        0.8242226243019104,
        0.8723222017288208,
        0.849695086479187,
        0.8383002877235413,
        0.8159428238868713,
        0.8576452136039734,
        0.8406299352645874,
        0.8595609664916992,
        0.8222812414169312,
        0.8622438311576843,
        0.8344681859016418,
        0.8506262302398682,
        0.843180239200592,
        0.8298343420028687,
        0.8445237278938293,
        0.8217853307723999,
        0.8611685037612915,
        0.8038793206214905,
        0.8555271029472351,
        0.8285713791847229,
        0.7890623211860657,
        0.8193708062171936,
        0.8391281366348267,
        0.8329457640647888
      ],
      "semantic_similarity": [
        0.9994879961013794,
        0.9966768026351929,
        0.9968083500862122,
        0.9974203109741211,
        0.9996334314346313,
        0.9359591603279114,
        0.9979479908943176,
        0.9118157029151917,
        0.9992815852165222,
        0.7481911778450012,
        0.9996098875999451,
        0.6288290023803711,
        0.9997898936271667,
        0.9992601275444031,
        0.4486638903617859,
        0.9996705055236816,
        0.9931132197380066,
        0.8513737916946411,
        0.00029047555290162563,
        0.9873898029327393,
        0.9946586489677429,
        0.9483998417854309,
        0.9728881120681763,
        0.0964343249797821,
        0.9797292947769165,
        0.997974693775177,
        0.9486591815948486,
        0.9970881342887878,
        0.9835097193717957,
        0.9293610453605652,
        0.984377384185791,
        0.23086155951023102,
        0.9717483520507812,
        0.9951889514923096,
        0.9395290613174438,
        0.9980929493904114,
        0.9972324967384338,
        0.9899733066558838,
        0.998191773891449,
        0.98819899559021,
        0.9953926801681519,
        0.0019361093873158097,
        0.9960024952888489,
        0.06438945233821869,
        0.997112512588501,
        0.9184959530830383,
        0.9769719243049622,
        0.9693554043769836,
        0.25603052973747253,
        0.9981833100318909
      ],
      "entity_recall": [
        0.2857142857142857,
        0.3333333333333333,
        0.3333333333333333,
        0.6666666666666666,
        0.3333333333333333,
        0.2,
        0.3333333333333333,
        0.6,
        0.3333333333333333,
        0.3333333333333333,
        0.25,
        0.75,
        0.25,
        0.25,
        0.0,
        0.3333333333333333,
        0.2,
        0.2,
        0.5,
        0.2,
        1.0,
        0.5,
        1.0,
        0.0,
        0.3333333333333333,
        0.42857142857142855,
        0.6666666666666666,
        0.4,
        0.25,
        0.5,
        0.0,
        0.2857142857142857,
        0.5,
        0.0,
        0.2,
        0.3333333333333333,
        1.0,
        0.0,
        0.375,
        1.0,
        0.2,
        0.5,
        0.5,
        0.6666666666666666,
        0.3333333333333333,
        1.0,
        0.5,
        0.375,
        0.4,
        0.14285714285714285
      ],
      "faithfulness": [
        0.9505727285688574,
        0.566023534655571,
        0.7647987896203995,
        0.837697603433363,
        0.6316882383823395,
        0.4290573395464732,
        0.26158246596654255,
        0.0002290457021445036,
        0.8660508861144384,
        0.7542865964499387,
        0.538399234100392,
        0.6013034057617188,
        0.832377163034219,
        0.7729563064045376,
        0.44116333759412535,
        0.8820444305737813,
        0.46796665141979854,
        0.8414893825264538,
        0.2103924267432269,
        0.7522372235854466,
        0.30001726216740077,
        0.6515593020497141,
        0.821918535232544,
        0.7662767685651779,
        0.33213346385293535,
        0.44309542775154115,
        0.16512955292875386,
        0.947985224922498,
        0.2666403459814879,
        0.7676611442290819,
        0.37628174579143525,
        0.9095012224382826,
        0.08464322708547115,
        0.14366604156792162,
        0.47155706139944364,
        0.7126533446616905,
        0.4239754252361529,
        0.33351359019676846,
        0.6288697808980942,
        0.3029186498211778,
        0.49357552822085393,
        0.016479533912522878,
        0.6498069653677385,
        0.24027969463004006,
        0.43800986014133275,
        0.029285183971698735,
        0.07156733776641043,
        0.7089761423342156,
        0.05861788656378242,
        0.891778557985387
      ],
      "answer_relevancy": [
        0.9997934699058533,
        0.9998106360435486,
        0.9990808963775635,
        0.9996656179428101,
        0.999692440032959,
        0.9993962049484253,
        0.9996713399887085,
        0.9998515844345093,
        0.9999305009841919,
        0.9998363256454468,
        0.9999444484710693,
        0.9997658133506775,
        0.9999709129333496,
        0.9999722242355347,
        0.9995912909507751,
        0.999963641166687,
        0.9995331764221191,
        0.998050332069397,
        0.9997158646583557,
        0.9998654127120972,
        0.9937268495559692,
        0.9996795654296875,
        0.9996601343154907,
        0.997562050819397,
        0.9999514818191528,
        0.9996108412742615,
        0.9997089505195618,
        0.9994070529937744,
        0.9990602135658264,
        0.9996891021728516,
        0.9998637437820435,
        0.9997877478599548,
        0.9997226595878601,
        0.9991405010223389,
        0.9995255470275879,
        0.9998410940170288,
        0.9994231462478638,
        0.9994779229164124,
        0.999936580657959,
        0.9507943987846375,
        0.9998761415481567,
        0.9981690645217896,
        0.999174177646637,
        0.999742329120636,
        0.9997836947441101,
        0.9995437264442444,
        0.998434841632843,
        0.9991273283958435,
        0.999591052532196,
        0.9992814660072327
      ]
    }
  },
  "cerebras": {
    "bertscore_f1": 0.8295225501060486,
    "semantic_similarity": 0.7890741229057312,
    "entity_recall": 0.386063492063492,
    "faithfulness": 0.6087206507424335,
    "answer_relevancy": 0.9884286522865295,