{
  "bertscore_f1": {
    "deepseek": 0.7046514749526978,
    "gemma": 0.8269899487495422,
    "delta": 0.12233847379684448,
    "t": -2.75010713641223,
    "p": 0.008322446765028736
  },
  "semantic_similarity": {
    "deepseek": 0.8022522926330566,
    "gemma": 0.7726277112960815,
    "delta": -0.029624581336975098,
    "t": 0.9082866864814808,
    "p": 0.36817249928734225
  },
  "entity_recall": {
    "deepseek": 0.33869047619047615,
    "gemma": 0.3846349206349206,
    "delta": 0.045944444444444454,
    "t": -1.3660602221897211,
    "p": 0.17815725818476563
  },
  "faithfulness": {
    "deepseek": 0.4409149411099205,
    "gemma": 0.6405411883721146,
    "delta": 0.19962624726219408,
    "t": -4.401560032918181,
    "p": 5.8083222648923515e-05
  },
  "answer_relevancy": {
    "deepseek": 0.8187730312347412,
    "gemma": 0.9626539349555969,
    "delta": 0.1438809037208557,
    "t": -2.6822886986972043,
    "p": 0.00993945661535005
  }
}