{
  "deepseek": {
    "bertscore_f1": 0.7046514749526978,
    "semantic_similarity": 0.8022522926330566,
    "entity_recall": 0.33869047619047615,
    "faithfulness": 0.4409149411099205,
    "answer_relevancy": 0.8187730312347412,
    "per_query": {
      "bertscore_f1": [
        0.0,
        0.8526792526245117,
        0.7879287004470825,
        0.8762323260307312,
        0.8423840999603271,
        0.8213258981704712,
        0.841615617275238,
        0.8403884768486023,
        0.8533587455749512,
        0.8145392537117004,
        0.0,
        0.8400605320930481,
        0.8601983189582825,
        0.892164945602417,
        0.8005825877189636,
        0.8633511066436768,
        0.8384674787521362,
        0.8329939842224121,
        0.8336338400840759,
        0.807441771030426,
        0.8197357654571533,
        0.0,
        0.9006440043449402,
        0.0,
        0.8112996816635132,
        0.8587489128112793,
        0.8210269212722778,
        0.8760892748832703,
        0.8428967595100403,
        0.0,
        0.8189786076545715,
        0.8541055917739868,
        0.8350404500961304,
        0.860195517539978,
        0.8085487484931946,
        0.0,
        0.0,
        0.8380938172340393,
        0.8469381928443909,
        0.8199140429496765,
        0.0,
        0.8084041476249695,
        0.8594609498977661,
        0.8269872069358826,
        0.8577155470848083,
        0.8174559473991394,
        0.847454845905304,
        0.838651180267334,
        0.832851231098175,
        0.8319884538650513
      ],
      "semantic_similarity": [
        0.47195619344711304,
        0.9871838688850403,
        0.997789740562439,
        0.9985077977180481,
        0.9994500279426575,
        0.9942529797554016,
        0.9995206594467163,
        0.9085958003997803,
        0.9997727274894714,
        0.9448444843292236,
        0.9589413404464722,
        0.9809224009513855,
        0.9989975094795227,
        0.9998788833618164,
        0.10341379791498184,
        0.9990912675857544,
        0.9892682433128357,
        0.9842188954353333,
        0.983509361743927,
        0.9963738322257996,
        0.9776516556739807,
        0.9982379674911499,
        0.9978043437004089,
        0.020574338734149933,
        0.9859520196914673,
        0.9983839988708496,
        0.9810730218887329,
        0.9970607161521912,
        0.00438256561756134,
        0.9425533413887024,
        0.014861352741718292,
        0.6522402763366699,
        0.9837417602539062,
        0.997266411781311,
        4.995572453481145e-05,
        0.9819252490997314,
        0.21199890971183777,
        0.99402916431427,
        0.9206647276878357,
        0.9440003633499146,
        0.8769657611846924,
        0.48951539397239685,
        0.9989818930625916,
        0.9460946917533875,
        0.9973629117012024,
        0.001213589683175087,
        0.9990689158439636,
        0.9893747568130493,
        0.022364916279911995,
        0.8907269239425659
      ],
      "entity_recall": [
        0.0,
        0.3333333333333333,
        0.3333333333333333,
        0.5,
        0.3333333333333333,
        0.2,
        0.3333333333333333,
        0.4,
        0.3333333333333333,
        0.3333333333333333,
        0.0,
        0.75,
        0.25,
        0.25,
        0.0,
        0.6666666666666666,
        0.2,
        0.2,
        1.0,
        0.2,
        1.0,
        0.0,
        1.0,
        0.0,
        0.3333333333333333,
        0.42857142857142855,
        0.6666666666666666,
        0.4,
        0.25,
        0.0,
        0.0,
        0.42857142857142855,
        0.5,
        0.0,
        0.2,
        0.0,
        0.0,
        0.0,
        0.375,
        0.5,
        0.0,
        0.5,
        0.5,
        0.6666666666666666,
        0.3333333333333333,
        0.75,
        0.5,
        0.5,
        0.2,
        0.2857142857142857
      ],
      "faithfulness": [
        0.0,
        0.7044839048577893,
        0.5554190573660103,
        0.9147178553210364,
        0.6807484670480093,
        0.7127920142982317,
        0.256682620704174,
        0.0012970484793186187,
        0.8458835926549189,
        0.4824701808117054,
        0.0,
        0.4298400580883026,
        0.7897045626684471,
        0.859576920591868,
        0.7673047165716849,
        0.7360159808397293,
        0.525674358593381,
        0.8919065636396408,
        0.18620043799281122,
        0.747918353752887,
        0.32244135044191197,
        0.0,
        0.8828209850268487,
        0.0,
        0.33907380988200503,
        0.7321199081160805,
        0.21351243144936033,
        0.8917098091198847,
        0.2875769852564253,
        0.0,
        0.6559160553925746,
        0.9056017850384568,
        0.10342428370871964,
        0.07473959244577394,
        0.4723408328162299,
        0.0,
        0.0,
        0.3830529127608646,
        0.7226820923514286,
        0.7086246381203334,
        0.0,
        0.07419687777611554,
        0.6650792502164841,
        0.05362395684545238,
        0.5421718309322993,
        0.016968476037020022,
        0.05865902898270481,
        0.8684586443247333,
        0.3526509885986646,
        0.629663835575706
      ],
      "answer_relevancy": [
        7.687592733418569e-05,
        0.9998378753662109,
        0.9996700286865234,
        0.9940651655197144,
        0.9996607303619385,
        0.9992467164993286,
        0.9998224377632141,
        0.9998013377189636,
        0.9999436140060425,
        0.9998797178268433,
        0.0002365957770962268,
        0.9994124174118042,
        0.9999394416809082,
        0.9999393224716187,
        0.9998573064804077,
        0.9999746084213257,
        0.9996974468231201,
        0.9984423518180847,
        0.9994534850120544,
        0.9999064207077026,
        0.9925335645675659,
        8.906630682758987e-05,
        0.9998189806938171,
        3.0413957574637607e-05,
        0.9966663718223572,
        0.9993114471435547,
        0.9997236132621765,
        0.9995792508125305,
        0.9772124886512756,
        6.121835758676752e-05,
        0.9988540410995483,
        0.9995656609535217,
        0.9997879862785339,
        0.998607337474823,
        0.9905797839164734,
        2.3675349439145066e-05,
        3.295079659437761e-05,
        0.9996285438537598,
        0.9996376037597656,
        0.003268601605668664,
        2.965212297567632e-05,
        0.9987022876739502,
        0.999722421169281,
        0.9996936321258545,
        0.999763548374176,
        0.9990206956863403,
        0.9991851449012756,
        0.9996466636657715,
        0.9996943473815918,
        0.9993183612823486
      ]
    }
  },
  "cerebras": {
    "bertscore_f1": 0.8269899487495422,
    "semantic_similarity": 0.7726277112960815,
    "entity_recall": 0.3846349206349206,
    "faithfulness": 0.6405411883721146,
    "answer_relevancy": 0.9626539349555969,