{
  "deepseek": {
    "bertscore_f1": 0.8396701812744141,
    "semantic_similarity": 0.8160103559494019,
    "entity_recall": 0.4079206349206349,
    "faithfulness": 0.5069402367503493,
    "answer_relevancy": 0.9924899935722351,
    "per_query": {
      "bertscore_f1": [
        0.8811622858047485,
        0.8351617455482483,
        0.7871289253234863,
        0.8781314492225647,
        0.8489280939102173,
        0.819025456905365,
        0.8551315069198608,
        0.8095722198486328,
        0.8721587657928467,
        0.8071819543838501,
        0.8612688183784485,
        0.845736026763916,
        0.8576527237892151,
        0.841728687286377,
        0.7948132157325745,
        0.8378683924674988,
        0.8290587663650513,
        0.8367626070976257,
        0.8131884932518005,
        0.8514527678489685,
        0.8495542407035828,
        0.8534963130950928,
        0.873974621295929,
        0.8312119841575623,
        0.8227148652076721,
        0.8648858070373535,
        0.8146354556083679,
        0.875633716583252,
        0.8621818423271179,
        0.8446014523506165,
        0.8277260661125183,
        0.8483579754829407,
        0.8289662003517151,
        0.8691011071205139,
        0.8298645615577698,
        0.8558274507522583,
        0.8130698204040527,
        0.8552755117416382,
        0.842681348323822,
        0.8186373710632324,
        0.843100905418396,
        0.8188276290893555,
        0.8566221594810486,
        0.828780472278595,
        0.8578412532806396,
        0.8171588182449341,
        0.8494624495506287,
        0.8062959313392639,
        0.8419626355171204,
        0.8179493546485901
      ],
      "semantic_similarity": [
        0.9996951818466187,
        0.9991266131401062,
        0.9957971572875977,
        0.9955201148986816,
        0.9995477795600891,
        0.013635963201522827,
        0.9960013031959534,
        0.06544230133295059,
        0.9997647404670715,
        0.004599160980433226,
        0.9986644983291626,
        0.3237258493900299,
        0.9983972907066345,
        0.9995799660682678,
        0.01924845017492771,
        0.999103307723999,
        0.9798086285591125,
        0.7077771425247192,
        0.9462903141975403,
        0.9922667145729065,
        0.997554361820221,
        0.9960656762123108,
        0.9148538708686829,
        0.9973121881484985,
        0.9883143901824951,
        0.9910240173339844,
        0.9127200245857239,
        0.9972969889640808,
        0.982749342918396,
        0.9903548955917358,
        0.886263370513916,
        0.7485766410827637,
        0.9468726515769958,
        0.996600329875946,
        3.6110548535361886e-05,
        0.9990304708480835,
        0.9224095940589905,
        0.9874168634414673,
        0.7185909748077393,
        0.46775171160697937,
        0.9993394017219543,
        0.8732056617736816,
        0.9930213093757629,
        0.8757733106613159,
        0.9978029131889343,
        0.9161231517791748,
        0.9983065128326416,
        0.6982536911964417,
        0.9036073088645935,
        0.06929602473974228
      ],
      "entity_recall": [
        0.2857142857142857,
        0.2222222222222222,
        0.3333333333333333,
        0.6666666666666666,
        0.3333333333333333,
        0.2,
        0.3333333333333333,
        0.4,
        0.3333333333333333,
        0.3333333333333333,
        0.5,
        0.5,
        0.25,
        0.25,
        0.0,
        0.3333333333333333,
        0.2,
        0.2,
        1.0,
        0.2,
        1.0,
        0.75,
        1.0,
        0.16666666666666666,
        0.3333333333333333,
        0.14285714285714285,
        0.6666666666666666,
        0.4,
        0.25,
        0.5,
        0.0,
        0.2857142857142857,
        0.5,
        0.0,
        0.2,
        0.3333333333333333,
        1.0,
        0.0,
        0.375,
        1.0,
        0.2,
        0.75,
        0.5,
        0.6666666666666666,
        0.3333333333333333,
        0.75,
        0.5,
        0.375,
        0.4,
        0.14285714285714285
      ],
      "faithfulness": [
        0.954441626404607,
        0.7722108335913839,
        0.263250348508358,
        0.7856101918220519,
        0.9064265374342602,
        0.28389644966675687,
        0.260544598599275,
        0.5825609249728066,
        0.9283658206462859,
        0.07820619363337755,
        0.3675621094611975,
        0.15837989362577598,
        0.860162622440945,
        0.4251587019018505,
        0.029287300727689092,
        0.8596039205789565,
        0.40356402781448864,
        0.7285983977779265,
        0.06247571638644966,
        0.8946128022670746,
        0.3081183284705068,
        0.9011361052740865,
        0.8410060591292832,
        0.79794007062912,
        0.36022377210419354,
        0.4478201987928358,
        0.14041970013217492,
        0.9333634006125586,
        0.26970831015530755,
        0.896286068778289,
        0.626712514222532,
        0.9354517340660096,
        0.2266100590764466,
        0.08900273896753788,
        0.36159252375364304,
        0.8926932126283645,
        0.29851941813283894,
        0.5408855751608357,
        0.6658865880732443,
        0.19222246919509392,
        0.7406561413104983,
        0.21279826556381426,
        0.7551031170889388,
        0.28373080044984816,
        0.5429049164056778,
        0.3246417402625084,
        0.03444411161525005,
        0.19934635152419408,
        0.4816167679525191,
        0.44125175972779596
      ],
      "answer_relevancy": [
        0.9999810457229614,
        0.9998218417167664,
        0.9996864795684814,
        0.9997069239616394,
        0.9989513158798218,
        0.9993280172348022,
        0.999769389629364,
        0.9997226595878601,
        0.9999128580093384,
        0.9998052716255188,
        0.9999611377716064,
        0.9995431900024414,
        0.9999542236328125,
        0.9998006224632263,
        0.9604091048240662,
        0.9999679327011108,
        0.999454915523529,
        0.9996500015258789,
        0.9996765851974487,
        0.9997212290763855,
        0.999789297580719,
        0.9996459484100342,
        0.9996080994606018,
        0.999879002571106,
        0.9992547631263733,
        0.9948064684867859,
        0.9815877676010132,
        0.9990690350532532,
        0.9998258948326111,
        0.9998655319213867,
        0.9988082647323608,
        0.996086597442627,
        0.9998235106468201,
        0.9977467656135559,
        0.9980689883232117,
        0.9998916387557983,
        0.9984856247901917,
        0.9978196620941162,
        0.9996627569198608,
        0.9745425581932068,
        0.9998862743377686,
        0.9989339709281921,
        0.9998867511749268,
        0.9997705817222595,
        0.9997233748435974,
        0.9985910058021545,
        0.9993756413459778,
        0.7410111427307129,
        0.9996917247772217,
        0.9985364675521851
      ]
    }
  },
  "cerebras": {
    "bertscore_f1": 0.8284246921539307,
    "semantic_similarity": 0.7549335360527039,
    "entity_recall": 0.3917301587301587,
    "faithfulness": 0.6069065745190602,
    "answer_relevancy": 0.9302533864974976,