{
  "deepseek": {
    "semantic_similarity": [
      0.999602735042572,
      0.6882320046424866,
      0.9991087317466736,
      0.9979771971702576,
      0.9997941851615906,
      0.9699563384056091,
      0.9989354014396667,
      0.9638060927391052,
      0.9997784495353699,
      0.9846300482749939,
      0.9968769550323486,
      0.8992828130722046,
      0.9983723759651184,
      0.9892309308052063,
      0.0019833038095384836,
      0.9991815686225891,
      0.8047494888305664,
      0.9930511713027954,
      0.9516789317131042,
      0.9980090260505676,
      0.8905473947525024,
      0.868273913860321,
      0.9771906137466431,
      0.020574338734149933,
      0.9048081040382385,
      0.9993788003921509,
      0.9509838819503784,
      0.9986162185668945,
      0.6523770689964294,
      0.9965502023696899,
      0.0019483790965750813,
      0.9955801367759705,
      0.3197013735771179,
      0.9979535341262817,
      0.9390096664428711,
      0.9991408586502075,
      0.9929847717285156,
      0.9697833061218262,
      0.988520085811615,
      0.3809790313243866,
      0.8769657611846924,
      0.8050501942634583,
      0.9944224953651428,
      0.6520822644233704,
      0.9982731342315674,
      0.9372091889381409,
      0.996679425239563,
      0.9607612490653992,
      0.3968257009983063,
      0.0075827972032129765
    ],
    "entity_recall": [
      0.2857142857142857,
      0.3333333333333333,
      0.3333333333333333,
      0.6666666666666666,
      0.3333333333333333,
      0.2,
      0.3333333333333333,
      0.6,
      0.3333333333333333,
      0.3333333333333333,
      0.5,
      0.5,
      0.25,
      0.25,
      0.0,
      0.3333333333333333,
      0.4,
      0.4,
      0.0,
      0.2,
      1.0,
      1.0,
      1.0,
      0.0,
      0.3333333333333333,
      0.42857142857142855,
      0.6666666666666666,
      0.4,
      0.25,
      0.5,
      0.0,
      0.0,
      0.5,
      0.0,
      0.0,
      0.5,
      1.0,
      0.0,
      0.375,
      1.0,
      0.0,
      0.75,
      0.5,
      0.0,
      0.3333333333333333,
      0.5,
      0.5,
      0.0,
      0.8,
      0.14285714285714285
    ],
    "faithfulness": [
      0.9728096349881246,
      0.7019194773435593,
      0.4527692526578903,
      0.9439429201577838,
      0.9309207280476888,
      0.757239600786796,
      0.21357931147019069,
      0.015730901900678874,
      0.7974502398915913,
      0.8405797129869461,
      0.7333831082219663,
      0.19042845636054323,
      0.859416238345751,
      0.36836255788803096,
      0.6987807583808898,
      0.8402355971244665,
      0.3159363617665238,
      0.6491691122452419,
      0.0,
      0.7093492583795027,
      0.31285809003042453,
      0.7348583624610361,
      0.9529205891566399,
      0.0,
      0.29763508091370267,
      0.4890803541128452,
      0.2744352471232414,
      0.9482985633902434,
      0.2291797373829217,
      0.8684510588645935,
      0.8668012089454211,
      0.0,
      0.4598112994041599,
      0.15644088018064697,
      0.0,
      0.6771015527573498,
      0.21253473291794459,
      0.4132078124461947,
      0.5792129946918022,
      0.3451064878649879,
      0.0,
      0.05620536442493668,
      0.6260027767838658,
      0.2723765845482166,
      0.5450693432773862,
      0.03955580370787245,
      0.04786368671951717,
      0.0,
      0.021047230937343554,
      0.7835459166765213
    ],
    "answer_relevancy": [
      0.99985671043396,
      0.9996792078018188,
      0.999609649181366,
      0.9987812638282776,
      0.9983909130096436,
      0.9992188215255737,
      0.9998408555984497,
      0.9998414516448975,
      0.9998965263366699,
      0.999852180480957,
      0.9999500513076782,
      0.9997066855430603,
      0.9999685287475586,
      0.9966360330581665,
      0.9996943473815918,
      0.9999651908874512,
      0.9997766613960266,
      0.9980292916297913,
      1.8131546312361024e-05,
      0.9999537467956543,
      0.9990236759185791,
      0.9997474551200867,
      0.9998363256454468,
      3.0413957574637607e-05,
      0.9998949766159058,
      0.999874472618103,
      0.9893890023231506,
      0.9994696974754333,
      0.9996645450592041,
      0.9991099238395691,
      0.9888783097267151,
      5.601420343737118e-05,
      0.9998468160629272,
      0.9990216493606567,
      0.00017658779688645154,
      0.9998767375946045,
      0.9996905326843262,
      0.997696578502655,
      0.999670147895813,
      0.9524884819984436,
      2.965212297567632e-05,
      0.9992871880531311,
      0.9997311234474182,
      0.9997966885566711,
      0.9996864795684814,
      0.9976397752761841,
      0.9990297555923462,
      1.551018067402765e-05,
      0.9997515082359314,
      0.004287355113774538
    ]
  },
  "cerebras": {
    "semantic_similarity": [
      0.9990218877792358,
      0.1681031882762909,
      0.9970732927322388,
      0.9562175869941711,
      0.9997157454490662,
      0.8764201998710632,
      0.8102497458457947,
      0.9938017725944519,
      0.999704897403717,
      0.002344076754525304,
      0.9996936321258545,
      0.889573335647583,
      0.9978287816047668,
      0.9984729886054993,
      0.03946239873766899,
      0.9954414367675781,
      0.9795233011245728,
      0.9945964217185974,
      0.913271427154541,
      0.8429120182991028,
      0.4972068667411804,
      0.9979130625724792,
      0.9610337615013123,
      0.002587728202342987,
      0.857425332069397,
      0.9991987347602844,
      0.9316257834434509,
      0.9598877429962158,
      0.7448452711105347,
      0.9938998222351074,
      0.042822983115911484,
      0.9402964115142822,
      0.9054734110832214,
      0.9980429410934448,
      0.8901324272155762,
      0.996641993522644,
      0.8721256852149963,
      0.99614417552948,
      0.9812520742416382,
      0.9027618169784546,
      0.9959837198257446,
      0.25004076957702637,
      0.9968967437744141,
      0.47825685143470764,
      0.9987838864326477,
      0.8310900330543518,
      0.9985153079032898,
      0.919301450252533,
      0.7870463728904724,
      0.2990068197250366
    ],
    "entity_recall": [
      0.2857142857142857,
      0.2222222222222222,
      0.3333333333333333,
      0.6666666666666666,
      0.3333333333333333,
      0.4,
      0.3333333333333333,
      0.2,
      0.3333333333333333,
      0.3333333333333333,
      0.25,
      0.75,
      0.25,
      0.25,
      0.0,
      0.3333333333333333,
      0.2,
      0.2,
      0.5,
      0.2,
      1.0,
      1.0,
      1.0,
      0.0,
      0.3333333333333333,
      0.42857142857142855,
      0.6666666666666666,
      0.4,
      0.25,
      0.5,
      0.0,
      0.2857142857142857,
      0.5,
      0.0,
      0.2,
      0.16666666666666666,
      1.0,
      0.0,
      0.375,
      1.0,
      0.2,
      0.5,
      0.5,
      0.0,
      0.3333333333333333,
      0.75,
      0.5,
      0.5,
      0.2,
      0.14285714285714285
    ],