{
  "full_fidelity_per_query": [
    0.975707915943602,
    0.8026550096014272,
    0.6945359186993705,
    0.9466154307126999,
    0.6504441815309036,
    0.7371943510593253,
    0.3631560114622116,
    0.8080501158391276,
    0.9303447983481667,
    0.3183109780575367,
    0.7859424571196238,
    0.22155459344387052,
    0.7573818871160832,
    0.4818381447541086,
    0.7118453693389892,
    0.8491382787624995,
    0.6565252135197321,
    0.8834637561359922,
    0.4492121790711944,
    0.8993880351384482,
    0.4276219937663812,
    0.8526392522980186,
    0.9572598161838822,
    0.6814303652048112,
    0.34923197933856176,
    0.5851313852950146,
    0.266466815998921,
    0.902126151919365,
    0.29353346637651034,
    0.8721735868453979,
    0.4211523750424385,
    0.8883036136627197,
    0.03581117279557646,
    0.11999696133037407,
    0.36872647964074967,
    0.7137340071526441,
    0.19961490715677674,
    0.34332510630289714,
    0.672736370078353,
    0.24394026491003976,
    0.6615158645964381,
    0.041922784952277484,
    0.8556136674703436,
    0.03611820885497663,
    0.4105002790689468,
    0.3563507184386253,
    0.05837942662013423,
    0.8379447728395463,
    0.060195895828300996,
    0.8561861768112344
  ],
  "no_reranker_fidelity_per_query": [
    0.6173073213151161,
    0.5427402307589848,
    0.5653138339519501,
    0.758544900124533,
    0.9665144348686392,
    0.3651263623468337,
    0.3828761769229906,
    0.24296195225583184,
    0.7069335238500075,
    0.2850915073700573,
    0.8567864798837238,
    0.2987272227118755,
    0.7087381154298782,
    0.047935861449789355,
    0.21096945711795023,
    0.791587004218346,
    0.6168340692917507,
    0.6908695419045057,
    0.15007560362644268,
    0.7265901802401793,
    0.19621221494484456,
    0.7594844927390416,
    0.8825276418165727,
    0.6563301742076874,
    0.037736083554581884,
    0.8506127989292145,
    0.4053196260389292,
    0.8909734453316087,
    0.26224724787312587,
    0.8837530137136065,
    0.30253048272581273,
    0.7732988161425437,
    0.04125266744755208,
    0.08179242243434512,
    0.21345516306258017,
    0.7974078267812729,
    0.2085838011852125,
    0.1015300023639875,
    0.5085202732682228,
    0.2643301324509993,
    0.6830322957352588,
    0.20063723153378593,
    0.49068850085400695,
    0.04544715021038428,
    0.4145067642132441,
    0.17203518152236938,
    0.10304561023654327,
    0.6349168643184092,
    0.04142157736377855,
    0.8222138018377366
  ],
  "full_mean": 0.5658597698487035,
  "no_reranker_mean": 0.46516734168953283,
  "delta": 0.10069242815917062,
  "delta_rel_pct": 17.794590378123758,
  "wilcoxon_two_sided_p": 0.0002308749851795966,
  "wilcoxon_greater_p": 0.0001154374925897983,
  "n_nonzero": 50,
  "n": 50
}