{
  "full_fidelity_per_query": [
    0.9078346729278564,
    0.7680130663845275,
    0.5701123034954072,
    0.9615041828432749,
    0.9282805848121642,
    0.41529605285479476,
    0.09896587562561035,
    0.3119586614573874,
    0.9440834023450551,
    0.05824192946861413,
    0.32367490175608044,
    0.3317377529762409,
    0.7441225345228233,
    0.46907774431090205,
    0.6215143263339997,
    0.8458970652176784,
    0.3851836558917294,
    0.7747209098778273,
    0.20043325126171113,
    0.9833279530207315,
    0.29438228390433574,
    0.6498094401649526,
    0.9381264507770539,
    0.7145833042226261,
    0.34579452306032177,
    0.3823411932358375,
    0.2615339426617873,
    0.9363780481250663,
    0.48499804908453037,
    0.9015501667471493,
    0.46204879188753034,
    0.941787788079631,
    0.21149390512391142,
    0.04680714266791862,
    0.39687597777532496,
    0.766729661822319,
    0.2255116548995639,
    0.4009335362911224,
    0.7395637885882304,
    0.11825944126090582,
    0.9120453783181998,
    0.109823018938303,
    0.535664188495049,
    0.05594188084119353,
    0.26558438390493394,
    0.2862382838359246,
    0.15434472407488264,
    0.9067994167891944,
    0.04581440878814206,
    0.6883999162250095,
    0.8315334015032824,
    0.5626687250260649,
    0.36828620433807374,
    0.9625549093882243,
    0.8075699204983918,
    0.49263899188775284,
    0.4784024506807327,
    0.8406851918801017,
    0.5624690115451813,
    0.49669522047042847,
    0.5487058602711734,
    0.6879119526398809,
    0.4928337424993515,
    0.7674998945660061,
    0.61290469622612,
    0.5162298035621643,
    0.789530722141266,
    0.7095210180832789,
    0.5406983464956284,
    0.5408203835288683,
    0.19882493861874595,
    0.26839757655131613,
    0.5759257433811823,
    0.9027137649613757,
    0.5949293727554926,
    0.43572802990674975,
    0.809213636471675,
    0.767424238550252,
    0.8585670948028565,
    0.4738871836662293
  ],
  "no_reranker_fidelity_per_query": [
    0.6979965045496269,
    0.7025795596837998,
    0.4267837662907208,
    0.9320183400226676,
    0.5097680843051742,
    0.3527025347948074,
    0.21492311209440232,
    0.14161121005361732,
    0.7720139930645624,
    0.6172075694799424,
    0.7761652662203863,
    0.24293872899398572,
    0.5441224463027099,
    0.6319738086064657,
    0.13584936417639254,
    0.8174122959375381,
    0.8927078946777012,
    0.9098485827445983,
    0.09898799073539283,
    0.9334127720536256,
    0.2254023494594025,
    0.7610904296239217,
    0.930067680488553,
    0.9466344132142908,
    0.00029120308754500003,
    0.3161041413744291,
    0.25794223313624004,
    0.6840839464304059,
    0.4039658471941948,
    0.9154435581830611,
    0.3452336136389662,
    0.31745217411141646,
    0.08677013123264679,
    0.2881244788567225,
    0.25755252783497173,
    0.7482634902000427,
    0.38613420228163403,
    0.4442284340659778,
    0.3133582835396131,
    0.2471463636427686,
    0.5982200394074122,
    0.07698982998728753,
    0.6082289141993369,
    0.05476554503421421,
    0.4685216219986187,
    0.08111960184646816,
    0.07541516381747054,
    0.9072611483974733,
    0.016154471731252586,
    0.71679750670405,
    0.7630763491789501,
    0.6256510632067191,
    0.39062831644949164,
    0.8263520827833212,
    0.42045590877532957,
    0.6320786610697255,
    0.4891300097107888,
    0.6328077107667923,
    0.8450102865695953,
    0.3111981350183487,
    0.33396192137841824,
    0.6442487309376399,
    0.526529177526633,
    0.5958105991284053,
    0.5677024756354847,
    0.8716124977126266,
    0.23262047970836813,
    0.4541633442044258,
    0.6522360324859618,
    0.6774384582743925,
    0.8627783035344265,
    0.6653710663318634,
    0.6340094157535097,
    0.6537056314945221,
    0.827851614826604,
    0.24499891298381907,
    0.9280752468927234,
    0.9407684553552558,
    0.8969859745941664,
    0.11918705660192405
  ],
  "full_mean": 0.5539989693109152,
  "no_reranker_mean": 0.5262028886049842,
  "delta": 0.02779608070593098,
  "delta_rel_pct": 5.017352422244539,
  "wilcoxon_two_sided_p": 0.15992847776230157,
  "wilcoxon_greater_p": 0.07996423888115078,
  "n_nonzero": 80,
  "n": 80
}