{
  "full_fidelity_per_query": [
    0.9299014377593995,
    0.5964600719213486,
    0.0,
    0.8386754790941875,
    0.9499451398849488,
    0.5360846934779997,
    0.6784512917200725,
    0.0,
    0.8770080182552338,
    0.5413497566273718,
    0.0,
    0.0,
    0.8745601467396084,
    0.5217071008423101,
    0.37043502748012547,
    0.8585975801944733,
    0.0,
    0.7032868911822637,
    0.3758319524730124,
    0.7515268334320613,
    0.0,
    0.0,
    0.0,
    0.0,
    0.11150012674927712,
    0.0,
    0.0,
    0.9222144126892089,
    0.0,
    0.0,
    0.5458423056385734,
    0.0,
    0.0,
    0.1131089249625802,
    0.0,
    0.0,
    0.0,
    0.19730543599409214,
    0.6664663006862005,
    0.0,
    0.0,
    0.012944032068401362,
    0.6797988457524259,
    0.2905697881828907,
    0.15605365907152494,
    0.39809698228325163,
    0.048382479821282624,
    0.0,
    0.11708249102564568,
    0.0
  ],
  "no_reranker_fidelity_per_query": [
    0.0,
    0.0,
    0.34108584870894754,
    0.0,
    0.9665144348686392,
    0.49383351264461395,
    0.0,
    0.0,
    0.751383974706685,
    0.12957455199211837,
    0.5546464254458745,
    0.0,
    0.2735850974917412,
    0.7433306379751725,
    0.2191814728947573,
    0.0,
    0.0,
    0.8941533488035203,
    0.08418481009892928,
    0.43830812737598257,
    0.9988735854625702,
    0.0,
    0.0,
    0.0,
    0.018825254157185552,
    0.0,
    0.13936223009228704,
    0.5282087209549817,
    0.0,
    0.0,
    0.0,
    0.0,
    0.0,
    0.08514700464904308,
    0.0,
    0.0,
    0.0,
    0.04782016350386235,
    0.0,
    0.14922744429336404,
    0.0,
    0.0,
    0.0,
    0.0,
    0.3557507078661475,
    0.036235793078870704,
    0.08341250471178985,
    0.0,
    0.0917640355016504,
    0.7934395688195383
  ],
  "full_mean": 0.2932637441201954,
  "no_reranker_mean": 0.18435698512196544,
  "delta": 0.10890675899822996,
  "delta_rel_pct": 37.136114225423675,
  "wilcoxon_two_sided_p": 0.036231207681700774,
  "wilcoxon_greater_p": 0.018115603840850387,
  "n_nonzero": 34,
  "n": 50
}