{
  "full_fidelity_per_query": [
    0.963852555400286,
    0.8524783064734262,
    0.7641769641637802,
    0.9302406159731058,
    0.8928449195623398,
    0.6760247200727463,
    0.6248220042492214,
    0.0001619095928617753,
    0.8476258502951984,
    0.12545097517531092,
    0.6288899090554979,
    0.07217581885094504,
    0.8566543213345787,
    0.8419017404317856,
    0.24750972631676443,
    0.8747108513116837,
    0.5322899609019882,
    0.8518065819373498,
    0.2543410658836365,
    0.759361224962493,
    0.34911259382963183,
    0.8460106316734763,
    0.7924165404926646,
    0.7990061019927682,
    0.32792319914228035,
    0.5826406680875355,
    0.18161731718516932,
    0.9544120067611654,
    0.2717922200759252,
    0.8365401583321301,
    0.6894619386370588,
    0.888236923302923,
    0.256638733006042,
    0.18496696883096148,
    0.4076454734101015,
    0.720573665990549,
    0.1290200966855754,
    0.03826499227924566,
    0.7921518637375398,
    0.29816060467408256,
    0.659774065679974,
    0.006396860710810869,
    0.7344789434620674,
    0.06506942523516375,
    0.2614743307232857,
    0.2898771590536291,
    0.05673933838862144,
    0.9077962241389534,
    0.043776250294286,
    0.7270271396636963
  ],
  "no_reranker_fidelity_per_query": [
    0.7045086230488791,
    0.7381236664056778,
    0.3317841637465689,
    0.9321695863638284,
    0.6769557219743728,
    0.4116647392511368,
    0.4935021489858627,
    0.1450577110879951,
    0.6150488786697388,
    0.055400229801829806,
    0.8164909252753625,
    0.4871080998451479,
    0.6277526469363106,
    0.7346815723180771,
    0.11770012527704238,
    0.8100334924765122,
    0.6077725832278912,
    0.8474605784966395,
    0.33034122494336604,
    0.7415340572595597,
    0.3606892184883941,
    0.6527830995745578,
    0.8292783968723737,
    0.7056311635971069,
    0.15491911818583806,
    0.6081210846150363,
    0.4295017510652542,
    0.8406455010175705,
    0.29013829452765955,
    0.9124451671655361,
    0.3443400046309909,
    0.065605766640726,
    0.22359182870676442,
    0.0817514151148498,
    0.057492072214372456,
    0.621510191210385,
    0.5749269008636475,
    0.08278786703748138,
    0.5550607298720966,
    0.19992840557413943,
    0.6998357858698248,
    0.15611292272806168,
    0.7685184717178345,
    0.05076787262581862,
    0.2749067920446396,
    0.03375869917683303,
    0.08763966808255645,
    0.7299356754380043,
    0.05031370210881327,
    0.6648737221956253
  ],
  "full_mean": 0.5339264491484462,
  "no_reranker_mean": 0.4666580412870918,
  "delta": 0.0672684078613544,
  "delta_rel_pct": 12.598815430222663,
  "wilcoxon_two_sided_p": 0.01574343835962111,
  "wilcoxon_greater_p": 0.007871719179810555,
  "n_nonzero": 50,
  "n": 50
}