{
  "full_fidelity_per_query": [
    0.8737119348663273,
    0.5916701866131203,
    0.5689262247085571,
    0.9590365122665059,
    0.6358781020892293,
    0.6431683889141789,
    0.5128376513719559,
    0.12616299763321875,
    0.9283658206462859,
    0.12471895832568407,
    0.7361121797561646,
    0.22773793717989554,
    0.7047305661898393,
    0.8849670112133027,
    0.18762183760603268,
    0.8849814593791961,
    0.46534785836935044,
    0.6914070235358345,
    0.17391370519995691,
    0.9196308688683943,
    0.3548672882949605,
    0.8336016875856063,
    0.7618074603121856,
    0.82006609638532,
    0.37119010835886,
    0.775440720640696,
    0.2052898591804889,
    0.9323722570611719,
    0.2902121279297806,
    0.8020330409208933,
    0.32627746966087595,
    0.9421635508537294,
    0.06227660818646351,
    0.30598429151483486,
    0.5743713706731797,
    0.6689162838238257,
    0.17189336692293486,
    0.3748503329157829,
    0.44130855053663254,
    0.17407986854856042,
    0.5153087808026208,
    0.1663895248821596,
    0.7245272422614305,
    0.09593690916895867,
    0.1675461412605011,
    0.1348075969263594,
    0.03869650359587506,
    0.8934302313231874,
    0.25048599353543033,
    0.6632197191840724,
    0.7671455725645407,
    0.3712395772337913,
    0.4121116645764886,
    0.7204434284976884,
    0.5143533400513909,
    0.9039887431167787,
    0.3564343540505929,
    0.7048842752172101,
    0.7647455006837844,
    0.44676433867878385,
    0.48861128541556276,
    0.8486164774055833,
    0.48760631382465364,
    0.6988452472994404,
    0.6067356607188349,
    0.7119766157407027,
    0.5661169459653456,
    0.6304641135277287,
    0.7978675891955693,
    0.5534335517883301,
    0.7813745788953922,
    0.5291538702117072,
    0.96566299029759,
    0.8965545463562012,
    0.6669822507782986,
    0.27081721223452515,
    0.8097713296042114,
    0.8030854182858621,
    0.7780263931228873,
    0.395288674613914
  ],
  "no_reranker_fidelity_per_query": [
    0.6405041688889788,
    0.7356019419652444,
    0.2701866325736046,
    0.7374378949403764,
    0.609679697777914,
    0.44274499267339706,
    0.5074559010068576,
    0.09645317194885328,
    0.7520480385598015,
    0.5101766362002021,
    0.4993226236418674,
    0.0830980876900933,
    0.5566319683018853,
    0.4013225729266802,
    0.3107386813229984,
    0.8569027290624731,
    0.8015506196022033,
    0.9098352938890457,
    0.14601790917956312,
    0.5516689879364438,
    0.19311503056022855,
    0.7451704449820937,
    0.8413405006582086,
    0.8275630108219512,
    0.06208549164461367,
    0.05087010254642951,
    0.4374150398704741,
    0.9060494153395944,
    0.2729372653365135,
    0.9306392990490969,
    0.552023291237214,
    0.6597949418756697,
    0.5664854147064854,
    0.08865941891446709,
    0.09612929205611055,
    0.7032480597051222,
    0.1806083829038673,
    0.11248640765746434,
    0.5284897370081322,
    0.16198750896586314,
    0.8931995318183359,
    0.14697936292145855,
    0.682953333532488,
    0.09024042128412811,
    0.7193107257286708,
    8.543344592908398e-05,
    0.03343225704932895,
    0.9222914820000276,
    0.012759581916907336,
    0.6819211187687788,
    0.807319042523702,
    0.948886542166433,
    0.7303543865680695,
    0.9425198153213219,
    0.42717617490599236,
    0.7726108808409085,
    0.2246241236274893,
    0.3048429598068369,
    0.6463419421361043,
    0.2797874313436056,
    0.10931528567829554,
    0.7780676607290904,
    0.38576002338757887,
    0.3006307914853096,
    0.669521497686704,
    0.7693658496494646,
    0.2865014397059426,
    0.6167558427109863,
    0.6626078349351883,
    0.5557551875229805,
    0.7438918670166785,
    0.3526798367500305,
    0.6565252394080161,
    0.5126748648973611,
    0.6815246064934815,
    0.5439246892929077,
    0.6874663356939952,
    0.9184831168200519,
    0.9456986245956827,
    0.30860128638244444
  ],
  "full_mean": 0.5616172508491724,
  "no_reranker_mean": 0.5136233129309599,
  "delta": 0.04799393791821249,
  "delta_rel_pct": 8.54566661648036,
  "wilcoxon_two_sided_p": 0.028041912173043217,
  "wilcoxon_greater_p": 0.014020956086521609,
  "n_nonzero": 80,
  "n": 80
}