{
  "row_12": {
    "n": 50,
    "mrr": 0.8366666666666666,
    "ndcg@5": 0.7569692678216436,
    "ndcg@10": 0.749546291241023,
    "context_precision": 0.41535671980563904,
    "context_recall": 0.49185803746984186
  },
  "row_30new": {
    "n": 30,
    "mrr": 0.87,
    "ndcg@5": 0.8157741312434403,
    "ndcg@10": 0.8407693391548573,
    "context_precision": 0.4625858761857451,
    "context_recall": 0.5354862689726876
  }
}