{
  "row_12": {
    "n": 50,
    "mrr": 0.8623333333333334,
    "ndcg@5": 0.8014279484318468,
    "ndcg@10": 0.8208790240509615,
    "context_precision": 0.4740440744832191,
    "context_recall": 0.5475772145113578
  },
  "row_30new": {
    "n": 30,
    "mrr": 0.8833333333333333,
    "ndcg@5": 0.8544718519825427,
    "ndcg@10": 0.879151741092899,
    "context_precision": 0.5049531323334343,
    "context_recall": 0.5501126610990797
  }
}