{
  "row_12": {
    "n": 50,
    "mrr": 0.8718571428571429,
    "ndcg@5": 0.8209577133759648,
    "ndcg@10": 0.8427913324586007,
    "context_precision": 0.4870953090511203,
    "context_recall": 0.5669105478446911
  },
  "row_30new": {
    "n": 30,
    "mrr": 0.85,
    "ndcg@5": 0.8211385186492094,
    "ndcg@10": 0.8458184077595656,
    "context_precision": 0.471619799000101,
    "context_recall": 0.5167793277657464
  }
}