{
  "row_12": {
    "n": 50,
    "mrr": 0.8663333333333333,
    "ndcg@5": 0.8040520499820936,
    "ndcg@10": 0.8251572760514623,
    "context_precision": 0.47531550305464765,
    "context_recall": 0.55379943673358
  },
  "row_30new": {
    "n": 30,
    "mrr": 0.8833333333333333,
    "ndcg@5": 0.8544718519825427,
    "ndcg@10": 0.879151741092899,
    "context_precision": 0.5049531323334343,
    "context_recall": 0.5501126610990797
  }
}