{
  "semantic_similarity": {
    "W": 494.0,
    "p": 0.16888071753563239,
    "ds_mean": 0.8340998328267597,
    "ce_mean": 0.8095933623099699,
    "n_nonzero": 50
  },
  "entity_recall": {
    "W": 67.0,
    "p": 0.9585456295169136,
    "ds_mean": 0.3813095238095238,
    "ce_mean": 0.3821349206349206,
    "n_nonzero": 16
  },
  "faithfulness": {
    "W": 226.0,
    "p": 3.288899332076767e-05,
    "ds_mean": 0.4640320797732796,
    "ce_mean": 0.628050462495059,
    "n_nonzero": 50
  },
  "answer_relevancy": {
    "W": 556.0,
    "p": 0.4375680954084249,
    "ds_mean": 0.8582272725736402,
    "ce_mean": 0.9550956816133112,
    "n_nonzero": 50
  }
}